Godot Engine v4.7.2.stable.official.ed1daf0bf - https://godotengine.org

[   0% ] [90m[1mfirst_scan_filesystem[22m | Started Project initialization (5 steps)[39m[0m
[   0% ] [90m[1mfirst_scan_filesystem[22m | Scanning file structure...[39m[0m
[  16% ] [90m[1mfirst_scan_filesystem[22m | Loading global class names...[39m[0m
[  33% ] [90m[1mfirst_scan_filesystem[22m | Verifying GDExtensions...[39m[0m
[  50% ] [90m[1mfirst_scan_filesystem[22m | Creating autoload scripts...[39m[0m
[  66% ] [90m[1mfirst_scan_filesystem[22m | Initializing plugins...[39m[0m
[  83% ] [90m[1mfirst_scan_filesystem[22m | Starting file scan...[39m[0m
[92m[ DONE ][39m [1mfirst_scan_filesystem[22m
[0m
[   0% ] [90m[1mupdate_scripts_classes[22m | Started Registering global classes... (282 steps)[39m[0m
[   0% ] [90m[1mupdate_scripts_classes[22m | [39m[0m
[   0% ] [90m[1mupdate_scripts_classes[22m | [39m[0m
[   0% ] [90m[1mupdate_scripts_classes[22m | [39m[0m
[   1% ] [90m[1mupdate_scripts_classes[22m | [39m[0m
[   1% ] [90m[1mupdate_scripts_classes[22m | [39m[0m
[   1% ] [90m[1mupdate_scripts_classes[22m | [39m[0m
[   2% ] [90m[1mupdate_scripts_classes[22m | [39m[0m
[   2% ] [90m[1mupdate_scripts_classes[22m | [39m[0m
[   2% ] [90m[1mupdate_scripts_classes[22m | [39m[0m
[   3% ] [90m[1mupdate_scripts_classes[22m | [39m[0m
[   3% ] [90m[1mupdate_scripts_classes[22m | [39m[0m
[   3% ] [90m[1mupdate_scripts_classes[22m | [39m[0m
[   4% ] [90m[1mupdate_scripts_classes[22m | [39m[0m
[   4% ] [90m[1mupdate_scripts_classes[22m | [39m[0m
[   4% ] [90m[1mupdate_scripts_classes[22m | [39m[0m
[   5% ] [90m[1mupdate_scripts_classes[22m | [39m[0m
[   5% ] [90m[1mupdate_scripts_classes[22m | [39m[0m
[   6% ] [90m[1mupdate_scripts_classes[22m | [39m[0m
[   6% ] [90m[1mupdate_scripts_classes[22m | [39m[0m
[   6% ] [90m[1mupdate_scripts_classes[22m | [39m[0m
[   7% ] [90m[1mupdate_scripts_classes[22m | [39m[0m
[   7% ] [90m[1mupdate_scripts_classes[22m | [39m[0m
[   7% ] [90m[1mupdate_scripts_classes[22m | [39m[0m
[   8% ] [90m[1mupdate_scripts_classes[22m | [39m[0m
[   8% ] [90m[1mupdate_scripts_classes[22m | [39m[0m
[   8% ] [90m[1mupdate_scripts_classes[22m | [39m[0m
[   9% ] [90m[1mupdate_scripts_classes[22m | [39m[0m
[   9% ] [90m[1mupdate_scripts_classes[22m | [39m[0m
[   9% ] [90m[1mupdate_scripts_classes[22m | [39m[0m
[  10% ] [90m[1mupdate_scripts_classes[22m | [39m[0m
[  10% ] [90m[1mupdate_scripts_classes[22m | [39m[0m
[  10% ] [90m[1mupdate_scripts_classes[22m | [39m[0m
[  11% ] [90m[1mupdate_scripts_classes[22m | [39m[0m
[  11% ] [90m[1mupdate_scripts_classes[22m | [39m[0m
[  12% ] [90m[1mupdate_scripts_classes[22m | [39m[0m
[  12% ] [90m[1mupdate_scripts_classes[22m | [39m[0m
[  12% ] [90m[1mupdate_scripts_classes[22m | [39m[0m
[  13% ] [90m[1mupdate_scripts_classes[22m | [39m[0m
[  13% ] [90m[1mupdate_scripts_classes[22m | [39m[0m
[  13% ] [90m[1mupdate_scripts_classes[22m | GutErrorTracker[39m[0m
[  14% ] [90m[1mupdate_scripts_classes[22m | [39m[0m
[  14% ] [90m[1mupdate_scripts_classes[22m | [39m[0m
[  14% ] [90m[1mupdate_scripts_classes[22m | GutMain[39m[0m
[  15% ] [90m[1mupdate_scripts_classes[22m | [39m[0m
[  15% ] [90m[1mupdate_scripts_classes[22m | [39m[0m
[  15% ] [90m[1mupdate_scripts_classes[22m | [39m[0m
[  16% ] [90m[1mupdate_scripts_classes[22m | [39m[0m
[  16% ] [90m[1mupdate_scripts_classes[22m | [39m[0m
[  16% ] [90m[1mupdate_scripts_classes[22m | [39m[0m
[  17% ] [90m[1mupdate_scripts_classes[22m | [39m[0m
[  17% ] [90m[1mupdate_scripts_classes[22m | [39m[0m
[  18% ] [90m[1mupdate_scripts_classes[22m | GutTrackedError[39m[0m
[  18% ] [90m[1mupdate_scripts_classes[22m | [39m[0m
[  18% ] [90m[1mupdate_scripts_classes[22m | GutHookScript[39m[0m
[  19% ] [90m[1mupdate_scripts_classes[22m | [39m[0m
[  19% ] [90m[1mupdate_scripts_classes[22m | GutInputFactory[39m[0m
[  19% ] [90m[1mupdate_scripts_classes[22m | GutInputSender[39m[0m
[  20% ] [90m[1mupdate_scripts_classes[22m | [39m[0m
[  20% ] [90m[1mupdate_scripts_classes[22m | [39m[0m
[  20% ] [90m[1mupdate_scripts_classes[22m | [39m[0m
[  21% ] [90m[1mupdate_scripts_classes[22m | [39m[0m
[  21% ] [90m[1mupdate_scripts_classes[22m | [39m[0m
[  21% ] [90m[1mupdate_scripts_classes[22m | [39m[0m
[  22% ] [90m[1mupdate_scripts_classes[22m | [39m[0m
[  22% ] [90m[1mupdate_scripts_classes[22m | [39m[0m
[  22% ] [90m[1mupdate_scripts_classes[22m | [39m[0m
[  23% ] [90m[1mupdate_scripts_classes[22m | [39m[0m
[  23% ] [90m[1mupdate_scripts_classes[22m | [39m[0m
[  24% ] [90m[1mupdate_scripts_classes[22m | [39m[0m
[  24% ] [90m[1mupdate_scripts_classes[22m | [39m[0m
[  24% ] [90m[1mupdate_scripts_classes[22m | [39m[0m
[  25% ] [90m[1mupdate_scripts_classes[22m | GutStringUtils[39m[0m
[  25% ] [90m[1mupdate_scripts_classes[22m | [39m[0m
[  25% ] [90m[1mupdate_scripts_classes[22m | [39m[0m
[  26% ] [90m[1mupdate_scripts_classes[22m | [39m[0m
[  26% ] [90m[1mupdate_scripts_classes[22m | [39m[0m
[  26% ] [90m[1mupdate_scripts_classes[22m | GutTest[39m[0m
[  27% ] [90m[1mupdate_scripts_classes[22m | [39m[0m
[  27% ] [90m[1mupdate_scripts_classes[22m | [39m[0m
[  27% ] [90m[1mupdate_scripts_classes[22m | [39m[0m
[  28% ] [90m[1mupdate_scripts_classes[22m | [39m[0m
[  28% ] [90m[1mupdate_scripts_classes[22m | GutUtils[39m[0m
[  28% ] [90m[1mupdate_scripts_classes[22m | [39m[0m
[  29% ] [90m[1mupdate_scripts_classes[22m | [39m[0m
[  29% ] [90m[1mupdate_scripts_classes[22m | [39m[0m
[  30% ] [90m[1mupdate_scripts_classes[22m | BattleAction[39m[0m
[  30% ] [90m[1mupdate_scripts_classes[22m | BattleCatalog[39m[0m
[  30% ] [90m[1mupdate_scripts_classes[22m | BattleMath[39m[0m
[  31% ] [90m[1mupdate_scripts_classes[22m | BattleState[39m[0m
[  31% ] [90m[1mupdate_scripts_classes[22m | Combatant[39m[0m
[  31% ] [90m[1mupdate_scripts_classes[22m | EncounterEffects[39m[0m
[  32% ] [90m[1mupdate_scripts_classes[22m | Loadout[39m[0m
[  32% ] [90m[1mupdate_scripts_classes[22m | BuildIdentity[39m[0m
[  32% ] [90m[1mupdate_scripts_classes[22m | CharacterVisuals[39m[0m
[  33% ] [90m[1mupdate_scripts_classes[22m | DurationTarget[39m[0m
[  33% ] [90m[1mupdate_scripts_classes[22m | GameSession[39m[0m
[  33% ] [90m[1mupdate_scripts_classes[22m | IntegratedProgression[39m[0m
[  34% ] [90m[1mupdate_scripts_classes[22m | JobMastery[39m[0m
[  34% ] [90m[1mupdate_scripts_classes[22m | PlaythroughArchive[39m[0m
[  34% ] [90m[1mupdate_scripts_classes[22m | PlaySessionMetrics[39m[0m
[  35% ] [90m[1mupdate_scripts_classes[22m | RuntimeDiagnostics[39m[0m
[  35% ] [90m[1mupdate_scripts_classes[22m | SavedDocument[39m[0m
[  36% ] [90m[1mupdate_scripts_classes[22m | SavedValueTypes[39m[0m
[  36% ] [90m[1mupdate_scripts_classes[22m | [39m[0m
[  36% ] [90m[1mupdate_scripts_classes[22m | ErosionStageMark[39m[0m
[  37% ] [90m[1mupdate_scripts_classes[22m | FirstRegionAtlas[39m[0m
[  37% ] [90m[1mupdate_scripts_classes[22m | FirstRegionScreen[39m[0m
[  37% ] [90m[1mupdate_scripts_classes[22m | [39m[0m
[  38% ] [90m[1mupdate_scripts_classes[22m | RpgAudio[39m[0m
[  38% ] [90m[1mupdate_scripts_classes[22m | RpgBattleView[39m[0m
[  38% ] [90m[1mupdate_scripts_classes[22m | RpgFonts[39m[0m
[  39% ] [90m[1mupdate_scripts_classes[22m | RpgMenuColors[39m[0m
[  39% ] [90m[1mupdate_scripts_classes[22m | CampaignContent[39m[0m
[  39% ] [90m[1mupdate_scripts_classes[22m | ChapterOne[39m[0m
[  40% ] [90m[1mupdate_scripts_classes[22m | ExpeditionView[39m[0m
[  40% ] [90m[1mupdate_scripts_classes[22m | ExplorationSites[39m[0m
[  40% ] [90m[1mupdate_scripts_classes[22m | FirstRegion[39m[0m
[  41% ] [90m[1mupdate_scripts_classes[22m | FirstRegionPresentation[39m[0m
[  41% ] [90m[1mupdate_scripts_classes[22m | FirstRegionStory[39m[0m
[  42% ] [90m[1mupdate_scripts_classes[22m | FirstRegionTravel[39m[0m
[  42% ] [90m[1mupdate_scripts_classes[22m | FirstRegionView[39m[0m
[  42% ] [90m[1mupdate_scripts_classes[22m | IntegratedCampaign[39m[0m
[  43% ] [90m[1mupdate_scripts_classes[22m | LongCampaign[39m[0m
[  43% ] [90m[1mupdate_scripts_classes[22m | Region2Port[39m[0m
[  43% ] [90m[1mupdate_scripts_classes[22m | Region2Village[39m[0m
[  44% ] [90m[1mupdate_scripts_classes[22m | SecondRegionCoast[39m[0m
[  44% ] [90m[1mupdate_scripts_classes[22m | StoryCampaign[39m[0m
[  44% ] [90m[1mupdate_scripts_classes[22m | WorldExpedition[39m[0m
[  45% ] [90m[1mupdate_scripts_classes[22m | WorldMovement[39m[0m
[  45% ] [90m[1mupdate_scripts_classes[22m | WorldShoreline[39m[0m
[  45% ] [90m[1mupdate_scripts_classes[22m | WorldTerrain[39m[0m
[  46% ] [90m[1mupdate_scripts_classes[22m | WorldView[39m[0m
[  46% ] [90m[1mupdate_scripts_classes[22m | [39m[0m
[  46% ] [90m[1mupdate_scripts_classes[22m | [39m[0m
[  47% ] [90m[1mupdate_scripts_classes[22m | [39m[0m
[  47% ] [90m[1mupdate_scripts_classes[22m | [39m[0m
[  48% ] [90m[1mupdate_scripts_classes[22m | [39m[0m
[  48% ] [90m[1mupdate_scripts_classes[22m | [39m[0m
[  48% ] [90m[1mupdate_scripts_classes[22m | [39m[0m
[  49% ] [90m[1mupdate_scripts_classes[22m | [39m[0m
[  49% ] [90m[1mupdate_scripts_classes[22m | [39m[0m
[  49% ] [90m[1mupdate_scripts_classes[22m | [39m[0m
[  50% ] [90m[1mupdate_scripts_classes[22m | [39m[0m
[  50% ] [90m[1mupdate_scripts_classes[22m | [39m[0m
[  50% ] [90m[1mupdate_scripts_classes[22m | [39m[0m
[  51% ] [90m[1mupdate_scripts_classes[22m | [39m[0m
[  51% ] [90m[1mupdate_scripts_classes[22m | [39m[0m
[  51% ] [90m[1mupdate_scripts_classes[22m | [39m[0m
[  52% ] [90m[1mupdate_scripts_classes[22m | [39m[0m
[  52% ] [90m[1mupdate_scripts_classes[22m | [39m[0m
[  53% ] [90m[1mupdate_scripts_classes[22m | [39m[0m
[  53% ] [90m[1mupdate_scripts_classes[22m | [39m[0m
[  53% ] [90m[1mupdate_scripts_classes[22m | [39m[0m
[  54% ] [90m[1mupdate_scripts_classes[22m | [39m[0m
[  54% ] [90m[1mupdate_scripts_classes[22m | [39m[0m
[  54% ] [90m[1mupdate_scripts_classes[22m | [39m[0m
[  55% ] [90m[1mupdate_scripts_classes[22m | [39m[0m
[  55% ] [90m[1mupdate_scripts_classes[22m | [39m[0m
[  55% ] [90m[1mupdate_scripts_classes[22m | [39m[0m
[  56% ] [90m[1mupdate_scripts_classes[22m | [39m[0m
[  56% ] [90m[1mupdate_scripts_classes[22m | [39m[0m
[  56% ] [90m[1mupdate_scripts_classes[22m | [39m[0m
[  57% ] [90m[1mupdate_scripts_classes[22m | [39m[0m
[  57% ] [90m[1mupdate_scripts_classes[22m | [39m[0m
[  57% ] [90m[1mupdate_scripts_classes[22m | [39m[0m
[  58% ] [90m[1mupdate_scripts_classes[22m | [39m[0m
[  58% ] [90m[1mupdate_scripts_classes[22m | [39m[0m
[  59% ] [90m[1mupdate_scripts_classes[22m | [39m[0m
[  59% ] [90m[1mupdate_scripts_classes[22m | [39m[0m
[  59% ] [90m[1mupdate_scripts_classes[22m | [39m[0m
[  60% ] [90m[1mupdate_scripts_classes[22m | [39m[0m
[  60% ] [90m[1mupdate_scripts_classes[22m | [39m[0m
[  60% ] [90m[1mupdate_scripts_classes[22m | [39m[0m
[  61% ] [90m[1mupdate_scripts_classes[22m | [39m[0m
[  61% ] [90m[1mupdate_scripts_classes[22m | [39m[0m
[  61% ] [90m[1mupdate_scripts_classes[22m | [39m[0m
[  62% ] [90m[1mupdate_scripts_classes[22m | [39m[0m
[  62% ] [90m[1mupdate_scripts_classes[22m | [39m[0m
[  62% ] [90m[1mupdate_scripts_classes[22m | [39m[0m
[  63% ] [90m[1mupdate_scripts_classes[22m | [39m[0m
[  63% ] [90m[1mupdate_scripts_classes[22m | [39m[0m
[  63% ] [90m[1mupdate_scripts_classes[22m | [39m[0m
[  64% ] [90m[1mupdate_scripts_classes[22m | [39m[0m
[  64% ] [90m[1mupdate_scripts_classes[22m | [39m[0m
[  65% ] [90m[1mupdate_scripts_classes[22m | [39m[0m
[  65% ] [90m[1mupdate_scripts_classes[22m | [39m[0m
[  65% ] [90m[1mupdate_scripts_classes[22m | [39m[0m
[  66% ] [90m[1mupdate_scripts_classes[22m | [39m[0m
[  66% ] [90m[1mupdate_scripts_classes[22m | [39m[0m
[  66% ] [90m[1mupdate_scripts_classes[22m | [39m[0m
[  67% ] [90m[1mupdate_scripts_classes[22m | [39m[0m
[  67% ] [90m[1mupdate_scripts_classes[22m | [39m[0m
[  67% ] [90m[1mupdate_scripts_classes[22m | [39m[0m
[  68% ] [90m[1mupdate_scripts_classes[22m | [39m[0m
[  68% ] [90m[1mupdate_scripts_classes[22m | [39m[0m
[  68% ] [90m[1mupdate_scripts_classes[22m | [39m[0m
[  69% ] [90m[1mupdate_scripts_classes[22m | [39m[0m
[  69% ] [90m[1mupdate_scripts_classes[22m | [39m[0m
[  69% ] [90m[1mupdate_scripts_classes[22m | [39m[0m
[  70% ] [90m[1mupdate_scripts_classes[22m | [39m[0m
[  70% ] [90m[1mupdate_scripts_classes[22m | [39m[0m
[  71% ] [90m[1mupdate_scripts_classes[22m | [39m[0m
[  71% ] [90m[1mupdate_scripts_classes[22m | [39m[0m
[  71% ] [90m[1mupdate_scripts_classes[22m | [39m[0m
[  72% ] [90m[1mupdate_scripts_classes[22m | [39m[0m
[  72% ] [90m[1mupdate_scripts_classes[22m | [39m[0m
[  72% ] [90m[1mupdate_scripts_classes[22m | [39m[0m
[  73% ] [90m[1mupdate_scripts_classes[22m | [39m[0m
[  73% ] [90m[1mupdate_scripts_classes[22m | [39m[0m
[  73% ] [90m[1mupdate_scripts_classes[22m | [39m[0m
[  74% ] [90m[1mupdate_scripts_classes[22m | [39m[0m
[  74% ] [90m[1mupdate_scripts_classes[22m | [39m[0m
[  74% ] [90m[1mupdate_scripts_classes[22m | [39m[0m
[  75% ] [90m[1mupdate_scripts_classes[22m | [39m[0m
[  75% ] [90m[1mupdate_scripts_classes[22m | [39m[0m
[  75% ] [90m[1mupdate_scripts_classes[22m | [39m[0m
[  76% ] [90m[1mupdate_scripts_classes[22m | [39m[0m
[  76% ] [90m[1mupdate_scripts_classes[22m | [39m[0m
[  77% ] [90m[1mupdate_scripts_classes[22m | [39m[0m
[  77% ] [90m[1mupdate_scripts_classes[22m | [39m[0m
[  77% ] [90m[1mupdate_scripts_classes[22m | [39m[0m
[  78% ] [90m[1mupdate_scripts_classes[22m | [39m[0m
[  78% ] [90m[1mupdate_scripts_classes[22m | [39m[0m
[  78% ] [90m[1mupdate_scripts_classes[22m | [39m[0m
[  79% ] [90m[1mupdate_scripts_classes[22m | [39m[0m
[  79% ] [90m[1mupdate_scripts_classes[22m | [39m[0m
[  79% ] [90m[1mupdate_scripts_classes[22m | [39m[0m
[  80% ] [90m[1mupdate_scripts_classes[22m | [39m[0m
[  80% ] [90m[1mupdate_scripts_classes[22m | [39m[0m
[  80% ] [90m[1mupdate_scripts_classes[22m | [39m[0m
[  81% ] [90m[1mupdate_scripts_classes[22m | [39m[0m
[  81% ] [90m[1mupdate_scripts_classes[22m | [39m[0m
[  81% ] [90m[1mupdate_scripts_classes[22m | [39m[0m
[  82% ] [90m[1mupdate_scripts_classes[22m | [39m[0m
[  82% ] [90m[1mupdate_scripts_classes[22m | [39m[0m
[  83% ] [90m[1mupdate_scripts_classes[22m | [39m[0m
[  83% ] [90m[1mupdate_scripts_classes[22m | [39m[0m
[  83% ] [90m[1mupdate_scripts_classes[22m | [39m[0m
[  84% ] [90m[1mupdate_scripts_classes[22m | [39m[0m
[  84% ] [90m[1mupdate_scripts_classes[22m | [39m[0m
[  84% ] [90m[1mupdate_scripts_classes[22m | [39m[0m
[  85% ] [90m[1mupdate_scripts_classes[22m | [39m[0m
[  85% ] [90m[1mupdate_scripts_classes[22m | [39m[0m
[  85% ] [90m[1mupdate_scripts_classes[22m | [39m[0m
[  86% ] [90m[1mupdate_scripts_classes[22m | [39m[0m
[  86% ] [90m[1mupdate_scripts_classes[22m | [39m[0m
[  86% ] [90m[1mupdate_scripts_classes[22m | [39m[0m
[  87% ] [90m[1mupdate_scripts_classes[22m | [39m[0m
[  87% ] [90m[1mupdate_scripts_classes[22m | [39m[0m
[  87% ] [90m[1mupdate_scripts_classes[22m | [39m[0m
[  88% ] [90m[1mupdate_scripts_classes[22m | [39m[0m
[  88% ] [90m[1mupdate_scripts_classes[22m | [39m[0m
[  89% ] [90m[1mupdate_scripts_classes[22m | [39m[0m
[  89% ] [90m[1mupdate_scripts_classes[22m | [39m[0m
[  89% ] [90m[1mupdate_scripts_classes[22m | [39m[0m
[  90% ] [90m[1mupdate_scripts_classes[22m | [39m[0m
[  90% ] [90m[1mupdate_scripts_classes[22m | [39m[0m
[  90% ] [90m[1mupdate_scripts_classes[22m | [39m[0m
[  91% ] [90m[1mupdate_scripts_classes[22m | [39m[0m
[  91% ] [90m[1mupdate_scripts_classes[22m | [39m[0m
[  91% ] [90m[1mupdate_scripts_classes[22m | [39m[0m
[  92% ] [90m[1mupdate_scripts_classes[22m | [39m[0m
[  92% ] [90m[1mupdate_scripts_classes[22m | WorldMapGraphAudit[39m[0m
[  92% ] [90m[1mupdate_scripts_classes[22m | [39m[0m
[  93% ] [90m[1mupdate_scripts_classes[22m | [39m[0m
[  93% ] [90m[1mupdate_scripts_classes[22m | [39m[0m
[  93% ] [90m[1mupdate_scripts_classes[22m | [39m[0m
[  94% ] [90m[1mupdate_scripts_classes[22m | [39m[0m
[  94% ] [90m[1mupdate_scripts_classes[22m | [39m[0m
[  95% ] [90m[1mupdate_scripts_classes[22m | [39m[0m
[  95% ] [90m[1mupdate_scripts_classes[22m | [39m[0m
[  95% ] [90m[1mupdate_scripts_classes[22m | [39m[0m
[  96% ] [90m[1mupdate_scripts_classes[22m | [39m[0m
[  96% ] [90m[1mupdate_scripts_classes[22m | [39m[0m
[  96% ] [90m[1mupdate_scripts_classes[22m | [39m[0m
[  97% ] [90m[1mupdate_scripts_classes[22m | [39m[0m
[  97% ] [90m[1mupdate_scripts_classes[22m | [39m[0m
[  97% ] [90m[1mupdate_scripts_classes[22m | [39m[0m
[  98% ] [90m[1mupdate_scripts_classes[22m | [39m[0m
[  98% ] [90m[1mupdate_scripts_classes[22m | [39m[0m
[  98% ] [90m[1mupdate_scripts_classes[22m | [39m[0m
[  99% ] [90m[1mupdate_scripts_classes[22m | [39m[0m
[92m[ DONE ][39m [1mupdate_scripts_classes[22m
[0m
[   0% ] [90m[1m_update_scan_actions[22m | Started Scanning actions... (2991 steps)[39m[0m
[   0% ] [90m[1m_update_scan_actions[22m | AnonymousPro-Bold.ttf[39m[0m
[   0% ] [90m[1m_update_scan_actions[22m | AnonymousPro-BoldItalic.ttf[39m[0m
[   0% ] [90m[1m_update_scan_actions[22m | AnonymousPro-Italic.ttf[39m[0m
[   0% ] [90m[1m_update_scan_actions[22m | AnonymousPro-Regular.ttf[39m[0m
[   0% ] [90m[1m_update_scan_actions[22m | CourierPrime-Bold.ttf[39m[0m
[   0% ] [90m[1m_update_scan_actions[22m | CourierPrime-BoldItalic.ttf[39m[0m
[   0% ] [90m[1m_update_scan_actions[22m | CourierPrime-Italic.ttf[39m[0m
[   0% ] [90m[1m_update_scan_actions[22m | CourierPrime-Regular.ttf[39m[0m
[   0% ] [90m[1m_update_scan_actions[22m | LobsterTwo-Bold.ttf[39m[0m
[   0% ] [90m[1m_update_scan_actions[22m | LobsterTwo-BoldItalic.ttf[39m[0m
[   0% ] [90m[1m_update_scan_actions[22m | LobsterTwo-Italic.ttf[39m[0m
[   0% ] [90m[1m_update_scan_actions[22m | LobsterTwo-Regular.ttf[39m[0m
[   0% ] [90m[1m_update_scan_actions[22m | arrow.png[39m[0m
[   0% ] [90m[1m_update_scan_actions[22m | play.png[39m[0m
[   0% ] [90m[1m_update_scan_actions[22m | eyey.png[39m[0m
[   0% ] [90m[1m_update_scan_actions[22m | Folder.svg[39m[0m
[   0% ] [90m[1m_update_scan_actions[22m | green.png[39m[0m
[   0% ] [90m[1m_update_scan_actions[22m | GutIconV2_base.png[39m[0m
[   0% ] [90m[1m_update_scan_actions[22m | GutIconV2_no_shine.png[39m[0m
[   0% ] [90m[1m_update_scan_actions[22m | HSplitContainer.svg[39m[0m
[   0% ] [90m[1m_update_scan_actions[22m | red.png[39m[0m
[   0% ] [90m[1m_update_scan_actions[22m | Script.svg[39m[0m
[   0% ] [90m[1m_update_scan_actions[22m | VSplitContainer.svg[39m[0m
[   0% ] [90m[1m_update_scan_actions[22m | yellow.png[39m[0m
[   0% ] [90m[1m_update_scan_actions[22m | icon.png[39m[0m
[   0% ] [90m[1m_update_scan_actions[22m | source_code_pro.fnt[39m[0m
[   0% ] [90m[1m_update_scan_actions[22m | battle.ogg[39m[0m
[   0% ] [90m[1m_update_scan_actions[22m | boss.ogg[39m[0m
[   0% ] [90m[1m_update_scan_actions[22m | cave.ogg[39m[0m
[   0% ] [90m[1m_update_scan_actions[22m | victory.ogg[39m[0m
[   1% ] [90m[1m_update_scan_actions[22m | village.ogg[39m[0m
[   1% ] [90m[1m_update_scan_actions[22m | world.ogg[39m[0m
[   1% ] [90m[1m_update_scan_actions[22m | attack.wav[39m[0m
[   1% ] [90m[1m_update_scan_actions[22m | cancel.wav[39m[0m
[   1% ] [90m[1m_update_scan_actions[22m | chest.wav[39m[0m
[   1% ] [90m[1m_update_scan_actions[22m | confirm.wav[39m[0m
[   1% ] [90m[1m_update_scan_actions[22m | damage.wav[39m[0m
[   1% ] [90m[1m_update_scan_actions[22m | door.wav[39m[0m
[   1% ] [90m[1m_update_scan_actions[22m | gado_repair.wav[39m[0m
[   1% ] [90m[1m_update_scan_actions[22m | heal.wav[39m[0m
[   1% ] [90m[1m_update_scan_actions[22m | stairs.wav[39m[0m
[   1% ] [90m[1m_update_scan_actions[22m | castle.png[39m[0m
[   1% ] [90m[1m_update_scan_actions[22m | cave.png[39m[0m
[   1% ] [90m[1m_update_scan_actions[22m | desert.png[39m[0m
[   1% ] [90m[1m_update_scan_actions[22m | final_land.png[39m[0m
[   1% ] [90m[1m_update_scan_actions[22m | forest.png[39m[0m
[   1% ] [90m[1m_update_scan_actions[22m | plains.png[39m[0m
[   1% ] [90m[1m_update_scan_actions[22m | ruins.png[39m[0m
[   1% ] [90m[1m_update_scan_actions[22m | sea.png[39m[0m
[   1% ] [90m[1m_update_scan_actions[22m | sky.png[39m[0m
[   1% ] [90m[1m_update_scan_actions[22m | snowfield.png[39m[0m
[   1% ] [90m[1m_update_scan_actions[22m | temple.png[39m[0m
[   1% ] [90m[1m_update_scan_actions[22m | tower.png[39m[0m
[   1% ] [90m[1m_update_scan_actions[22m | underworld.png[39m[0m
[   1% ] [90m[1m_update_scan_actions[22m | volcano.png[39m[0m
[   1% ] [90m[1m_update_scan_actions[22m | human_standing_front.png[39m[0m
[   1% ] [90m[1m_update_scan_actions[22m | shell_standing_front.png[39m[0m
[   1% ] [90m[1m_update_scan_actions[22m | event_standing.png[39m[0m
[   1% ] [90m[1m_update_scan_actions[22m | event_standing.png[39m[0m
[   1% ] [90m[1m_update_scan_actions[22m | event_standing.png[39m[0m
[   2% ] [90m[1m_update_scan_actions[22m | event_standing.png[39m[0m
[   2% ] [90m[1m_update_scan_actions[22m | event_standing.png[39m[0m
[   2% ] [90m[1m_update_scan_actions[22m | event_standing.png[39m[0m
[   2% ] [90m[1m_update_scan_actions[22m | event_standing.png[39m[0m
[   2% ] [90m[1m_update_scan_actions[22m | event_standing.png[39m[0m
[   2% ] [90m[1m_update_scan_actions[22m | event_standing.png[39m[0m
[   2% ] [90m[1m_update_scan_actions[22m | event_standing.png[39m[0m
[   2% ] [90m[1m_update_scan_actions[22m | event_standing.png[39m[0m
[   2% ] [90m[1m_update_scan_actions[22m | event_standing.png[39m[0m
[   2% ] [90m[1m_update_scan_actions[22m | event_standing.png[39m[0m
[   2% ] [90m[1m_update_scan_actions[22m | event_standing.png[39m[0m
[   2% ] [90m[1m_update_scan_actions[22m | event_standing.png[39m[0m
[   2% ] [90m[1m_update_scan_actions[22m | event_standing.png[39m[0m
[   2% ] [90m[1m_update_scan_actions[22m | event_standing.png[39m[0m
[   2% ] [90m[1m_update_scan_actions[22m | event_standing.png[39m[0m
[   2% ] [90m[1m_update_scan_actions[22m | event_standing.png[39m[0m
[   2% ] [90m[1m_update_scan_actions[22m | event_standing.png[39m[0m
[   2% ] [90m[1m_update_scan_actions[22m | event_standing.png[39m[0m
[   2% ] [90m[1m_update_scan_actions[22m | event_standing.png[39m[0m
[   2% ] [90m[1m_update_scan_actions[22m | event_standing.png[39m[0m
[   2% ] [90m[1m_update_scan_actions[22m | event_standing.png[39m[0m
[   2% ] [90m[1m_update_scan_actions[22m | event_standing.png[39m[0m
[   2% ] [90m[1m_update_scan_actions[22m | event_standing.png[39m[0m
[   2% ] [90m[1m_update_scan_actions[22m | event_standing.png[39m[0m
[   2% ] [90m[1m_update_scan_actions[22m | event_standing.png[39m[0m
[   2% ] [90m[1m_update_scan_actions[22m | event_standing.png[39m[0m
[   2% ] [90m[1m_update_scan_actions[22m | event_standing.png[39m[0m
[   2% ] [90m[1m_update_scan_actions[22m | walk.png[39m[0m
[   2% ] [90m[1m_update_scan_actions[22m | walk.png[39m[0m
[   2% ] [90m[1m_update_scan_actions[22m | walk.png[39m[0m
[   3% ] [90m[1m_update_scan_actions[22m | walk.png[39m[0m
[   3% ] [90m[1m_update_scan_actions[22m | walk.png[39m[0m
[   3% ] [90m[1m_update_scan_actions[22m | walk.png[39m[0m
[   3% ] [90m[1m_update_scan_actions[22m | walk.png[39m[0m
[   3% ] [90m[1m_update_scan_actions[22m | walk.png[39m[0m
[   3% ] [90m[1m_update_scan_actions[22m | walk.png[39m[0m
[   3% ] [90m[1m_update_scan_actions[22m | walk.png[39m[0m
[   3% ] [90m[1m_update_scan_actions[22m | walk.png[39m[0m
[   3% ] [90m[1m_update_scan_actions[22m | walk.png[39m[0m
[   3% ] [90m[1m_update_scan_actions[22m | walk.png[39m[0m
[   3% ] [90m[1m_update_scan_actions[22m | walk.png[39m[0m
[   3% ] [90m[1m_update_scan_actions[22m | walk.png[39m[0m
[   3% ] [90m[1m_update_scan_actions[22m | walk.png[39m[0m
[   3% ] [90m[1m_update_scan_actions[22m | walk.png[39m[0m
[   3% ] [90m[1m_update_scan_actions[22m | walk.png[39m[0m
[   3% ] [90m[1m_update_scan_actions[22m | walk.png[39m[0m
[   3% ] [90m[1m_update_scan_actions[22m | walk.png[39m[0m
[   3% ] [90m[1m_update_scan_actions[22m | walk.png[39m[0m
[   3% ] [90m[1m_update_scan_actions[22m | walk.png[39m[0m
[   3% ] [90m[1m_update_scan_actions[22m | walk.png[39m[0m
[   3% ] [90m[1m_update_scan_actions[22m | walk.png[39m[0m
[   3% ] [90m[1m_update_scan_actions[22m | walk.png[39m[0m
[   3% ] [90m[1m_update_scan_actions[22m | walk.png[39m[0m
[   3% ] [90m[1m_update_scan_actions[22m | walk.png[39m[0m
[   3% ] [90m[1m_update_scan_actions[22m | walk.png[39m[0m
[   3% ] [90m[1m_update_scan_actions[22m | walk.png[39m[0m
[   3% ] [90m[1m_update_scan_actions[22m | walk.png[39m[0m
[   3% ] [90m[1m_update_scan_actions[22m | event_bow_01.png[39m[0m
[   3% ] [90m[1m_update_scan_actions[22m | event_bow_02.png[39m[0m
[   3% ] [90m[1m_update_scan_actions[22m | event_bow_03.png[39m[0m
[   4% ] [90m[1m_update_scan_actions[22m | event_bow_04.png[39m[0m
[   4% ] [90m[1m_update_scan_actions[22m | event_dagger_01.png[39m[0m
[   4% ] [90m[1m_update_scan_actions[22m | event_dagger_02.png[39m[0m
[   4% ] [90m[1m_update_scan_actions[22m | event_dagger_03.png[39m[0m
[   4% ] [90m[1m_update_scan_actions[22m | event_dagger_04.png[39m[0m
[   4% ] [90m[1m_update_scan_actions[22m | event_hurt_01.png[39m[0m
[   4% ] [90m[1m_update_scan_actions[22m | event_hurt_02.png[39m[0m
[   4% ] [90m[1m_update_scan_actions[22m | event_hurt_03.png[39m[0m
[   4% ] [90m[1m_update_scan_actions[22m | event_hurt_04.png[39m[0m
[   4% ] [90m[1m_update_scan_actions[22m | event_magic_01.png[39m[0m
[   4% ] [90m[1m_update_scan_actions[22m | event_magic_02.png[39m[0m
[   4% ] [90m[1m_update_scan_actions[22m | event_magic_03.png[39m[0m
[   4% ] [90m[1m_update_scan_actions[22m | event_magic_04.png[39m[0m
[   4% ] [90m[1m_update_scan_actions[22m | event_standing.png[39m[0m
[   4% ] [90m[1m_update_scan_actions[22m | event_sword_01.png[39m[0m
[   4% ] [90m[1m_update_scan_actions[22m | event_sword_02.png[39m[0m
[   4% ] [90m[1m_update_scan_actions[22m | event_sword_03.png[39m[0m
[   4% ] [90m[1m_update_scan_actions[22m | event_sword_04.png[39m[0m
[   4% ] [90m[1m_update_scan_actions[22m | event_victory_01.png[39m[0m
[   4% ] [90m[1m_update_scan_actions[22m | event_victory_02.png[39m[0m
[   4% ] [90m[1m_update_scan_actions[22m | event_victory_03.png[39m[0m
[   4% ] [90m[1m_update_scan_actions[22m | event_victory_04.png[39m[0m
[   4% ] [90m[1m_update_scan_actions[22m | walk.png[39m[0m
[   4% ] [90m[1m_update_scan_actions[22m | event_bow_01.png[39m[0m
[   4% ] [90m[1m_update_scan_actions[22m | event_bow_02.png[39m[0m
[   4% ] [90m[1m_update_scan_actions[22m | event_bow_03.png[39m[0m
[   4% ] [90m[1m_update_scan_actions[22m | event_bow_04.png[39m[0m
[   4% ] [90m[1m_update_scan_actions[22m | event_dagger_01.png[39m[0m
[   4% ] [90m[1m_update_scan_actions[22m | event_dagger_02.png[39m[0m
[   4% ] [90m[1m_update_scan_actions[22m | event_dagger_03.png[39m[0m
[   5% ] [90m[1m_update_scan_actions[22m | event_dagger_04.png[39m[0m
[   5% ] [90m[1m_update_scan_actions[22m | event_hurt_01.png[39m[0m
[   5% ] [90m[1m_update_scan_actions[22m | event_hurt_02.png[39m[0m
[   5% ] [90m[1m_update_scan_actions[22m | event_hurt_03.png[39m[0m
[   5% ] [90m[1m_update_scan_actions[22m | event_hurt_04.png[39m[0m
[   5% ] [90m[1m_update_scan_actions[22m | event_magic_01.png[39m[0m
[   5% ] [90m[1m_update_scan_actions[22m | event_magic_02.png[39m[0m
[   5% ] [90m[1m_update_scan_actions[22m | event_magic_03.png[39m[0m
[   5% ] [90m[1m_update_scan_actions[22m | event_magic_04.png[39m[0m
[   5% ] [90m[1m_update_scan_actions[22m | event_standing.png[39m[0m
[   5% ] [90m[1m_update_scan_actions[22m | event_sword_01.png[39m[0m
[   5% ] [90m[1m_update_scan_actions[22m | event_sword_02.png[39m[0m
[   5% ] [90m[1m_update_scan_actions[22m | event_sword_03.png[39m[0m
[   5% ] [90m[1m_update_scan_actions[22m | event_sword_04.png[39m[0m
[   5% ] [90m[1m_update_scan_actions[22m | event_victory_01.png[39m[0m
[   5% ] [90m[1m_update_scan_actions[22m | event_victory_02.png[39m[0m
[   5% ] [90m[1m_update_scan_actions[22m | event_victory_03.png[39m[0m
[   5% ] [90m[1m_update_scan_actions[22m | event_victory_04.png[39m[0m
[   5% ] [90m[1m_update_scan_actions[22m | walk.png[39m[0m
[   5% ] [90m[1m_update_scan_actions[22m | event_bow_01.png[39m[0m
[   5% ] [90m[1m_update_scan_actions[22m | event_bow_02.png[39m[0m
[   5% ] [90m[1m_update_scan_actions[22m | event_bow_03.png[39m[0m
[   5% ] [90m[1m_update_scan_actions[22m | event_bow_04.png[39m[0m
[   5% ] [90m[1m_update_scan_actions[22m | event_dagger_01.png[39m[0m
[   5% ] [90m[1m_update_scan_actions[22m | event_dagger_02.png[39m[0m
[   5% ] [90m[1m_update_scan_actions[22m | event_dagger_03.png[39m[0m
[   5% ] [90m[1m_update_scan_actions[22m | event_dagger_04.png[39m[0m
[   5% ] [90m[1m_update_scan_actions[22m | event_hurt_01.png[39m[0m
[   5% ] [90m[1m_update_scan_actions[22m | event_hurt_02.png[39m[0m
[   5% ] [90m[1m_update_scan_actions[22m | event_hurt_03.png[39m[0m
[   6% ] [90m[1m_update_scan_actions[22m | event_hurt_04.png[39m[0m
[   6% ] [90m[1m_update_scan_actions[22m | event_magic_01.png[39m[0m
[   6% ] [90m[1m_update_scan_actions[22m | event_magic_02.png[39m[0m
[   6% ] [90m[1m_update_scan_actions[22m | event_magic_03.png[39m[0m
[   6% ] [90m[1m_update_scan_actions[22m | event_magic_04.png[39m[0m
[   6% ] [90m[1m_update_scan_actions[22m | event_standing.png[39m[0m
[   6% ] [90m[1m_update_scan_actions[22m | event_sword_01.png[39m[0m
[   6% ] [90m[1m_update_scan_actions[22m | event_sword_02.png[39m[0m
[   6% ] [90m[1m_update_scan_actions[22m | event_sword_03.png[39m[0m
[   6% ] [90m[1m_update_scan_actions[22m | event_sword_04.png[39m[0m
[   6% ] [90m[1m_update_scan_actions[22m | event_victory_01.png[39m[0m
[   6% ] [90m[1m_update_scan_actions[22m | event_victory_02.png[39m[0m
[   6% ] [90m[1m_update_scan_actions[22m | event_victory_03.png[39m[0m
[   6% ] [90m[1m_update_scan_actions[22m | event_victory_04.png[39m[0m
[   6% ] [90m[1m_update_scan_actions[22m | walk.png[39m[0m
[   6% ] [90m[1m_update_scan_actions[22m | event_bow_01.png[39m[0m
[   6% ] [90m[1m_update_scan_actions[22m | event_bow_02.png[39m[0m
[   6% ] [90m[1m_update_scan_actions[22m | event_bow_03.png[39m[0m
[   6% ] [90m[1m_update_scan_actions[22m | event_bow_04.png[39m[0m
[   6% ] [90m[1m_update_scan_actions[22m | event_dagger_01.png[39m[0m
[   6% ] [90m[1m_update_scan_actions[22m | event_dagger_02.png[39m[0m
[   6% ] [90m[1m_update_scan_actions[22m | event_dagger_03.png[39m[0m
[   6% ] [90m[1m_update_scan_actions[22m | event_dagger_04.png[39m[0m
[   6% ] [90m[1m_update_scan_actions[22m | event_standing.png[39m[0m
[   6% ] [90m[1m_update_scan_actions[22m | event_sword_01.png[39m[0m
[   6% ] [90m[1m_update_scan_actions[22m | event_sword_02.png[39m[0m
[   6% ] [90m[1m_update_scan_actions[22m | event_sword_03.png[39m[0m
[   6% ] [90m[1m_update_scan_actions[22m | event_sword_04.png[39m[0m
[   6% ] [90m[1m_update_scan_actions[22m | walk.png[39m[0m
[   6% ] [90m[1m_update_scan_actions[22m | battle.png[39m[0m
[   7% ] [90m[1m_update_scan_actions[22m | walk.png[39m[0m
[   7% ] [90m[1m_update_scan_actions[22m | battle.png[39m[0m
[   7% ] [90m[1m_update_scan_actions[22m | walk.png[39m[0m
[   7% ] [90m[1m_update_scan_actions[22m | battle.png[39m[0m
[   7% ] [90m[1m_update_scan_actions[22m | walk.png[39m[0m
[   7% ] [90m[1m_update_scan_actions[22m | battle.png[39m[0m
[   7% ] [90m[1m_update_scan_actions[22m | walk.png[39m[0m
[   7% ] [90m[1m_update_scan_actions[22m | battle.png[39m[0m
[   7% ] [90m[1m_update_scan_actions[22m | walk.png[39m[0m
[   7% ] [90m[1m_update_scan_actions[22m | battle.png[39m[0m
[   7% ] [90m[1m_update_scan_actions[22m | walk.png[39m[0m
[   7% ] [90m[1m_update_scan_actions[22m | battle.png[39m[0m
[   7% ] [90m[1m_update_scan_actions[22m | walk.png[39m[0m
[   7% ] [90m[1m_update_scan_actions[22m | battle.png[39m[0m
[   7% ] [90m[1m_update_scan_actions[22m | walk.png[39m[0m
[   7% ] [90m[1m_update_scan_actions[22m | battle.png[39m[0m
[   7% ] [90m[1m_update_scan_actions[22m | walk.png[39m[0m
[   7% ] [90m[1m_update_scan_actions[22m | battle.png[39m[0m
[   7% ] [90m[1m_update_scan_actions[22m | walk.png[39m[0m
[   7% ] [90m[1m_update_scan_actions[22m | battle.png[39m[0m
[   7% ] [90m[1m_update_scan_actions[22m | walk.png[39m[0m
[   7% ] [90m[1m_update_scan_actions[22m | battle.png[39m[0m
[   7% ] [90m[1m_update_scan_actions[22m | walk.png[39m[0m
[   7% ] [90m[1m_update_scan_actions[22m | battle.png[39m[0m
[   7% ] [90m[1m_update_scan_actions[22m | walk.png[39m[0m
[   7% ] [90m[1m_update_scan_actions[22m | battle.png[39m[0m
[   7% ] [90m[1m_update_scan_actions[22m | walk.png[39m[0m
[   7% ] [90m[1m_update_scan_actions[22m | battle.png[39m[0m
[   7% ] [90m[1m_update_scan_actions[22m | walk.png[39m[0m
[   7% ] [90m[1m_update_scan_actions[22m | battle.png[39m[0m
[   8% ] [90m[1m_update_scan_actions[22m | walk.png[39m[0m
[   8% ] [90m[1m_update_scan_actions[22m | battle.png[39m[0m
[   8% ] [90m[1m_update_scan_actions[22m | walk.png[39m[0m
[   8% ] [90m[1m_update_scan_actions[22m | battle.png[39m[0m
[   8% ] [90m[1m_update_scan_actions[22m | walk.png[39m[0m
[   8% ] [90m[1m_update_scan_actions[22m | battle.png[39m[0m
[   8% ] [90m[1m_update_scan_actions[22m | walk.png[39m[0m
[   8% ] [90m[1m_update_scan_actions[22m | battle.png[39m[0m
[   8% ] [90m[1m_update_scan_actions[22m | walk.png[39m[0m
[   8% ] [90m[1m_update_scan_actions[22m | battle.png[39m[0m
[   8% ] [90m[1m_update_scan_actions[22m | walk.png[39m[0m
[   8% ] [90m[1m_update_scan_actions[22m | battle.png[39m[0m
[   8% ] [90m[1m_update_scan_actions[22m | walk.png[39m[0m
[   8% ] [90m[1m_update_scan_actions[22m | battle.png[39m[0m
[   8% ] [90m[1m_update_scan_actions[22m | walk.png[39m[0m
[   8% ] [90m[1m_update_scan_actions[22m | battle.png[39m[0m
[   8% ] [90m[1m_update_scan_actions[22m | walk.png[39m[0m
[   8% ] [90m[1m_update_scan_actions[22m | battle.png[39m[0m
[   8% ] [90m[1m_update_scan_actions[22m | walk.png[39m[0m
[   8% ] [90m[1m_update_scan_actions[22m | battle.png[39m[0m
[   8% ] [90m[1m_update_scan_actions[22m | walk.png[39m[0m
[   8% ] [90m[1m_update_scan_actions[22m | battle.png[39m[0m
[   8% ] [90m[1m_update_scan_actions[22m | walk.png[39m[0m
[   8% ] [90m[1m_update_scan_actions[22m | battle.png[39m[0m
[   8% ] [90m[1m_update_scan_actions[22m | walk.png[39m[0m
[   8% ] [90m[1m_update_scan_actions[22m | battle.png[39m[0m
[   8% ] [90m[1m_update_scan_actions[22m | walk.png[39m[0m
[   8% ] [90m[1m_update_scan_actions[22m | battle.png[39m[0m
[   8% ] [90m[1m_update_scan_actions[22m | walk.png[39m[0m
[   8% ] [90m[1m_update_scan_actions[22m | battle.png[39m[0m
[   9% ] [90m[1m_update_scan_actions[22m | walk.png[39m[0m
[   9% ] [90m[1m_update_scan_actions[22m | battle.png[39m[0m
[   9% ] [90m[1m_update_scan_actions[22m | walk.png[39m[0m
[   9% ] [90m[1m_update_scan_actions[22m | battle.png[39m[0m
[   9% ] [90m[1m_update_scan_actions[22m | walk.png[39m[0m
[   9% ] [90m[1m_update_scan_actions[22m | battle.png[39m[0m
[   9% ] [90m[1m_update_scan_actions[22m | walk.png[39m[0m
[   9% ] [90m[1m_update_scan_actions[22m | battle.png[39m[0m
[   9% ] [90m[1m_update_scan_actions[22m | walk.png[39m[0m
[   9% ] [90m[1m_update_scan_actions[22m | battle.png[39m[0m
[   9% ] [90m[1m_update_scan_actions[22m | walk.png[39m[0m
[   9% ] [90m[1m_update_scan_actions[22m | battle.png[39m[0m
[   9% ] [90m[1m_update_scan_actions[22m | walk.png[39m[0m
[   9% ] [90m[1m_update_scan_actions[22m | battle.png[39m[0m
[   9% ] [90m[1m_update_scan_actions[22m | walk.png[39m[0m
[   9% ] [90m[1m_update_scan_actions[22m | battle.png[39m[0m
[   9% ] [90m[1m_update_scan_actions[22m | walk.png[39m[0m
[   9% ] [90m[1m_update_scan_actions[22m | battle.png[39m[0m
[   9% ] [90m[1m_update_scan_actions[22m | walk.png[39m[0m
[   9% ] [90m[1m_update_scan_actions[22m | battle.png[39m[0m
[   9% ] [90m[1m_update_scan_actions[22m | walk.png[39m[0m
[   9% ] [90m[1m_update_scan_actions[22m | battle.png[39m[0m
[   9% ] [90m[1m_update_scan_actions[22m | walk.png[39m[0m
[   9% ] [90m[1m_update_scan_actions[22m | battle.png[39m[0m
[   9% ] [90m[1m_update_scan_actions[22m | walk.png[39m[0m
[   9% ] [90m[1m_update_scan_actions[22m | battle.png[39m[0m
[   9% ] [90m[1m_update_scan_actions[22m | walk.png[39m[0m
[   9% ] [90m[1m_update_scan_actions[22m | battle.png[39m[0m
[   9% ] [90m[1m_update_scan_actions[22m | walk.png[39m[0m
[   9% ] [90m[1m_update_scan_actions[22m | battle.png[39m[0m
[  10% ] [90m[1m_update_scan_actions[22m | walk.png[39m[0m
[  10% ] [90m[1m_update_scan_actions[22m | battle.png[39m[0m
[  10% ] [90m[1m_update_scan_actions[22m | walk.png[39m[0m
[  10% ] [90m[1m_update_scan_actions[22m | battle.png[39m[0m
[  10% ] [90m[1m_update_scan_actions[22m | walk.png[39m[0m
[  10% ] [90m[1m_update_scan_actions[22m | battle.png[39m[0m
[  10% ] [90m[1m_update_scan_actions[22m | walk.png[39m[0m
[  10% ] [90m[1m_update_scan_actions[22m | battle.png[39m[0m
[  10% ] [90m[1m_update_scan_actions[22m | walk.png[39m[0m
[  10% ] [90m[1m_update_scan_actions[22m | battle.png[39m[0m
[  10% ] [90m[1m_update_scan_actions[22m | walk.png[39m[0m
[  10% ] [90m[1m_update_scan_actions[22m | battle.png[39m[0m
[  10% ] [90m[1m_update_scan_actions[22m | walk.png[39m[0m
[  10% ] [90m[1m_update_scan_actions[22m | battle.png[39m[0m
[  10% ] [90m[1m_update_scan_actions[22m | walk.png[39m[0m
[  10% ] [90m[1m_update_scan_actions[22m | battle.png[39m[0m
[  10% ] [90m[1m_update_scan_actions[22m | walk.png[39m[0m
[  10% ] [90m[1m_update_scan_actions[22m | battle.png[39m[0m
[  10% ] [90m[1m_update_scan_actions[22m | walk.png[39m[0m
[  10% ] [90m[1m_update_scan_actions[22m | battle.png[39m[0m
[  10% ] [90m[1m_update_scan_actions[22m | walk.png[39m[0m
[  10% ] [90m[1m_update_scan_actions[22m | walk.png[39m[0m
[  10% ] [90m[1m_update_scan_actions[22m | battle.png[39m[0m
[  10% ] [90m[1m_update_scan_actions[22m | walk.png[39m[0m
[  10% ] [90m[1m_update_scan_actions[22m | battle.png[39m[0m
[  10% ] [90m[1m_update_scan_actions[22m | walk.png[39m[0m
[  10% ] [90m[1m_update_scan_actions[22m | battle.png[39m[0m
[  10% ] [90m[1m_update_scan_actions[22m | walk.png[39m[0m
[  10% ] [90m[1m_update_scan_actions[22m | battle.png[39m[0m
[  10% ] [90m[1m_update_scan_actions[22m | walk.png[39m[0m
[  11% ] [90m[1m_update_scan_actions[22m | battle.png[39m[0m
[  11% ] [90m[1m_update_scan_actions[22m | walk.png[39m[0m
[  11% ] [90m[1m_update_scan_actions[22m | battle.png[39m[0m
[  11% ] [90m[1m_update_scan_actions[22m | walk.png[39m[0m
[  11% ] [90m[1m_update_scan_actions[22m | battle.png[39m[0m
[  11% ] [90m[1m_update_scan_actions[22m | walk.png[39m[0m
[  11% ] [90m[1m_update_scan_actions[22m | battle.png[39m[0m
[  11% ] [90m[1m_update_scan_actions[22m | walk.png[39m[0m
[  11% ] [90m[1m_update_scan_actions[22m | battle.png[39m[0m
[  11% ] [90m[1m_update_scan_actions[22m | walk.png[39m[0m
[  11% ] [90m[1m_update_scan_actions[22m | battle.png[39m[0m
[  11% ] [90m[1m_update_scan_actions[22m | walk.png[39m[0m
[  11% ] [90m[1m_update_scan_actions[22m | battle.png[39m[0m
[  11% ] [90m[1m_update_scan_actions[22m | walk.png[39m[0m
[  11% ] [90m[1m_update_scan_actions[22m | battle.png[39m[0m
[  11% ] [90m[1m_update_scan_actions[22m | walk.png[39m[0m
[  11% ] [90m[1m_update_scan_actions[22m | battle.png[39m[0m
[  11% ] [90m[1m_update_scan_actions[22m | battle_monster.png[39m[0m
[  11% ] [90m[1m_update_scan_actions[22m | portrait.png[39m[0m
[  11% ] [90m[1m_update_scan_actions[22m | walk.png[39m[0m
[  11% ] [90m[1m_update_scan_actions[22m | battle.png[39m[0m
[  11% ] [90m[1m_update_scan_actions[22m | walk.png[39m[0m
[  11% ] [90m[1m_update_scan_actions[22m | battle.png[39m[0m
[  11% ] [90m[1m_update_scan_actions[22m | walk.png[39m[0m
[  11% ] [90m[1m_update_scan_actions[22m | battle.png[39m[0m
[  11% ] [90m[1m_update_scan_actions[22m | walk.png[39m[0m
[  11% ] [90m[1m_update_scan_actions[22m | battle.png[39m[0m
[  11% ] [90m[1m_update_scan_actions[22m | walk.png[39m[0m
[  11% ] [90m[1m_update_scan_actions[22m | battle.png[39m[0m
[  11% ] [90m[1m_update_scan_actions[22m | walk.png[39m[0m
[  12% ] [90m[1m_update_scan_actions[22m | battle.png[39m[0m
[  12% ] [90m[1m_update_scan_actions[22m | walk.png[39m[0m
[  12% ] [90m[1m_update_scan_actions[22m | battle.png[39m[0m
[  12% ] [90m[1m_update_scan_actions[22m | walk.png[39m[0m
[  12% ] [90m[1m_update_scan_actions[22m | battle.png[39m[0m
[  12% ] [90m[1m_update_scan_actions[22m | walk.png[39m[0m
[  12% ] [90m[1m_update_scan_actions[22m | battle.png[39m[0m
[  12% ] [90m[1m_update_scan_actions[22m | walk.png[39m[0m
[  12% ] [90m[1m_update_scan_actions[22m | battle.png[39m[0m
[  12% ] [90m[1m_update_scan_actions[22m | walk.png[39m[0m
[  12% ] [90m[1m_update_scan_actions[22m | battle.png[39m[0m
[  12% ] [90m[1m_update_scan_actions[22m | walk.png[39m[0m
[  12% ] [90m[1m_update_scan_actions[22m | battle.png[39m[0m
[  12% ] [90m[1m_update_scan_actions[22m | walk.png[39m[0m
[  12% ] [90m[1m_update_scan_actions[22m | battle.png[39m[0m
[  12% ] [90m[1m_update_scan_actions[22m | walk.png[39m[0m
[  12% ] [90m[1m_update_scan_actions[22m | battle.png[39m[0m
[  12% ] [90m[1m_update_scan_actions[22m | walk.png[39m[0m
[  12% ] [90m[1m_update_scan_actions[22m | battle.png[39m[0m
[  12% ] [90m[1m_update_scan_actions[22m | walk.png[39m[0m
[  12% ] [90m[1m_update_scan_actions[22m | battle.png[39m[0m
[  12% ] [90m[1m_update_scan_actions[22m | walk.png[39m[0m
[  12% ] [90m[1m_update_scan_actions[22m | battle.png[39m[0m
[  12% ] [90m[1m_update_scan_actions[22m | walk.png[39m[0m
[  12% ] [90m[1m_update_scan_actions[22m | battle.png[39m[0m
[  12% ] [90m[1m_update_scan_actions[22m | walk.png[39m[0m
[  12% ] [90m[1m_update_scan_actions[22m | battle.png[39m[0m
[  12% ] [90m[1m_update_scan_actions[22m | walk.png[39m[0m
[  12% ] [90m[1m_update_scan_actions[22m | battle.png[39m[0m
[  13% ] [90m[1m_update_scan_actions[22m | walk.png[39m[0m
[  13% ] [90m[1m_update_scan_actions[22m | battle.png[39m[0m
[  13% ] [90m[1m_update_scan_actions[22m | walk.png[39m[0m
[  13% ] [90m[1m_update_scan_actions[22m | battle.png[39m[0m
[  13% ] [90m[1m_update_scan_actions[22m | walk.png[39m[0m
[  13% ] [90m[1m_update_scan_actions[22m | battle.png[39m[0m
[  13% ] [90m[1m_update_scan_actions[22m | walk.png[39m[0m
[  13% ] [90m[1m_update_scan_actions[22m | battle.png[39m[0m
[  13% ] [90m[1m_update_scan_actions[22m | walk.png[39m[0m
[  13% ] [90m[1m_update_scan_actions[22m | battle.png[39m[0m
[  13% ] [90m[1m_update_scan_actions[22m | walk.png[39m[0m
[  13% ] [90m[1m_update_scan_actions[22m | battle.png[39m[0m
[  13% ] [90m[1m_update_scan_actions[22m | walk.png[39m[0m
[  13% ] [90m[1m_update_scan_actions[22m | battle.png[39m[0m
[  13% ] [90m[1m_update_scan_actions[22m | walk.png[39m[0m
[  13% ] [90m[1m_update_scan_actions[22m | battle.png[39m[0m
[  13% ] [90m[1m_update_scan_actions[22m | walk.png[39m[0m
[  13% ] [90m[1m_update_scan_actions[22m | battle.png[39m[0m
[  13% ] [90m[1m_update_scan_actions[22m | walk.png[39m[0m
[  13% ] [90m[1m_update_scan_actions[22m | battle.png[39m[0m
[  13% ] [90m[1m_update_scan_actions[22m | walk.png[39m[0m
[  13% ] [90m[1m_update_scan_actions[22m | battle.png[39m[0m
[  13% ] [90m[1m_update_scan_actions[22m | walk.png[39m[0m
[  13% ] [90m[1m_update_scan_actions[22m | battle.png[39m[0m
[  13% ] [90m[1m_update_scan_actions[22m | walk.png[39m[0m
[  13% ] [90m[1m_update_scan_actions[22m | battle.png[39m[0m
[  13% ] [90m[1m_update_scan_actions[22m | walk.png[39m[0m
[  13% ] [90m[1m_update_scan_actions[22m | battle.png[39m[0m
[  13% ] [90m[1m_update_scan_actions[22m | walk.png[39m[0m
[  13% ] [90m[1m_update_scan_actions[22m | battle.png[39m[0m
[  14% ] [90m[1m_update_scan_actions[22m | walk.png[39m[0m
[  14% ] [90m[1m_update_scan_actions[22m | battle.png[39m[0m
[  14% ] [90m[1m_update_scan_actions[22m | walk.png[39m[0m
[  14% ] [90m[1m_update_scan_actions[22m | battle.png[39m[0m
[  14% ] [90m[1m_update_scan_actions[22m | walk.png[39m[0m
[  14% ] [90m[1m_update_scan_actions[22m | battle.png[39m[0m
[  14% ] [90m[1m_update_scan_actions[22m | walk.png[39m[0m
[  14% ] [90m[1m_update_scan_actions[22m | battle.png[39m[0m
[  14% ] [90m[1m_update_scan_actions[22m | walk.png[39m[0m
[  14% ] [90m[1m_update_scan_actions[22m | battle.png[39m[0m
[  14% ] [90m[1m_update_scan_actions[22m | walk.png[39m[0m
[  14% ] [90m[1m_update_scan_actions[22m | battle.png[39m[0m
[  14% ] [90m[1m_update_scan_actions[22m | walk.png[39m[0m
[  14% ] [90m[1m_update_scan_actions[22m | battle.png[39m[0m
[  14% ] [90m[1m_update_scan_actions[22m | walk.png[39m[0m
[  14% ] [90m[1m_update_scan_actions[22m | battle.png[39m[0m
[  14% ] [90m[1m_update_scan_actions[22m | walk.png[39m[0m
[  14% ] [90m[1m_update_scan_actions[22m | battle.png[39m[0m
[  14% ] [90m[1m_update_scan_actions[22m | walk.png[39m[0m
[  14% ] [90m[1m_update_scan_actions[22m | battle.png[39m[0m
[  14% ] [90m[1m_update_scan_actions[22m | walk.png[39m[0m
[  14% ] [90m[1m_update_scan_actions[22m | battle.png[39m[0m
[  14% ] [90m[1m_update_scan_actions[22m | walk.png[39m[0m
[  14% ] [90m[1m_update_scan_actions[22m | battle.png[39m[0m
[  14% ] [90m[1m_update_scan_actions[22m | walk.png[39m[0m
[  14% ] [90m[1m_update_scan_actions[22m | battle.png[39m[0m
[  14% ] [90m[1m_update_scan_actions[22m | walk.png[39m[0m
[  14% ] [90m[1m_update_scan_actions[22m | battle.png[39m[0m
[  14% ] [90m[1m_update_scan_actions[22m | walk.png[39m[0m
[  14% ] [90m[1m_update_scan_actions[22m | battle.png[39m[0m
[  15% ] [90m[1m_update_scan_actions[22m | walk.png[39m[0m
[  15% ] [90m[1m_update_scan_actions[22m | battle.png[39m[0m
[  15% ] [90m[1m_update_scan_actions[22m | walk.png[39m[0m
[  15% ] [90m[1m_update_scan_actions[22m | battle.png[39m[0m
[  15% ] [90m[1m_update_scan_actions[22m | walk.png[39m[0m
[  15% ] [90m[1m_update_scan_actions[22m | battle.png[39m[0m
[  15% ] [90m[1m_update_scan_actions[22m | walk.png[39m[0m
[  15% ] [90m[1m_update_scan_actions[22m | battle.png[39m[0m
[  15% ] [90m[1m_update_scan_actions[22m | walk.png[39m[0m
[  15% ] [90m[1m_update_scan_actions[22m | battle.png[39m[0m
[  15% ] [90m[1m_update_scan_actions[22m | walk.png[39m[0m
[  15% ] [90m[1m_update_scan_actions[22m | battle.png[39m[0m
[  15% ] [90m[1m_update_scan_actions[22m | walk.png[39m[0m
[  15% ] [90m[1m_update_scan_actions[22m | battle.png[39m[0m
[  15% ] [90m[1m_update_scan_actions[22m | walk.png[39m[0m
[  15% ] [90m[1m_update_scan_actions[22m | battle.png[39m[0m
[  15% ] [90m[1m_update_scan_actions[22m | walk.png[39m[0m
[  15% ] [90m[1m_update_scan_actions[22m | battle.png[39m[0m
[  15% ] [90m[1m_update_scan_actions[22m | walk.png[39m[0m
[  15% ] [90m[1m_update_scan_actions[22m | battle.png[39m[0m
[  15% ] [90m[1m_update_scan_actions[22m | walk.png[39m[0m
[  15% ] [90m[1m_update_scan_actions[22m | battle.png[39m[0m
[  15% ] [90m[1m_update_scan_actions[22m | walk.png[39m[0m
[  15% ] [90m[1m_update_scan_actions[22m | battle.png[39m[0m
[  15% ] [90m[1m_update_scan_actions[22m | walk.png[39m[0m
[  15% ] [90m[1m_update_scan_actions[22m | battle.png[39m[0m
[  15% ] [90m[1m_update_scan_actions[22m | walk.png[39m[0m
[  15% ] [90m[1m_update_scan_actions[22m | battle.png[39m[0m
[  15% ] [90m[1m_update_scan_actions[22m | walk.png[39m[0m
[  15% ] [90m[1m_update_scan_actions[22m | battle.png[39m[0m
[  16% ] [90m[1m_update_scan_actions[22m | walk.png[39m[0m
[  16% ] [90m[1m_update_scan_actions[22m | battle.png[39m[0m
[  16% ] [90m[1m_update_scan_actions[22m | walk.png[39m[0m
[  16% ] [90m[1m_update_scan_actions[22m | battle.png[39m[0m
[  16% ] [90m[1m_update_scan_actions[22m | walk.png[39m[0m
[  16% ] [90m[1m_update_scan_actions[22m | battle.png[39m[0m
[  16% ] [90m[1m_update_scan_actions[22m | walk.png[39m[0m
[  16% ] [90m[1m_update_scan_actions[22m | battle.png[39m[0m
[  16% ] [90m[1m_update_scan_actions[22m | walk.png[39m[0m
[  16% ] [90m[1m_update_scan_actions[22m | battle.png[39m[0m
[  16% ] [90m[1m_update_scan_actions[22m | portrait.png[39m[0m
[  16% ] [90m[1m_update_scan_actions[22m | walk.png[39m[0m
[  16% ] [90m[1m_update_scan_actions[22m | battle.png[39m[0m
[  16% ] [90m[1m_update_scan_actions[22m | walk.png[39m[0m
[  16% ] [90m[1m_update_scan_actions[22m | battle.png[39m[0m
[  16% ] [90m[1m_update_scan_actions[22m | walk.png[39m[0m
[  16% ] [90m[1m_update_scan_actions[22m | battle.png[39m[0m
[  16% ] [90m[1m_update_scan_actions[22m | walk.png[39m[0m
[  16% ] [90m[1m_update_scan_actions[22m | battle.png[39m[0m
[  16% ] [90m[1m_update_scan_actions[22m | walk.png[39m[0m
[  16% ] [90m[1m_update_scan_actions[22m | battle.png[39m[0m
[  16% ] [90m[1m_update_scan_actions[22m | walk.png[39m[0m
[  16% ] [90m[1m_update_scan_actions[22m | battle.png[39m[0m
[  16% ] [90m[1m_update_scan_actions[22m | walk.png[39m[0m
[  16% ] [90m[1m_update_scan_actions[22m | battle.png[39m[0m
[  16% ] [90m[1m_update_scan_actions[22m | walk.png[39m[0m
[  16% ] [90m[1m_update_scan_actions[22m | battle.png[39m[0m
[  16% ] [90m[1m_update_scan_actions[22m | walk.png[39m[0m
[  16% ] [90m[1m_update_scan_actions[22m | battle.png[39m[0m
[  16% ] [90m[1m_update_scan_actions[22m | walk.png[39m[0m
[  17% ] [90m[1m_update_scan_actions[22m | battle.png[39m[0m
[  17% ] [90m[1m_update_scan_actions[22m | walk.png[39m[0m
[  17% ] [90m[1m_update_scan_actions[22m | battle.png[39m[0m
[  17% ] [90m[1m_update_scan_actions[22m | walk.png[39m[0m
[  17% ] [90m[1m_update_scan_actions[22m | battle.png[39m[0m
[  17% ] [90m[1m_update_scan_actions[22m | walk.png[39m[0m
[  17% ] [90m[1m_update_scan_actions[22m | battle.png[39m[0m
[  17% ] [90m[1m_update_scan_actions[22m | walk.png[39m[0m
[  17% ] [90m[1m_update_scan_actions[22m | battle.png[39m[0m
[  17% ] [90m[1m_update_scan_actions[22m | walk.png[39m[0m
[  17% ] [90m[1m_update_scan_actions[22m | battle.png[39m[0m
[  17% ] [90m[1m_update_scan_actions[22m | walk.png[39m[0m
[  17% ] [90m[1m_update_scan_actions[22m | battle.png[39m[0m
[  17% ] [90m[1m_update_scan_actions[22m | walk.png[39m[0m
[  17% ] [90m[1m_update_scan_actions[22m | battle.png[39m[0m
[  17% ] [90m[1m_update_scan_actions[22m | walk.png[39m[0m
[  17% ] [90m[1m_update_scan_actions[22m | battle.png[39m[0m
[  17% ] [90m[1m_update_scan_actions[22m | walk.png[39m[0m
[  17% ] [90m[1m_update_scan_actions[22m | battle.png[39m[0m
[  17% ] [90m[1m_update_scan_actions[22m | walk.png[39m[0m
[  17% ] [90m[1m_update_scan_actions[22m | battle.png[39m[0m
[  17% ] [90m[1m_update_scan_actions[22m | walk.png[39m[0m
[  17% ] [90m[1m_update_scan_actions[22m | battle.png[39m[0m
[  17% ] [90m[1m_update_scan_actions[22m | walk.png[39m[0m
[  17% ] [90m[1m_update_scan_actions[22m | battle.png[39m[0m
[  17% ] [90m[1m_update_scan_actions[22m | walk.png[39m[0m
[  17% ] [90m[1m_update_scan_actions[22m | battle.png[39m[0m
[  17% ] [90m[1m_update_scan_actions[22m | walk.png[39m[0m
[  17% ] [90m[1m_update_scan_actions[22m | battle.png[39m[0m
[  17% ] [90m[1m_update_scan_actions[22m | walk.png[39m[0m
[  18% ] [90m[1m_update_scan_actions[22m | battle.png[39m[0m
[  18% ] [90m[1m_update_scan_actions[22m | walk.png[39m[0m
[  18% ] [90m[1m_update_scan_actions[22m | battle.png[39m[0m
[  18% ] [90m[1m_update_scan_actions[22m | walk.png[39m[0m
[  18% ] [90m[1m_update_scan_actions[22m | battle.png[39m[0m
[  18% ] [90m[1m_update_scan_actions[22m | walk.png[39m[0m
[  18% ] [90m[1m_update_scan_actions[22m | battle.png[39m[0m
[  18% ] [90m[1m_update_scan_actions[22m | walk.png[39m[0m
[  18% ] [90m[1m_update_scan_actions[22m | battle.png[39m[0m
[  18% ] [90m[1m_update_scan_actions[22m | walk.png[39m[0m
[  18% ] [90m[1m_update_scan_actions[22m | battle.png[39m[0m
[  18% ] [90m[1m_update_scan_actions[22m | walk.png[39m[0m
[  18% ] [90m[1m_update_scan_actions[22m | battle.png[39m[0m
[  18% ] [90m[1m_update_scan_actions[22m | walk.png[39m[0m
[  18% ] [90m[1m_update_scan_actions[22m | battle.png[39m[0m
[  18% ] [90m[1m_update_scan_actions[22m | walk.png[39m[0m
[  18% ] [90m[1m_update_scan_actions[22m | battle.png[39m[0m
[  18% ] [90m[1m_update_scan_actions[22m | walk.png[39m[0m
[  18% ] [90m[1m_update_scan_actions[22m | battle.png[39m[0m
[  18% ] [90m[1m_update_scan_actions[22m | walk.png[39m[0m
[  18% ] [90m[1m_update_scan_actions[22m | battle.png[39m[0m
[  18% ] [90m[1m_update_scan_actions[22m | walk.png[39m[0m
[  18% ] [90m[1m_update_scan_actions[22m | battle.png[39m[0m
[  18% ] [90m[1m_update_scan_actions[22m | walk.png[39m[0m
[  18% ] [90m[1m_update_scan_actions[22m | battle.png[39m[0m
[  18% ] [90m[1m_update_scan_actions[22m | walk.png[39m[0m
[  18% ] [90m[1m_update_scan_actions[22m | battle.png[39m[0m
[  18% ] [90m[1m_update_scan_actions[22m | walk.png[39m[0m
[  18% ] [90m[1m_update_scan_actions[22m | battle.png[39m[0m
[  18% ] [90m[1m_update_scan_actions[22m | walk.png[39m[0m
[  19% ] [90m[1m_update_scan_actions[22m | battle.png[39m[0m
[  19% ] [90m[1m_update_scan_actions[22m | walk.png[39m[0m
[  19% ] [90m[1m_update_scan_actions[22m | battle.png[39m[0m
[  19% ] [90m[1m_update_scan_actions[22m | walk.png[39m[0m
[  19% ] [90m[1m_update_scan_actions[22m | battle.png[39m[0m
[  19% ] [90m[1m_update_scan_actions[22m | walk.png[39m[0m
[  19% ] [90m[1m_update_scan_actions[22m | battle.png[39m[0m
[  19% ] [90m[1m_update_scan_actions[22m | walk.png[39m[0m
[  19% ] [90m[1m_update_scan_actions[22m | battle.png[39m[0m
[  19% ] [90m[1m_update_scan_actions[22m | walk.png[39m[0m
[  19% ] [90m[1m_update_scan_actions[22m | battle.png[39m[0m
[  19% ] [90m[1m_update_scan_actions[22m | walk.png[39m[0m
[  19% ] [90m[1m_update_scan_actions[22m | battle.png[39m[0m
[  19% ] [90m[1m_update_scan_actions[22m | walk.png[39m[0m
[  19% ] [90m[1m_update_scan_actions[22m | battle.png[39m[0m
[  19% ] [90m[1m_update_scan_actions[22m | walk.png[39m[0m
[  19% ] [90m[1m_update_scan_actions[22m | battle.png[39m[0m
[  19% ] [90m[1m_update_scan_actions[22m | walk.png[39m[0m
[  19% ] [90m[1m_update_scan_actions[22m | battle.png[39m[0m
[  19% ] [90m[1m_update_scan_actions[22m | walk.png[39m[0m
[  19% ] [90m[1m_update_scan_actions[22m | battle.png[39m[0m
[  19% ] [90m[1m_update_scan_actions[22m | walk.png[39m[0m
[  19% ] [90m[1m_update_scan_actions[22m | battle.png[39m[0m
[  19% ] [90m[1m_update_scan_actions[22m | walk.png[39m[0m
[  19% ] [90m[1m_update_scan_actions[22m | battle.png[39m[0m
[  19% ] [90m[1m_update_scan_actions[22m | walk.png[39m[0m
[  19% ] [90m[1m_update_scan_actions[22m | battle.png[39m[0m
[  19% ] [90m[1m_update_scan_actions[22m | walk.png[39m[0m
[  19% ] [90m[1m_update_scan_actions[22m | battle.png[39m[0m
[  19% ] [90m[1m_update_scan_actions[22m | walk.png[39m[0m
[  20% ] [90m[1m_update_scan_actions[22m | battle.png[39m[0m
[  20% ] [90m[1m_update_scan_actions[22m | walk.png[39m[0m
[  20% ] [90m[1m_update_scan_actions[22m | battle.png[39m[0m
[  20% ] [90m[1m_update_scan_actions[22m | walk.png[39m[0m
[  20% ] [90m[1m_update_scan_actions[22m | battle.png[39m[0m
[  20% ] [90m[1m_update_scan_actions[22m | walk.png[39m[0m
[  20% ] [90m[1m_update_scan_actions[22m | battle.png[39m[0m
[  20% ] [90m[1m_update_scan_actions[22m | walk.png[39m[0m
[  20% ] [90m[1m_update_scan_actions[22m | battle.png[39m[0m
[  20% ] [90m[1m_update_scan_actions[22m | walk.png[39m[0m
[  20% ] [90m[1m_update_scan_actions[22m | battle.png[39m[0m
[  20% ] [90m[1m_update_scan_actions[22m | walk.png[39m[0m
[  20% ] [90m[1m_update_scan_actions[22m | battle.png[39m[0m
[  20% ] [90m[1m_update_scan_actions[22m | walk.png[39m[0m
[  20% ] [90m[1m_update_scan_actions[22m | battle.png[39m[0m
[  20% ] [90m[1m_update_scan_actions[22m | walk.png[39m[0m
[  20% ] [90m[1m_update_scan_actions[22m | battle.png[39m[0m
[  20% ] [90m[1m_update_scan_actions[22m | walk.png[39m[0m
[  20% ] [90m[1m_update_scan_actions[22m | battle.png[39m[0m
[  20% ] [90m[1m_update_scan_actions[22m | walk.png[39m[0m
[  20% ] [90m[1m_update_scan_actions[22m | battle.png[39m[0m
[  20% ] [90m[1m_update_scan_actions[22m | walk.png[39m[0m
[  20% ] [90m[1m_update_scan_actions[22m | battle.png[39m[0m
[  20% ] [90m[1m_update_scan_actions[22m | walk.png[39m[0m
[  20% ] [90m[1m_update_scan_actions[22m | battle.png[39m[0m
[  20% ] [90m[1m_update_scan_actions[22m | walk.png[39m[0m
[  20% ] [90m[1m_update_scan_actions[22m | battle.png[39m[0m
[  20% ] [90m[1m_update_scan_actions[22m | walk.png[39m[0m
[  20% ] [90m[1m_update_scan_actions[22m | battle.png[39m[0m
[  20% ] [90m[1m_update_scan_actions[22m | walk.png[39m[0m
[  21% ] [90m[1m_update_scan_actions[22m | battle.png[39m[0m
[  21% ] [90m[1m_update_scan_actions[22m | portrait.png[39m[0m
[  21% ] [90m[1m_update_scan_actions[22m | walk.png[39m[0m
[  21% ] [90m[1m_update_scan_actions[22m | battle.png[39m[0m
[  21% ] [90m[1m_update_scan_actions[22m | walk.png[39m[0m
[  21% ] [90m[1m_update_scan_actions[22m | battle.png[39m[0m
[  21% ] [90m[1m_update_scan_actions[22m | walk.png[39m[0m
[  21% ] [90m[1m_update_scan_actions[22m | battle.png[39m[0m
[  21% ] [90m[1m_update_scan_actions[22m | walk.png[39m[0m
[  21% ] [90m[1m_update_scan_actions[22m | battle.png[39m[0m
[  21% ] [90m[1m_update_scan_actions[22m | walk.png[39m[0m
[  21% ] [90m[1m_update_scan_actions[22m | battle.png[39m[0m
[  21% ] [90m[1m_update_scan_actions[22m | walk.png[39m[0m
[  21% ] [90m[1m_update_scan_actions[22m | battle.png[39m[0m
[  21% ] [90m[1m_update_scan_actions[22m | walk.png[39m[0m
[  21% ] [90m[1m_update_scan_actions[22m | battle.png[39m[0m
[  21% ] [90m[1m_update_scan_actions[22m | walk.png[39m[0m
[  21% ] [90m[1m_update_scan_actions[22m | battle.png[39m[0m
[  21% ] [90m[1m_update_scan_actions[22m | walk.png[39m[0m
[  21% ] [90m[1m_update_scan_actions[22m | battle.png[39m[0m
[  21% ] [90m[1m_update_scan_actions[22m | walk.png[39m[0m
[  21% ] [90m[1m_update_scan_actions[22m | battle.png[39m[0m
[  21% ] [90m[1m_update_scan_actions[22m | walk.png[39m[0m
[  21% ] [90m[1m_update_scan_actions[22m | battle.png[39m[0m
[  21% ] [90m[1m_update_scan_actions[22m | walk.png[39m[0m
[  21% ] [90m[1m_update_scan_actions[22m | battle.png[39m[0m
[  21% ] [90m[1m_update_scan_actions[22m | walk.png[39m[0m
[  21% ] [90m[1m_update_scan_actions[22m | battle.png[39m[0m
[  21% ] [90m[1m_update_scan_actions[22m | walk.png[39m[0m
[  21% ] [90m[1m_update_scan_actions[22m | battle.png[39m[0m
[  22% ] [90m[1m_update_scan_actions[22m | walk.png[39m[0m
[  22% ] [90m[1m_update_scan_actions[22m | battle.png[39m[0m
[  22% ] [90m[1m_update_scan_actions[22m | walk.png[39m[0m
[  22% ] [90m[1m_update_scan_actions[22m | battle.png[39m[0m
[  22% ] [90m[1m_update_scan_actions[22m | walk.png[39m[0m
[  22% ] [90m[1m_update_scan_actions[22m | battle.png[39m[0m
[  22% ] [90m[1m_update_scan_actions[22m | walk.png[39m[0m
[  22% ] [90m[1m_update_scan_actions[22m | battle.png[39m[0m
[  22% ] [90m[1m_update_scan_actions[22m | walk.png[39m[0m
[  22% ] [90m[1m_update_scan_actions[22m | battle.png[39m[0m
[  22% ] [90m[1m_update_scan_actions[22m | walk.png[39m[0m
[  22% ] [90m[1m_update_scan_actions[22m | battle.png[39m[0m
[  22% ] [90m[1m_update_scan_actions[22m | walk.png[39m[0m
[  22% ] [90m[1m_update_scan_actions[22m | battle.png[39m[0m
[  22% ] [90m[1m_update_scan_actions[22m | walk.png[39m[0m
[  22% ] [90m[1m_update_scan_actions[22m | battle.png[39m[0m
[  22% ] [90m[1m_update_scan_actions[22m | walk.png[39m[0m
[  22% ] [90m[1m_update_scan_actions[22m | battle.png[39m[0m
[  22% ] [90m[1m_update_scan_actions[22m | walk.png[39m[0m
[  22% ] [90m[1m_update_scan_actions[22m | battle.png[39m[0m
[  22% ] [90m[1m_update_scan_actions[22m | walk.png[39m[0m
[  22% ] [90m[1m_update_scan_actions[22m | battle.png[39m[0m
[  22% ] [90m[1m_update_scan_actions[22m | walk.png[39m[0m
[  22% ] [90m[1m_update_scan_actions[22m | battle.png[39m[0m
[  22% ] [90m[1m_update_scan_actions[22m | walk.png[39m[0m
[  22% ] [90m[1m_update_scan_actions[22m | battle.png[39m[0m
[  22% ] [90m[1m_update_scan_actions[22m | walk.png[39m[0m
[  22% ] [90m[1m_update_scan_actions[22m | battle.png[39m[0m
[  22% ] [90m[1m_update_scan_actions[22m | walk.png[39m[0m
[  22% ] [90m[1m_update_scan_actions[22m | battle.png[39m[0m
[  23% ] [90m[1m_update_scan_actions[22m | walk.png[39m[0m
[  23% ] [90m[1m_update_scan_actions[22m | battle.png[39m[0m
[  23% ] [90m[1m_update_scan_actions[22m | walk.png[39m[0m
[  23% ] [90m[1m_update_scan_actions[22m | battle.png[39m[0m
[  23% ] [90m[1m_update_scan_actions[22m | walk.png[39m[0m
[  23% ] [90m[1m_update_scan_actions[22m | battle.png[39m[0m
[  23% ] [90m[1m_update_scan_actions[22m | walk.png[39m[0m
[  23% ] [90m[1m_update_scan_actions[22m | battle.png[39m[0m
[  23% ] [90m[1m_update_scan_actions[22m | walk.png[39m[0m
[  23% ] [90m[1m_update_scan_actions[22m | battle.png[39m[0m
[  23% ] [90m[1m_update_scan_actions[22m | walk.png[39m[0m
[  23% ] [90m[1m_update_scan_actions[22m | battle.png[39m[0m
[  23% ] [90m[1m_update_scan_actions[22m | walk.png[39m[0m
[  23% ] [90m[1m_update_scan_actions[22m | battle.png[39m[0m
[  23% ] [90m[1m_update_scan_actions[22m | walk.png[39m[0m
[  23% ] [90m[1m_update_scan_actions[22m | battle.png[39m[0m
[  23% ] [90m[1m_update_scan_actions[22m | walk.png[39m[0m
[  23% ] [90m[1m_update_scan_actions[22m | battle.png[39m[0m
[  23% ] [90m[1m_update_scan_actions[22m | walk.png[39m[0m
[  23% ] [90m[1m_update_scan_actions[22m | battle.png[39m[0m
[  23% ] [90m[1m_update_scan_actions[22m | walk.png[39m[0m
[  23% ] [90m[1m_update_scan_actions[22m | battle.png[39m[0m
[  23% ] [90m[1m_update_scan_actions[22m | walk.png[39m[0m
[  23% ] [90m[1m_update_scan_actions[22m | battle.png[39m[0m
[  23% ] [90m[1m_update_scan_actions[22m | walk.png[39m[0m
[  23% ] [90m[1m_update_scan_actions[22m | battle.png[39m[0m
[  23% ] [90m[1m_update_scan_actions[22m | walk.png[39m[0m
[  23% ] [90m[1m_update_scan_actions[22m | battle.png[39m[0m
[  23% ] [90m[1m_update_scan_actions[22m | walk.png[39m[0m
[  23% ] [90m[1m_update_scan_actions[22m | battle.png[39m[0m
[  24% ] [90m[1m_update_scan_actions[22m | walk.png[39m[0m
[  24% ] [90m[1m_update_scan_actions[22m | battle.png[39m[0m
[  24% ] [90m[1m_update_scan_actions[22m | walk.png[39m[0m
[  24% ] [90m[1m_update_scan_actions[22m | battle.png[39m[0m
[  24% ] [90m[1m_update_scan_actions[22m | walk.png[39m[0m
[  24% ] [90m[1m_update_scan_actions[22m | battle.png[39m[0m
[  24% ] [90m[1m_update_scan_actions[22m | walk.png[39m[0m
[  24% ] [90m[1m_update_scan_actions[22m | battle.png[39m[0m
[  24% ] [90m[1m_update_scan_actions[22m | walk.png[39m[0m
[  24% ] [90m[1m_update_scan_actions[22m | battle.png[39m[0m
[  24% ] [90m[1m_update_scan_actions[22m | walk.png[39m[0m
[  24% ] [90m[1m_update_scan_actions[22m | battle.png[39m[0m
[  24% ] [90m[1m_update_scan_actions[22m | walk.png[39m[0m
[  24% ] [90m[1m_update_scan_actions[22m | battle.png[39m[0m
[  24% ] [90m[1m_update_scan_actions[22m | walk.png[39m[0m
[  24% ] [90m[1m_update_scan_actions[22m | battle.png[39m[0m
[  24% ] [90m[1m_update_scan_actions[22m | walk.png[39m[0m
[  24% ] [90m[1m_update_scan_actions[22m | battle.png[39m[0m
[  24% ] [90m[1m_update_scan_actions[22m | walk.png[39m[0m
[  24% ] [90m[1m_update_scan_actions[22m | battle.png[39m[0m
[  24% ] [90m[1m_update_scan_actions[22m | walk.png[39m[0m
[  24% ] [90m[1m_update_scan_actions[22m | battle.png[39m[0m
[  24% ] [90m[1m_update_scan_actions[22m | walk.png[39m[0m
[  24% ] [90m[1m_update_scan_actions[22m | battle.png[39m[0m
[  24% ] [90m[1m_update_scan_actions[22m | walk.png[39m[0m
[  24% ] [90m[1m_update_scan_actions[22m | battle.png[39m[0m
[  24% ] [90m[1m_update_scan_actions[22m | walk.png[39m[0m
[  24% ] [90m[1m_update_scan_actions[22m | battle.png[39m[0m
[  24% ] [90m[1m_update_scan_actions[22m | walk.png[39m[0m
[  25% ] [90m[1m_update_scan_actions[22m | battle.png[39m[0m
[  25% ] [90m[1m_update_scan_actions[22m | walk.png[39m[0m
[  25% ] [90m[1m_update_scan_actions[22m | battle.png[39m[0m
[  25% ] [90m[1m_update_scan_actions[22m | walk.png[39m[0m
[  25% ] [90m[1m_update_scan_actions[22m | battle.png[39m[0m
[  25% ] [90m[1m_update_scan_actions[22m | walk.png[39m[0m
[  25% ] [90m[1m_update_scan_actions[22m | battle.png[39m[0m
[  25% ] [90m[1m_update_scan_actions[22m | walk.png[39m[0m
[  25% ] [90m[1m_update_scan_actions[22m | battle.png[39m[0m
[  25% ] [90m[1m_update_scan_actions[22m | walk.png[39m[0m
[  25% ] [90m[1m_update_scan_actions[22m | battle.png[39m[0m
[  25% ] [90m[1m_update_scan_actions[22m | walk.png[39m[0m
[  25% ] [90m[1m_update_scan_actions[22m | battle.png[39m[0m
[  25% ] [90m[1m_update_scan_actions[22m | walk.png[39m[0m
[  25% ] [90m[1m_update_scan_actions[22m | battle.png[39m[0m
[  25% ] [90m[1m_update_scan_actions[22m | walk.png[39m[0m
[  25% ] [90m[1m_update_scan_actions[22m | battle.png[39m[0m
[  25% ] [90m[1m_update_scan_actions[22m | walk.png[39m[0m
[  25% ] [90m[1m_update_scan_actions[22m | battle.png[39m[0m
[  25% ] [90m[1m_update_scan_actions[22m | walk.png[39m[0m
[  25% ] [90m[1m_update_scan_actions[22m | battle.png[39m[0m
[  25% ] [90m[1m_update_scan_actions[22m | walk.png[39m[0m
[  25% ] [90m[1m_update_scan_actions[22m | battle.png[39m[0m
[  25% ] [90m[1m_update_scan_actions[22m | portrait.png[39m[0m
[  25% ] [90m[1m_update_scan_actions[22m | walk.png[39m[0m
[  25% ] [90m[1m_update_scan_actions[22m | DotGothic16-Regular.ttf[39m[0m
[  25% ] [90m[1m_update_scan_actions[22m | NotoSansJP.ttf[39m[0m
[  25% ] [90m[1m_update_scan_actions[22m | castle_armor.png[39m[0m
[  25% ] [90m[1m_update_scan_actions[22m | castle_court.png[39m[0m
[  25% ] [90m[1m_update_scan_actions[22m | castle_great_hall.png[39m[0m
[  26% ] [90m[1m_update_scan_actions[22m | castle_home.png[39m[0m
[  26% ] [90m[1m_update_scan_actions[22m | castle_inn.png[39m[0m
[  26% ] [90m[1m_update_scan_actions[22m | castle_item.png[39m[0m
[  26% ] [90m[1m_update_scan_actions[22m | castle_library.png[39m[0m
[  26% ] [90m[1m_update_scan_actions[22m | castle_shrine.png[39m[0m
[  26% ] [90m[1m_update_scan_actions[22m | castle_throne_room.png[39m[0m
[  26% ] [90m[1m_update_scan_actions[22m | castle_treasury.png[39m[0m
[  26% ] [90m[1m_update_scan_actions[22m | castle_weapon.png[39m[0m
[  26% ] [90m[1m_update_scan_actions[22m | kaina_home.png[39m[0m
[  26% ] [90m[1m_update_scan_actions[22m | lighthouse_lookout.png[39m[0m
[  26% ] [90m[1m_update_scan_actions[22m | milfe_inn.png[39m[0m
[  26% ] [90m[1m_update_scan_actions[22m | milfe_item.png[39m[0m
[  26% ] [90m[1m_update_scan_actions[22m | milfe_weapon.png[39m[0m
[  26% ] [90m[1m_update_scan_actions[22m | port_armor.png[39m[0m
[  26% ] [90m[1m_update_scan_actions[22m | port_harbor.png[39m[0m
[  26% ] [90m[1m_update_scan_actions[22m | port_home.png[39m[0m
[  26% ] [90m[1m_update_scan_actions[22m | port_inn.png[39m[0m
[  26% ] [90m[1m_update_scan_actions[22m | port_item.png[39m[0m
[  26% ] [90m[1m_update_scan_actions[22m | port_shrine.png[39m[0m
[  26% ] [90m[1m_update_scan_actions[22m | port_weapon.png[39m[0m
[  26% ] [90m[1m_update_scan_actions[22m | region2_armor.png[39m[0m
[  26% ] [90m[1m_update_scan_actions[22m | region2_harbor.png[39m[0m
[  26% ] [90m[1m_update_scan_actions[22m | region2_inn.png[39m[0m
[  26% ] [90m[1m_update_scan_actions[22m | region2_item.png[39m[0m
[  26% ] [90m[1m_update_scan_actions[22m | region2_shrine.png[39m[0m
[  26% ] [90m[1m_update_scan_actions[22m | region2_village_inn.png[39m[0m
[  26% ] [90m[1m_update_scan_actions[22m | region2_village_inn_overlay.png[39m[0m
[  26% ] [90m[1m_update_scan_actions[22m | region2_village_item.png[39m[0m
[  26% ] [90m[1m_update_scan_actions[22m | region2_village_item_overlay.png[39m[0m
[  26% ] [90m[1m_update_scan_actions[22m | region2_village_shrine.png[39m[0m
[  27% ] [90m[1m_update_scan_actions[22m | region2_village_shrine_overlay.png[39m[0m
[  27% ] [90m[1m_update_scan_actions[22m | region2_village_weapon.png[39m[0m
[  27% ] [90m[1m_update_scan_actions[22m | region2_village_weapon_overlay.png[39m[0m
[  27% ] [90m[1m_update_scan_actions[22m | region2_weapon.png[39m[0m
[  27% ] [90m[1m_update_scan_actions[22m | idle.png[39m[0m
[  27% ] [90m[1m_update_scan_actions[22m | idle.png[39m[0m
[  27% ] [90m[1m_update_scan_actions[22m | idle.png[39m[0m
[  27% ] [90m[1m_update_scan_actions[22m | idle.png[39m[0m
[  27% ] [90m[1m_update_scan_actions[22m | idle.png[39m[0m
[  27% ] [90m[1m_update_scan_actions[22m | idle.png[39m[0m
[  27% ] [90m[1m_update_scan_actions[22m | idle.png[39m[0m
[  27% ] [90m[1m_update_scan_actions[22m | idle.png[39m[0m
[  27% ] [90m[1m_update_scan_actions[22m | idle.png[39m[0m
[  27% ] [90m[1m_update_scan_actions[22m | idle.png[39m[0m
[  27% ] [90m[1m_update_scan_actions[22m | idle.png[39m[0m
[  27% ] [90m[1m_update_scan_actions[22m | idle.png[39m[0m
[  27% ] [90m[1m_update_scan_actions[22m | idle.png[39m[0m
[  27% ] [90m[1m_update_scan_actions[22m | idle.png[39m[0m
[  27% ] [90m[1m_update_scan_actions[22m | idle.png[39m[0m
[  27% ] [90m[1m_update_scan_actions[22m | idle.png[39m[0m
[  27% ] [90m[1m_update_scan_actions[22m | idle.png[39m[0m
[  27% ] [90m[1m_update_scan_actions[22m | idle.png[39m[0m
[  27% ] [90m[1m_update_scan_actions[22m | idle.png[39m[0m
[  27% ] [90m[1m_update_scan_actions[22m | idle.png[39m[0m
[  27% ] [90m[1m_update_scan_actions[22m | idle.png[39m[0m
[  27% ] [90m[1m_update_scan_actions[22m | idle.png[39m[0m
[  27% ] [90m[1m_update_scan_actions[22m | idle.png[39m[0m
[  27% ] [90m[1m_update_scan_actions[22m | idle.png[39m[0m
[  27% ] [90m[1m_update_scan_actions[22m | idle.png[39m[0m
[  27% ] [90m[1m_update_scan_actions[22m | idle.png[39m[0m
[  28% ] [90m[1m_update_scan_actions[22m | idle.png[39m[0m
[  28% ] [90m[1m_update_scan_actions[22m | idle.png[39m[0m
[  28% ] [90m[1m_update_scan_actions[22m | idle.png[39m[0m
[  28% ] [90m[1m_update_scan_actions[22m | idle.png[39m[0m
[  28% ] [90m[1m_update_scan_actions[22m | idle.png[39m[0m
[  28% ] [90m[1m_update_scan_actions[22m | idle.png[39m[0m
[  28% ] [90m[1m_update_scan_actions[22m | idle.png[39m[0m
[  28% ] [90m[1m_update_scan_actions[22m | idle.png[39m[0m
[  28% ] [90m[1m_update_scan_actions[22m | idle.png[39m[0m
[  28% ] [90m[1m_update_scan_actions[22m | idle.png[39m[0m
[  28% ] [90m[1m_update_scan_actions[22m | idle.png[39m[0m
[  28% ] [90m[1m_update_scan_actions[22m | idle.png[39m[0m
[  28% ] [90m[1m_update_scan_actions[22m | idle.png[39m[0m
[  28% ] [90m[1m_update_scan_actions[22m | idle.png[39m[0m
[  28% ] [90m[1m_update_scan_actions[22m | idle.png[39m[0m
[  28% ] [90m[1m_update_scan_actions[22m | idle.png[39m[0m
[  28% ] [90m[1m_update_scan_actions[22m | idle.png[39m[0m
[  28% ] [90m[1m_update_scan_actions[22m | idle.png[39m[0m
[  28% ] [90m[1m_update_scan_actions[22m | idle.png[39m[0m
[  28% ] [90m[1m_update_scan_actions[22m | idle.png[39m[0m
[  28% ] [90m[1m_update_scan_actions[22m | idle.png[39m[0m
[  28% ] [90m[1m_update_scan_actions[22m | idle.png[39m[0m
[  28% ] [90m[1m_update_scan_actions[22m | idle.png[39m[0m
[  28% ] [90m[1m_update_scan_actions[22m | idle.png[39m[0m
[  28% ] [90m[1m_update_scan_actions[22m | idle.png[39m[0m
[  28% ] [90m[1m_update_scan_actions[22m | idle.png[39m[0m
[  28% ] [90m[1m_update_scan_actions[22m | idle.png[39m[0m
[  28% ] [90m[1m_update_scan_actions[22m | idle.png[39m[0m
[  28% ] [90m[1m_update_scan_actions[22m | idle.png[39m[0m
[  28% ] [90m[1m_update_scan_actions[22m | idle.png[39m[0m
[  29% ] [90m[1m_update_scan_actions[22m | idle.png[39m[0m
[  29% ] [90m[1m_update_scan_actions[22m | idle.png[39m[0m
[  29% ] [90m[1m_update_scan_actions[22m | idle.png[39m[0m
[  29% ] [90m[1m_update_scan_actions[22m | idle.png[39m[0m
[  29% ] [90m[1m_update_scan_actions[22m | idle.png[39m[0m
[  29% ] [90m[1m_update_scan_actions[22m | idle.png[39m[0m
[  29% ] [90m[1m_update_scan_actions[22m | idle.png[39m[0m
[  29% ] [90m[1m_update_scan_actions[22m | idle.png[39m[0m
[  29% ] [90m[1m_update_scan_actions[22m | idle.png[39m[0m
[  29% ] [90m[1m_update_scan_actions[22m | idle.png[39m[0m
[  29% ] [90m[1m_update_scan_actions[22m | idle.png[39m[0m
[  29% ] [90m[1m_update_scan_actions[22m | idle.png[39m[0m
[  29% ] [90m[1m_update_scan_actions[22m | idle.png[39m[0m
[  29% ] [90m[1m_update_scan_actions[22m | idle.png[39m[0m
[  29% ] [90m[1m_update_scan_actions[22m | idle.png[39m[0m
[  29% ] [90m[1m_update_scan_actions[22m | idle.png[39m[0m
[  29% ] [90m[1m_update_scan_actions[22m | idle.png[39m[0m
[  29% ] [90m[1m_update_scan_actions[22m | idle.png[39m[0m
[  29% ] [90m[1m_update_scan_actions[22m | idle.png[39m[0m
[  29% ] [90m[1m_update_scan_actions[22m | idle.png[39m[0m
[  29% ] [90m[1m_update_scan_actions[22m | idle.png[39m[0m
[  29% ] [90m[1m_update_scan_actions[22m | idle.png[39m[0m
[  29% ] [90m[1m_update_scan_actions[22m | idle.png[39m[0m
[  29% ] [90m[1m_update_scan_actions[22m | idle.png[39m[0m
[  29% ] [90m[1m_update_scan_actions[22m | idle.png[39m[0m
[  29% ] [90m[1m_update_scan_actions[22m | idle.png[39m[0m
[  29% ] [90m[1m_update_scan_actions[22m | idle.png[39m[0m
[  29% ] [90m[1m_update_scan_actions[22m | idle.png[39m[0m
[  29% ] [90m[1m_update_scan_actions[22m | idle.png[39m[0m
[  29% ] [90m[1m_update_scan_actions[22m | idle.png[39m[0m
[  30% ] [90m[1m_update_scan_actions[22m | idle.png[39m[0m
[  30% ] [90m[1m_update_scan_actions[22m | idle.png[39m[0m
[  30% ] [90m[1m_update_scan_actions[22m | idle.png[39m[0m
[  30% ] [90m[1m_update_scan_actions[22m | idle.png[39m[0m
[  30% ] [90m[1m_update_scan_actions[22m | idle.png[39m[0m
[  30% ] [90m[1m_update_scan_actions[22m | idle.png[39m[0m
[  30% ] [90m[1m_update_scan_actions[22m | idle.png[39m[0m
[  30% ] [90m[1m_update_scan_actions[22m | idle.png[39m[0m
[  30% ] [90m[1m_update_scan_actions[22m | idle.png[39m[0m
[  30% ] [90m[1m_update_scan_actions[22m | idle.png[39m[0m
[  30% ] [90m[1m_update_scan_actions[22m | idle.png[39m[0m
[  30% ] [90m[1m_update_scan_actions[22m | idle.png[39m[0m
[  30% ] [90m[1m_update_scan_actions[22m | idle.png[39m[0m
[  30% ] [90m[1m_update_scan_actions[22m | idle.png[39m[0m
[  30% ] [90m[1m_update_scan_actions[22m | idle.png[39m[0m
[  30% ] [90m[1m_update_scan_actions[22m | idle.png[39m[0m
[  30% ] [90m[1m_update_scan_actions[22m | idle.png[39m[0m
[  30% ] [90m[1m_update_scan_actions[22m | idle.png[39m[0m
[  30% ] [90m[1m_update_scan_actions[22m | idle.png[39m[0m
[  30% ] [90m[1m_update_scan_actions[22m | idle.png[39m[0m
[  30% ] [90m[1m_update_scan_actions[22m | idle.png[39m[0m
[  30% ] [90m[1m_update_scan_actions[22m | idle.png[39m[0m
[  30% ] [90m[1m_update_scan_actions[22m | castle_banner.png[39m[0m
[  30% ] [90m[1m_update_scan_actions[22m | castle_bookcase.png[39m[0m
[  30% ] [90m[1m_update_scan_actions[22m | castle_candelabrum.png[39m[0m
[  30% ] [90m[1m_update_scan_actions[22m | castle_column.png[39m[0m
[  30% ] [90m[1m_update_scan_actions[22m | castle_low_wall_vertical.png[39m[0m
[  30% ] [90m[1m_update_scan_actions[22m | castle_throne.png[39m[0m
[  30% ] [90m[1m_update_scan_actions[22m | chest.png[39m[0m
[  30% ] [90m[1m_update_scan_actions[22m | first_cave_entrance.png[39m[0m
[  31% ] [90m[1m_update_scan_actions[22m | gado_tool_broken.png[39m[0m
[  31% ] [90m[1m_update_scan_actions[22m | gado_tool_repaired.png[39m[0m
[  31% ] [90m[1m_update_scan_actions[22m | gate.png[39m[0m
[  31% ] [90m[1m_update_scan_actions[22m | home_bed.png[39m[0m
[  31% ] [90m[1m_update_scan_actions[22m | home_cupboard.png[39m[0m
[  31% ] [90m[1m_update_scan_actions[22m | home_hearth.png[39m[0m
[  31% ] [90m[1m_update_scan_actions[22m | home_rug.png[39m[0m
[  31% ] [90m[1m_update_scan_actions[22m | home_table.png[39m[0m
[  31% ] [90m[1m_update_scan_actions[22m | home_window.png[39m[0m
[  31% ] [90m[1m_update_scan_actions[22m | natural_barred_gate.png[39m[0m
[  31% ] [90m[1m_update_scan_actions[22m | natural_barrels.png[39m[0m
[  31% ] [90m[1m_update_scan_actions[22m | natural_bench.png[39m[0m
[  31% ] [90m[1m_update_scan_actions[22m | natural_bridge.png[39m[0m
[  31% ] [90m[1m_update_scan_actions[22m | natural_broken_pillar.png[39m[0m
[  31% ] [90m[1m_update_scan_actions[22m | natural_broken_statue.png[39m[0m
[  31% ] [90m[1m_update_scan_actions[22m | natural_cabbage.png[39m[0m
[  31% ] [90m[1m_update_scan_actions[22m | natural_campfire.png[39m[0m
[  31% ] [90m[1m_update_scan_actions[22m | natural_carrots.png[39m[0m
[  31% ] [90m[1m_update_scan_actions[22m | natural_cart.png[39m[0m
[  31% ] [90m[1m_update_scan_actions[22m | natural_castle.png[39m[0m
[  31% ] [90m[1m_update_scan_actions[22m | natural_chicken.png[39m[0m
[  31% ] [90m[1m_update_scan_actions[22m | natural_church.png[39m[0m
[  31% ] [90m[1m_update_scan_actions[22m | natural_crates.png[39m[0m
[  31% ] [90m[1m_update_scan_actions[22m | natural_dirt_patch.png[39m[0m
[  31% ] [90m[1m_update_scan_actions[22m | natural_door.png[39m[0m
[  31% ] [90m[1m_update_scan_actions[22m | natural_door_closed.png[39m[0m
[  31% ] [90m[1m_update_scan_actions[22m | natural_door_open.png[39m[0m
[  31% ] [90m[1m_update_scan_actions[22m | natural_farm_house_a.png[39m[0m
[  31% ] [90m[1m_update_scan_actions[22m | natural_farm_house_b.png[39m[0m
[  31% ] [90m[1m_update_scan_actions[22m | natural_fenced_flowerbed_ne.png[39m[0m
[  32% ] [90m[1m_update_scan_actions[22m | natural_fenced_flowerbed_nw.png[39m[0m
[  32% ] [90m[1m_update_scan_actions[22m | natural_fenced_flowerbed_se.png[39m[0m
[  32% ] [90m[1m_update_scan_actions[22m | natural_fenced_flowerbed_sw.png[39m[0m
[  32% ] [90m[1m_update_scan_actions[22m | natural_fence_corner.png[39m[0m
[  32% ] [90m[1m_update_scan_actions[22m | natural_fence_gap.png[39m[0m
[  32% ] [90m[1m_update_scan_actions[22m | natural_fence_horizontal.png[39m[0m
[  32% ] [90m[1m_update_scan_actions[22m | natural_fence_low_horizontal.png[39m[0m
[  32% ] [90m[1m_update_scan_actions[22m | natural_fence_vertical.png[39m[0m
[  32% ] [90m[1m_update_scan_actions[22m | natural_floor_pattern.png[39m[0m
[  32% ] [90m[1m_update_scan_actions[22m | natural_flowerbed.png[39m[0m
[  32% ] [90m[1m_update_scan_actions[22m | natural_flowers_pink.png[39m[0m
[  32% ] [90m[1m_update_scan_actions[22m | natural_flowers_white.png[39m[0m
[  32% ] [90m[1m_update_scan_actions[22m | natural_flowers_yellow.png[39m[0m
[  32% ] [90m[1m_update_scan_actions[22m | natural_fountain.png[39m[0m
[  32% ] [90m[1m_update_scan_actions[22m | natural_gate.png[39m[0m
[  32% ] [90m[1m_update_scan_actions[22m | natural_gate_closed.png[39m[0m
[  32% ] [90m[1m_update_scan_actions[22m | natural_gate_open.png[39m[0m
[  32% ] [90m[1m_update_scan_actions[22m | natural_haystack.png[39m[0m
[  32% ] [90m[1m_update_scan_actions[22m | natural_leaves.png[39m[0m
[  32% ] [90m[1m_update_scan_actions[22m | natural_manor.png[39m[0m
[  32% ] [90m[1m_update_scan_actions[22m | natural_market_blue.png[39m[0m
[  32% ] [90m[1m_update_scan_actions[22m | natural_market_ochre.png[39m[0m
[  32% ] [90m[1m_update_scan_actions[22m | natural_market_purple.png[39m[0m
[  32% ] [90m[1m_update_scan_actions[22m | natural_market_red.png[39m[0m
[  32% ] [90m[1m_update_scan_actions[22m | natural_mine_timbers.png[39m[0m
[  32% ] [90m[1m_update_scan_actions[22m | natural_mushrooms.png[39m[0m
[  32% ] [90m[1m_update_scan_actions[22m | natural_overgrown_grass.png[39m[0m
[  32% ] [90m[1m_update_scan_actions[22m | natural_pebbles.png[39m[0m
[  32% ] [90m[1m_update_scan_actions[22m | natural_pillar.png[39m[0m
[  32% ] [90m[1m_update_scan_actions[22m | natural_pool.png[39m[0m
[  33% ] [90m[1m_update_scan_actions[22m | natural_rope_bridge.png[39m[0m
[  33% ] [90m[1m_update_scan_actions[22m | natural_rubble.png[39m[0m
[  33% ] [90m[1m_update_scan_actions[22m | natural_shrine.png[39m[0m
[  33% ] [90m[1m_update_scan_actions[22m | natural_sign_inn.png[39m[0m
[  33% ] [90m[1m_update_scan_actions[22m | natural_sign_item.png[39m[0m
[  33% ] [90m[1m_update_scan_actions[22m | natural_sign_weapon.png[39m[0m
[  33% ] [90m[1m_update_scan_actions[22m | natural_stairs_down.png[39m[0m
[  33% ] [90m[1m_update_scan_actions[22m | natural_stairs_up.png[39m[0m
[  33% ] [90m[1m_update_scan_actions[22m | natural_stalagmites.png[39m[0m
[  33% ] [90m[1m_update_scan_actions[22m | natural_stele.png[39m[0m
[  33% ] [90m[1m_update_scan_actions[22m | natural_torch.png[39m[0m
[  33% ] [90m[1m_update_scan_actions[22m | natural_town_house_blue.png[39m[0m
[  33% ] [90m[1m_update_scan_actions[22m | natural_town_house_red.png[39m[0m
[  33% ] [90m[1m_update_scan_actions[22m | natural_tree_round_large.png[39m[0m
[  33% ] [90m[1m_update_scan_actions[22m | natural_tufts.png[39m[0m
[  33% ] [90m[1m_update_scan_actions[22m | natural_wall_corner.png[39m[0m
[  33% ] [90m[1m_update_scan_actions[22m | natural_wall_horizontal.png[39m[0m
[  33% ] [90m[1m_update_scan_actions[22m | natural_wall_vertical.png[39m[0m
[  33% ] [90m[1m_update_scan_actions[22m | natural_watchtower.png[39m[0m
[  33% ] [90m[1m_update_scan_actions[22m | natural_well.png[39m[0m
[  33% ] [90m[1m_update_scan_actions[22m | natural_wheat.png[39m[0m
[  33% ] [90m[1m_update_scan_actions[22m | port_pier_deck.png[39m[0m
[  33% ] [90m[1m_update_scan_actions[22m | port_pier_edge.png[39m[0m
[  33% ] [90m[1m_update_scan_actions[22m | region2_arch.png[39m[0m
[  33% ] [90m[1m_update_scan_actions[22m | region2_armor.png[39m[0m
[  33% ] [90m[1m_update_scan_actions[22m | region2_boat.png[39m[0m
[  33% ] [90m[1m_update_scan_actions[22m | region2_harbor.png[39m[0m
[  33% ] [90m[1m_update_scan_actions[22m | region2_home_a.png[39m[0m
[  33% ] [90m[1m_update_scan_actions[22m | region2_home_b.png[39m[0m
[  33% ] [90m[1m_update_scan_actions[22m | region2_inn.png[39m[0m
[  34% ] [90m[1m_update_scan_actions[22m | region2_item.png[39m[0m
[  34% ] [90m[1m_update_scan_actions[22m | region2_palm.png[39m[0m
[  34% ] [90m[1m_update_scan_actions[22m | region2_pillar.png[39m[0m
[  34% ] [90m[1m_update_scan_actions[22m | region2_rocks.png[39m[0m
[  34% ] [90m[1m_update_scan_actions[22m | region2_shrine.png[39m[0m
[  34% ] [90m[1m_update_scan_actions[22m | region2_stall_blue.png[39m[0m
[  34% ] [90m[1m_update_scan_actions[22m | region2_stall_gold.png[39m[0m
[  34% ] [90m[1m_update_scan_actions[22m | region2_stall_red.png[39m[0m
[  34% ] [90m[1m_update_scan_actions[22m | region2_stall_sand.png[39m[0m
[  34% ] [90m[1m_update_scan_actions[22m | region2_wall.png[39m[0m
[  34% ] [90m[1m_update_scan_actions[22m | region2_weapon.png[39m[0m
[  34% ] [90m[1m_update_scan_actions[22m | region2_well.png[39m[0m
[  34% ] [90m[1m_update_scan_actions[22m | bright_barrel.png[39m[0m
[  34% ] [90m[1m_update_scan_actions[22m | bright_bed.png[39m[0m
[  34% ] [90m[1m_update_scan_actions[22m | bright_bridge.png[39m[0m
[  34% ] [90m[1m_update_scan_actions[22m | bright_cave_floor.png[39m[0m
[  34% ] [90m[1m_update_scan_actions[22m | bright_cave_wall.png[39m[0m
[  34% ] [90m[1m_update_scan_actions[22m | bright_chair.png[39m[0m
[  34% ] [90m[1m_update_scan_actions[22m | bright_deep_forest.png[39m[0m
[  34% ] [90m[1m_update_scan_actions[22m | bright_deep_forest_edge_east.png[39m[0m
[  34% ] [90m[1m_update_scan_actions[22m | bright_deep_forest_edge_inner_ne.png[39m[0m
[  34% ] [90m[1m_update_scan_actions[22m | bright_deep_forest_edge_inner_nw.png[39m[0m
[  34% ] [90m[1m_update_scan_actions[22m | bright_deep_forest_edge_inner_se.png[39m[0m
[  34% ] [90m[1m_update_scan_actions[22m | bright_deep_forest_edge_inner_sw.png[39m[0m
[  34% ] [90m[1m_update_scan_actions[22m | bright_deep_forest_edge_ne.png[39m[0m
[  34% ] [90m[1m_update_scan_actions[22m | bright_deep_forest_edge_north.png[39m[0m
[  34% ] [90m[1m_update_scan_actions[22m | bright_deep_forest_edge_nw.png[39m[0m
[  34% ] [90m[1m_update_scan_actions[22m | bright_deep_forest_edge_se.png[39m[0m
[  34% ] [90m[1m_update_scan_actions[22m | bright_deep_forest_edge_south.png[39m[0m
[  34% ] [90m[1m_update_scan_actions[22m | bright_deep_forest_edge_sw.png[39m[0m
[  35% ] [90m[1m_update_scan_actions[22m | bright_deep_forest_edge_west.png[39m[0m
[  35% ] [90m[1m_update_scan_actions[22m | bright_fence.png[39m[0m
[  35% ] [90m[1m_update_scan_actions[22m | bright_flowers.png[39m[0m
[  35% ] [90m[1m_update_scan_actions[22m | bright_forest.png[39m[0m
[  35% ] [90m[1m_update_scan_actions[22m | bright_forest_edge_east.png[39m[0m
[  35% ] [90m[1m_update_scan_actions[22m | bright_forest_edge_inner_ne.png[39m[0m
[  35% ] [90m[1m_update_scan_actions[22m | bright_forest_edge_inner_nw.png[39m[0m
[  35% ] [90m[1m_update_scan_actions[22m | bright_forest_edge_inner_se.png[39m[0m
[  35% ] [90m[1m_update_scan_actions[22m | bright_forest_edge_inner_sw.png[39m[0m
[  35% ] [90m[1m_update_scan_actions[22m | bright_forest_edge_ne.png[39m[0m
[  35% ] [90m[1m_update_scan_actions[22m | bright_forest_edge_north.png[39m[0m
[  35% ] [90m[1m_update_scan_actions[22m | bright_forest_edge_nw.png[39m[0m
[  35% ] [90m[1m_update_scan_actions[22m | bright_forest_edge_se.png[39m[0m
[  35% ] [90m[1m_update_scan_actions[22m | bright_forest_edge_south.png[39m[0m
[  35% ] [90m[1m_update_scan_actions[22m | bright_forest_edge_sw.png[39m[0m
[  35% ] [90m[1m_update_scan_actions[22m | bright_forest_edge_west.png[39m[0m
[  35% ] [90m[1m_update_scan_actions[22m | bright_grass.png[39m[0m
[  35% ] [90m[1m_update_scan_actions[22m | bright_grass_2.png[39m[0m
[  35% ] [90m[1m_update_scan_actions[22m | bright_grass_3.png[39m[0m
[  35% ] [90m[1m_update_scan_actions[22m | bright_hills.png[39m[0m
[  35% ] [90m[1m_update_scan_actions[22m | bright_house_door.png[39m[0m
[  35% ] [90m[1m_update_scan_actions[22m | bright_house_exterior.png[39m[0m
[  35% ] [90m[1m_update_scan_actions[22m | bright_house_roof.png[39m[0m
[  35% ] [90m[1m_update_scan_actions[22m | bright_house_wall.png[39m[0m
[  35% ] [90m[1m_update_scan_actions[22m | bright_house_window.png[39m[0m
[  35% ] [90m[1m_update_scan_actions[22m | bright_inn_counter.png[39m[0m
[  35% ] [90m[1m_update_scan_actions[22m | bright_inn_door.png[39m[0m
[  35% ] [90m[1m_update_scan_actions[22m | bright_inn_exterior.png[39m[0m
[  35% ] [90m[1m_update_scan_actions[22m | bright_inn_roof.png[39m[0m
[  35% ] [90m[1m_update_scan_actions[22m | bright_inn_wall.png[39m[0m
[  36% ] [90m[1m_update_scan_actions[22m | bright_inn_window.png[39m[0m
[  36% ] [90m[1m_update_scan_actions[22m | bright_interior_wall.png[39m[0m
[  36% ] [90m[1m_update_scan_actions[22m | bright_item_shop_door.png[39m[0m
[  36% ] [90m[1m_update_scan_actions[22m | bright_item_shop_exterior.png[39m[0m
[  36% ] [90m[1m_update_scan_actions[22m | bright_item_shop_roof.png[39m[0m
[  36% ] [90m[1m_update_scan_actions[22m | bright_item_shop_wall.png[39m[0m
[  36% ] [90m[1m_update_scan_actions[22m | bright_item_shop_window.png[39m[0m
[  36% ] [90m[1m_update_scan_actions[22m | bright_mountains.png[39m[0m
[  36% ] [90m[1m_update_scan_actions[22m | bright_pot.png[39m[0m
[  36% ] [90m[1m_update_scan_actions[22m | bright_road.png[39m[0m
[  36% ] [90m[1m_update_scan_actions[22m | bright_road_edge_east.png[39m[0m
[  36% ] [90m[1m_update_scan_actions[22m | bright_road_edge_inner_ne.png[39m[0m
[  36% ] [90m[1m_update_scan_actions[22m | bright_road_edge_inner_nw.png[39m[0m
[  36% ] [90m[1m_update_scan_actions[22m | bright_road_edge_inner_se.png[39m[0m
[  36% ] [90m[1m_update_scan_actions[22m | bright_road_edge_inner_sw.png[39m[0m
[  36% ] [90m[1m_update_scan_actions[22m | bright_road_edge_ne.png[39m[0m
[  36% ] [90m[1m_update_scan_actions[22m | bright_road_edge_north.png[39m[0m
[  36% ] [90m[1m_update_scan_actions[22m | bright_road_edge_nw.png[39m[0m
[  36% ] [90m[1m_update_scan_actions[22m | bright_road_edge_se.png[39m[0m
[  36% ] [90m[1m_update_scan_actions[22m | bright_road_edge_south.png[39m[0m
[  36% ] [90m[1m_update_scan_actions[22m | bright_road_edge_sw.png[39m[0m
[  36% ] [90m[1m_update_scan_actions[22m | bright_road_edge_west.png[39m[0m
[  36% ] [90m[1m_update_scan_actions[22m | bright_rug.png[39m[0m
[  36% ] [90m[1m_update_scan_actions[22m | bright_shelf.png[39m[0m
[  36% ] [90m[1m_update_scan_actions[22m | bright_shop_counter.png[39m[0m
[  36% ] [90m[1m_update_scan_actions[22m | bright_shore_east.png[39m[0m
[  36% ] [90m[1m_update_scan_actions[22m | bright_shore_inner_ne.png[39m[0m
[  36% ] [90m[1m_update_scan_actions[22m | bright_shore_inner_nw.png[39m[0m
[  36% ] [90m[1m_update_scan_actions[22m | bright_shore_inner_se.png[39m[0m
[  36% ] [90m[1m_update_scan_actions[22m | bright_shore_inner_sw.png[39m[0m
[  37% ] [90m[1m_update_scan_actions[22m | bright_shore_ne.png[39m[0m
[  37% ] [90m[1m_update_scan_actions[22m | bright_shore_north.png[39m[0m
[  37% ] [90m[1m_update_scan_actions[22m | bright_shore_nw.png[39m[0m
[  37% ] [90m[1m_update_scan_actions[22m | bright_shore_se.png[39m[0m
[  37% ] [90m[1m_update_scan_actions[22m | bright_shore_south.png[39m[0m
[  37% ] [90m[1m_update_scan_actions[22m | bright_shore_sw.png[39m[0m
[  37% ] [90m[1m_update_scan_actions[22m | bright_shore_west.png[39m[0m
[  37% ] [90m[1m_update_scan_actions[22m | bright_stairs_down.png[39m[0m
[  37% ] [90m[1m_update_scan_actions[22m | bright_stairs_up.png[39m[0m
[  37% ] [90m[1m_update_scan_actions[22m | bright_table.png[39m[0m
[  37% ] [90m[1m_update_scan_actions[22m | bright_torch.png[39m[0m
[  37% ] [90m[1m_update_scan_actions[22m | bright_tree_oak.png[39m[0m
[  37% ] [90m[1m_update_scan_actions[22m | bright_tree_pine.png[39m[0m
[  37% ] [90m[1m_update_scan_actions[22m | bright_water.png[39m[0m
[  37% ] [90m[1m_update_scan_actions[22m | bright_weapon_shop_door.png[39m[0m
[  37% ] [90m[1m_update_scan_actions[22m | bright_weapon_shop_exterior.png[39m[0m
[  37% ] [90m[1m_update_scan_actions[22m | bright_weapon_shop_roof.png[39m[0m
[  37% ] [90m[1m_update_scan_actions[22m | bright_weapon_shop_wall.png[39m[0m
[  37% ] [90m[1m_update_scan_actions[22m | bright_weapon_shop_window.png[39m[0m
[  37% ] [90m[1m_update_scan_actions[22m | bright_wood_floor.png[39m[0m
[  37% ] [90m[1m_update_scan_actions[22m | castle_floor.png[39m[0m
[  37% ] [90m[1m_update_scan_actions[22m | castle_runner.png[39m[0m
[  37% ] [90m[1m_update_scan_actions[22m | castle_wall.png[39m[0m
[  37% ] [90m[1m_update_scan_actions[22m | cave_filled_wall_autotile.png[39m[0m
[  37% ] [90m[1m_update_scan_actions[22m | cave_quiet_floor.png[39m[0m
[  37% ] [90m[1m_update_scan_actions[22m | cave_quiet_water.png[39m[0m
[  37% ] [90m[1m_update_scan_actions[22m | cave_thick_wall_autotile.png[39m[0m
[  37% ] [90m[1m_update_scan_actions[22m | cave_wall_side.png[39m[0m
[  37% ] [90m[1m_update_scan_actions[22m | cave_wall_top.png[39m[0m
[  38% ] [90m[1m_update_scan_actions[22m | dungeon_cave.png[39m[0m
[  38% ] [90m[1m_update_scan_actions[22m | field_outdoor.png[39m[0m
[  38% ] [90m[1m_update_scan_actions[22m | forest_tower_round_room.png[39m[0m
[  38% ] [90m[1m_update_scan_actions[22m | home_floor.png[39m[0m
[  38% ] [90m[1m_update_scan_actions[22m | home_wall.png[39m[0m
[  38% ] [90m[1m_update_scan_actions[22m | natural_auto_cave.png[39m[0m
[  38% ] [90m[1m_update_scan_actions[22m | natural_auto_cobble.png[39m[0m
[  38% ] [90m[1m_update_scan_actions[22m | natural_auto_dirt.png[39m[0m
[  38% ] [90m[1m_update_scan_actions[22m | natural_auto_forest.png[39m[0m
[  38% ] [90m[1m_update_scan_actions[22m | natural_auto_hills.png[39m[0m
[  38% ] [90m[1m_update_scan_actions[22m | natural_auto_lake.png[39m[0m
[  38% ] [90m[1m_update_scan_actions[22m | natural_auto_mountains.png[39m[0m
[  38% ] [90m[1m_update_scan_actions[22m | natural_auto_river.png[39m[0m
[  38% ] [90m[1m_update_scan_actions[22m | natural_auto_shore.png[39m[0m
[  38% ] [90m[1m_update_scan_actions[22m | natural_cave_floor.png[39m[0m
[  38% ] [90m[1m_update_scan_actions[22m | natural_cave_floor_2.png[39m[0m
[  38% ] [90m[1m_update_scan_actions[22m | natural_cave_rock.png[39m[0m
[  38% ] [90m[1m_update_scan_actions[22m | natural_cobble.png[39m[0m
[  38% ] [90m[1m_update_scan_actions[22m | natural_dirt.png[39m[0m
[  38% ] [90m[1m_update_scan_actions[22m | natural_grass.png[39m[0m
[  38% ] [90m[1m_update_scan_actions[22m | natural_grass_2.png[39m[0m
[  38% ] [90m[1m_update_scan_actions[22m | natural_grass_3.png[39m[0m
[  38% ] [90m[1m_update_scan_actions[22m | natural_grass_meadow.png[39m[0m
[  38% ] [90m[1m_update_scan_actions[22m | natural_moss_floor.png[39m[0m
[  38% ] [90m[1m_update_scan_actions[22m | natural_moss_wall.png[39m[0m
[  38% ] [90m[1m_update_scan_actions[22m | natural_stone_floor.png[39m[0m
[  38% ] [90m[1m_update_scan_actions[22m | natural_stone_wall.png[39m[0m
[  38% ] [90m[1m_update_scan_actions[22m | natural_water.png[39m[0m
[  38% ] [90m[1m_update_scan_actions[22m | region2_cobble.png[39m[0m
[  38% ] [90m[1m_update_scan_actions[22m | region2_pier.png[39m[0m
[  39% ] [90m[1m_update_scan_actions[22m | region2_sand.png[39m[0m
[  39% ] [90m[1m_update_scan_actions[22m | region2_water.png[39m[0m
[  39% ] [90m[1m_update_scan_actions[22m | world_connected_water.png[39m[0m
[  39% ] [90m[1m_update_scan_actions[22m | world_water_alpha_mask.png[39m[0m
[  39% ] [90m[1m_update_scan_actions[22m | region2_port.png[39m[0m
[  39% ] [90m[1m_update_scan_actions[22m | region2_port_overlay.png[39m[0m
[  39% ] [90m[1m_update_scan_actions[22m | region2_village_exterior.png[39m[0m
[  39% ] [90m[1m_update_scan_actions[22m | region2_village_exterior_overlay.png[39m[0m
[  39% ] [90m[1m_update_scan_actions[22m | cursor_bright.png[39m[0m
[  39% ] [90m[1m_update_scan_actions[22m | icon_castle.png[39m[0m
[  39% ] [90m[1m_update_scan_actions[22m | icon_cave.png[39m[0m
[  39% ] [90m[1m_update_scan_actions[22m | icon_tower.png[39m[0m
[  39% ] [90m[1m_update_scan_actions[22m | icon_town.png[39m[0m
[  39% ] [90m[1m_update_scan_actions[22m | icon_village.png[39m[0m
[  39% ] [90m[1m_update_scan_actions[22m | window_bright.png[39m[0m
[  39% ] [90m[1m_update_scan_actions[22m | owner_ship.png[39m[0m
[  39% ] [90m[1m_update_scan_actions[22m | battle-layout-mock.png[39m[0m
[  39% ] [90m[1m_update_scan_actions[22m | battle-layout-target.jpg[39m[0m
[  39% ] [90m[1m_update_scan_actions[22m | capital-city.jpg[39m[0m
[  39% ] [90m[1m_update_scan_actions[22m | castle-town.jpg[39m[0m
[  39% ] [90m[1m_update_scan_actions[22m | cave-natural.jpg[39m[0m
[  39% ] [90m[1m_update_scan_actions[22m | dungeon-stone.jpg[39m[0m
[  39% ] [90m[1m_update_scan_actions[22m | first-castle-hall.png[39m[0m
[  39% ] [90m[1m_update_scan_actions[22m | first-castle-town.png[39m[0m
[  39% ] [90m[1m_update_scan_actions[22m | forest-tower.png[39m[0m
[  39% ] [90m[1m_update_scan_actions[22m | port-town.png[39m[0m
[  39% ] [90m[1m_update_scan_actions[22m | region2-port-town.png[39m[0m
[  39% ] [90m[1m_update_scan_actions[22m | ruins-temple.jpg[39m[0m
[  39% ] [90m[1m_update_scan_actions[22m | town-river.jpg[39m[0m
[  39% ] [90m[1m_update_scan_actions[22m | town-walled-a.jpg[39m[0m
[  40% ] [90m[1m_update_scan_actions[22m | town-walled-b.jpg[39m[0m
[  40% ] [90m[1m_update_scan_actions[22m | village-farm-a.jpg[39m[0m
[  40% ] [90m[1m_update_scan_actions[22m | village-farm-b.jpg[39m[0m
[  40% ] [90m[1m_update_scan_actions[22m | pc_01_design.png[39m[0m
[  40% ] [90m[1m_update_scan_actions[22m | pc_02_design.png[39m[0m
[  40% ] [90m[1m_update_scan_actions[22m | pc_03_design.png[39m[0m
[  40% ] [90m[1m_update_scan_actions[22m | pc_04_design.png[39m[0m
[  40% ] [90m[1m_update_scan_actions[22m | bright_cave_floor-8x8.png[39m[0m
[  40% ] [90m[1m_update_scan_actions[22m | bright_cave_wall-8x8.png[39m[0m
[  40% ] [90m[1m_update_scan_actions[22m | bright_deep_forest-8x8.png[39m[0m
[  40% ] [90m[1m_update_scan_actions[22m | bright_forest-8x8.png[39m[0m
[  40% ] [90m[1m_update_scan_actions[22m | bright_grass-8x8.png[39m[0m
[  40% ] [90m[1m_update_scan_actions[22m | bright_grass_2-8x8.png[39m[0m
[  40% ] [90m[1m_update_scan_actions[22m | bright_grass_3-8x8.png[39m[0m
[  40% ] [90m[1m_update_scan_actions[22m | bright_hills-8x8.png[39m[0m
[  40% ] [90m[1m_update_scan_actions[22m | bright_interior_wall-8x8.png[39m[0m
[  40% ] [90m[1m_update_scan_actions[22m | bright_mountains-8x8.png[39m[0m
[  40% ] [90m[1m_update_scan_actions[22m | bright_road-8x8.png[39m[0m
[  40% ] [90m[1m_update_scan_actions[22m | bright_water-8x8.png[39m[0m
[  40% ] [90m[1m_update_scan_actions[22m | bright_wood_floor-8x8.png[39m[0m
[  40% ] [90m[1m_update_scan_actions[22m | compatibility-atlases.png[39m[0m
[  40% ] [90m[1m_update_scan_actions[22m | objects.png[39m[0m
[  40% ] [90m[1m_update_scan_actions[22m | party-design-sheet.png[39m[0m
[  40% ] [90m[1m_update_scan_actions[22m | party-sprites.png[39m[0m
[  40% ] [90m[1m_update_scan_actions[22m | party-with-npcs.png[39m[0m
[  40% ] [90m[1m_update_scan_actions[22m | tiles-and-furniture.png[39m[0m
[  40% ] [90m[1m_update_scan_actions[22m | tiling-preview.png[39m[0m
[  40% ] [90m[1m_update_scan_actions[22m | village-mock-v2.png[39m[0m
[  40% ] [90m[1m_update_scan_actions[22m | world-mock.png[39m[0m
[  40% ] [90m[1m_update_scan_actions[22m | cave-natural-compare.png[39m[0m
[  41% ] [90m[1m_update_scan_actions[22m | cave-natural.png[39m[0m
[  41% ] [90m[1m_update_scan_actions[22m | floor-mask.png[39m[0m
[  41% ] [90m[1m_update_scan_actions[22m | lake-1-mask.png[39m[0m
[  41% ] [90m[1m_update_scan_actions[22m | lake-2-mask.png[39m[0m
[  41% ] [90m[1m_update_scan_actions[22m | lake-3-mask.png[39m[0m
[  41% ] [90m[1m_update_scan_actions[22m | new-assets-contact.png[39m[0m
[  41% ] [90m[1m_update_scan_actions[22m | palette-natural-compare.png[39m[0m
[  41% ] [90m[1m_update_scan_actions[22m | party-palette-review.png[39m[0m
[  41% ] [90m[1m_update_scan_actions[22m | rock-pixel-before-after.png[39m[0m
[  41% ] [90m[1m_update_scan_actions[22m | rock-pixel-source.png[39m[0m
[  41% ] [90m[1m_update_scan_actions[22m | target-color-samples.png[39m[0m
[  41% ] [90m[1m_update_scan_actions[22m | town-walled-a-compare.png[39m[0m
[  41% ] [90m[1m_update_scan_actions[22m | town-walled-a.png[39m[0m
[  41% ] [90m[1m_update_scan_actions[22m | village-farm-a-compare.png[39m[0m
[  41% ] [90m[1m_update_scan_actions[22m | village-farm-a.png[39m[0m
[  41% ] [90m[1m_update_scan_actions[22m | wall-mask.png[39m[0m
[  41% ] [90m[1m_update_scan_actions[22m | wall-side-mask.png[39m[0m
[  41% ] [90m[1m_update_scan_actions[22m | wall-top-mask.png[39m[0m
[  41% ] [90m[1m_update_scan_actions[22m | world-organic.png[39m[0m
[  41% ] [90m[1m_update_scan_actions[22m | palette-bright.png[39m[0m
[  41% ] [90m[1m_update_scan_actions[22m | palette-compare.png[39m[0m
[  41% ] [90m[1m_update_scan_actions[22m | party-compatibility.png[39m[0m
[  41% ] [90m[1m_update_scan_actions[22m | sheet-battle-backgrounds.png[39m[0m
[  41% ] [90m[1m_update_scan_actions[22m | sheet-characters.png[39m[0m
[  41% ] [90m[1m_update_scan_actions[22m | sheet-tiles.png[39m[0m
[  41% ] [90m[1m_update_scan_actions[22m | sheet-ui-objects.png[39m[0m
[  41% ] [90m[1m_update_scan_actions[22m | village-mock.png[39m[0m
[  41% ] [90m[1m_update_scan_actions[22m | 01-party-four.png[39m[0m
[  41% ] [90m[1m_update_scan_actions[22m | 02-party-three.png[39m[0m
[  41% ] [90m[1m_update_scan_actions[22m | 03-attack.png[39m[0m
[  42% ] [90m[1m_update_scan_actions[22m | 04-target-cursor.png[39m[0m
[  42% ] [90m[1m_update_scan_actions[22m | state-damage.png[39m[0m
[  42% ] [90m[1m_update_scan_actions[22m | state-fallen.png[39m[0m
[  42% ] [90m[1m_update_scan_actions[22m | state-heal.png[39m[0m
[  42% ] [90m[1m_update_scan_actions[22m | state-revive.png[39m[0m
[  42% ] [90m[1m_update_scan_actions[22m | 01-party-four.png[39m[0m
[  42% ] [90m[1m_update_scan_actions[22m | 02-attack.png[39m[0m
[  42% ] [90m[1m_update_scan_actions[22m | 03-skill-name.png[39m[0m
[  42% ] [90m[1m_update_scan_actions[22m | 04-party-three.png[39m[0m
[  42% ] [90m[1m_update_scan_actions[22m | bat.png[39m[0m
[  42% ] [90m[1m_update_scan_actions[22m | gate_beast.png[39m[0m
[  42% ] [90m[1m_update_scan_actions[22m | mending_beast.png[39m[0m
[  42% ] [90m[1m_update_scan_actions[22m | river_beast.png[39m[0m
[  42% ] [90m[1m_update_scan_actions[22m | shell_guard.png[39m[0m
[  42% ] [90m[1m_update_scan_actions[22m | slime.png[39m[0m
[  42% ] [90m[1m_update_scan_actions[22m | 01-party-four.png[39m[0m
[  42% ] [90m[1m_update_scan_actions[22m | 02-attack.png[39m[0m
[  42% ] [90m[1m_update_scan_actions[22m | 03-skill-name.png[39m[0m
[  42% ] [90m[1m_update_scan_actions[22m | 04-party-three.png[39m[0m
[  42% ] [90m[1m_update_scan_actions[22m | 05-five-enemies.png[39m[0m
[  42% ] [90m[1m_update_scan_actions[22m | 06-target-details.png[39m[0m
[  42% ] [90m[1m_update_scan_actions[22m | background-castle.png[39m[0m
[  42% ] [90m[1m_update_scan_actions[22m | background-cave.png[39m[0m
[  42% ] [90m[1m_update_scan_actions[22m | background-desert.png[39m[0m
[  42% ] [90m[1m_update_scan_actions[22m | background-final_land.png[39m[0m
[  42% ] [90m[1m_update_scan_actions[22m | background-forest.png[39m[0m
[  42% ] [90m[1m_update_scan_actions[22m | background-plains.png[39m[0m
[  42% ] [90m[1m_update_scan_actions[22m | background-ruins.png[39m[0m
[  42% ] [90m[1m_update_scan_actions[22m | background-sea.png[39m[0m
[  42% ] [90m[1m_update_scan_actions[22m | background-sky.png[39m[0m
[  43% ] [90m[1m_update_scan_actions[22m | background-snowfield.png[39m[0m
[  43% ] [90m[1m_update_scan_actions[22m | background-temple.png[39m[0m
[  43% ] [90m[1m_update_scan_actions[22m | background-tower.png[39m[0m
[  43% ] [90m[1m_update_scan_actions[22m | background-underworld.png[39m[0m
[  43% ] [90m[1m_update_scan_actions[22m | background-volcano.png[39m[0m
[  43% ] [90m[1m_update_scan_actions[22m | backgrounds-14.png[39m[0m
[  43% ] [90m[1m_update_scan_actions[22m | 01-party-four.png[39m[0m
[  43% ] [90m[1m_update_scan_actions[22m | 02-party-three.png[39m[0m
[  43% ] [90m[1m_update_scan_actions[22m | 03-attack.png[39m[0m
[  43% ] [90m[1m_update_scan_actions[22m | 04-target-cursor.png[39m[0m
[  43% ] [90m[1m_update_scan_actions[22m | state-damage.png[39m[0m
[  43% ] [90m[1m_update_scan_actions[22m | state-fallen.png[39m[0m
[  43% ] [90m[1m_update_scan_actions[22m | state-heal.png[39m[0m
[  43% ] [90m[1m_update_scan_actions[22m | state-revive.png[39m[0m
[  43% ] [90m[1m_update_scan_actions[22m | backgrounds-14.png[39m[0m
[  43% ] [90m[1m_update_scan_actions[22m | dotgothic16-plains.png[39m[0m
[  43% ] [90m[1m_update_scan_actions[22m | font-comparison.png[39m[0m
[  43% ] [90m[1m_update_scan_actions[22m | notosansjp-castle.png[39m[0m
[  43% ] [90m[1m_update_scan_actions[22m | notosansjp-cave.png[39m[0m
[  43% ] [90m[1m_update_scan_actions[22m | notosansjp-desert.png[39m[0m
[  43% ] [90m[1m_update_scan_actions[22m | notosansjp-final_land.png[39m[0m
[  43% ] [90m[1m_update_scan_actions[22m | notosansjp-forest.png[39m[0m
[  43% ] [90m[1m_update_scan_actions[22m | notosansjp-plains.png[39m[0m
[  43% ] [90m[1m_update_scan_actions[22m | notosansjp-ruins.png[39m[0m
[  43% ] [90m[1m_update_scan_actions[22m | notosansjp-sea.png[39m[0m
[  43% ] [90m[1m_update_scan_actions[22m | notosansjp-sky.png[39m[0m
[  43% ] [90m[1m_update_scan_actions[22m | notosansjp-snowfield.png[39m[0m
[  43% ] [90m[1m_update_scan_actions[22m | notosansjp-temple.png[39m[0m
[  43% ] [90m[1m_update_scan_actions[22m | notosansjp-tower.png[39m[0m
[  43% ] [90m[1m_update_scan_actions[22m | notosansjp-underworld.png[39m[0m
[  44% ] [90m[1m_update_scan_actions[22m | notosansjp-volcano.png[39m[0m
[  44% ] [90m[1m_update_scan_actions[22m | plains-attack.png[39m[0m
[  44% ] [90m[1m_update_scan_actions[22m | plains-target.png[39m[0m
[  44% ] [90m[1m_update_scan_actions[22m | 01-party-four.png[39m[0m
[  44% ] [90m[1m_update_scan_actions[22m | 02-party-three.png[39m[0m
[  44% ] [90m[1m_update_scan_actions[22m | 03-attack.png[39m[0m
[  44% ] [90m[1m_update_scan_actions[22m | 04-target-cursor.png[39m[0m
[  44% ] [90m[1m_update_scan_actions[22m | state-damage.png[39m[0m
[  44% ] [90m[1m_update_scan_actions[22m | state-fallen.png[39m[0m
[  44% ] [90m[1m_update_scan_actions[22m | state-heal.png[39m[0m
[  44% ] [90m[1m_update_scan_actions[22m | state-revive.png[39m[0m
[  44% ] [90m[1m_update_scan_actions[22m | 01-party-four.png[39m[0m
[  44% ] [90m[1m_update_scan_actions[22m | 02-party-three.png[39m[0m
[  44% ] [90m[1m_update_scan_actions[22m | 03-attack.png[39m[0m
[  44% ] [90m[1m_update_scan_actions[22m | 04-target-cursor.png[39m[0m
[  44% ] [90m[1m_update_scan_actions[22m | plains-comparison.png[39m[0m
[  44% ] [90m[1m_update_scan_actions[22m | state-damage.png[39m[0m
[  44% ] [90m[1m_update_scan_actions[22m | state-fallen.png[39m[0m
[  44% ] [90m[1m_update_scan_actions[22m | state-heal.png[39m[0m
[  44% ] [90m[1m_update_scan_actions[22m | state-revive.png[39m[0m
[  44% ] [90m[1m_update_scan_actions[22m | 01-party-four.png[39m[0m
[  44% ] [90m[1m_update_scan_actions[22m | 02-party-three.png[39m[0m
[  44% ] [90m[1m_update_scan_actions[22m | 03-attack.png[39m[0m
[  44% ] [90m[1m_update_scan_actions[22m | 04-target-cursor.png[39m[0m
[  44% ] [90m[1m_update_scan_actions[22m | state-damage.png[39m[0m
[  44% ] [90m[1m_update_scan_actions[22m | state-fallen.png[39m[0m
[  44% ] [90m[1m_update_scan_actions[22m | state-heal.png[39m[0m
[  44% ] [90m[1m_update_scan_actions[22m | state-revive.png[39m[0m
[  44% ] [90m[1m_update_scan_actions[22m | 01-party-four.png[39m[0m
[  44% ] [90m[1m_update_scan_actions[22m | 02-attack.png[39m[0m
[  45% ] [90m[1m_update_scan_actions[22m | 03-skill-name.png[39m[0m
[  45% ] [90m[1m_update_scan_actions[22m | 04-party-three.png[39m[0m
[  45% ] [90m[1m_update_scan_actions[22m | 05-five-enemies.png[39m[0m
[  45% ] [90m[1m_update_scan_actions[22m | 06-target-details.png[39m[0m
[  45% ] [90m[1m_update_scan_actions[22m | 07-two-enemies.png[39m[0m
[  45% ] [90m[1m_update_scan_actions[22m | background-castle.png[39m[0m
[  45% ] [90m[1m_update_scan_actions[22m | background-cave.png[39m[0m
[  45% ] [90m[1m_update_scan_actions[22m | background-desert.png[39m[0m
[  45% ] [90m[1m_update_scan_actions[22m | background-final_land.png[39m[0m
[  45% ] [90m[1m_update_scan_actions[22m | background-forest.png[39m[0m
[  45% ] [90m[1m_update_scan_actions[22m | background-plains.png[39m[0m
[  45% ] [90m[1m_update_scan_actions[22m | background-ruins.png[39m[0m
[  45% ] [90m[1m_update_scan_actions[22m | background-sea.png[39m[0m
[  45% ] [90m[1m_update_scan_actions[22m | background-sky.png[39m[0m
[  45% ] [90m[1m_update_scan_actions[22m | background-snowfield.png[39m[0m
[  45% ] [90m[1m_update_scan_actions[22m | background-temple.png[39m[0m
[  45% ] [90m[1m_update_scan_actions[22m | background-tower.png[39m[0m
[  45% ] [90m[1m_update_scan_actions[22m | background-underworld.png[39m[0m
[  45% ] [90m[1m_update_scan_actions[22m | background-volcano.png[39m[0m
[  45% ] [90m[1m_update_scan_actions[22m | head-regions.png[39m[0m
[  45% ] [90m[1m_update_scan_actions[22m | target-comparison.png[39m[0m
[  45% ] [90m[1m_update_scan_actions[22m | 01-party-four.png[39m[0m
[  45% ] [90m[1m_update_scan_actions[22m | 02-party-three.png[39m[0m
[  45% ] [90m[1m_update_scan_actions[22m | 03-attack.png[39m[0m
[  45% ] [90m[1m_update_scan_actions[22m | 04-target-cursor.png[39m[0m
[  45% ] [90m[1m_update_scan_actions[22m | state-damage.png[39m[0m
[  45% ] [90m[1m_update_scan_actions[22m | state-fallen.png[39m[0m
[  45% ] [90m[1m_update_scan_actions[22m | state-heal.png[39m[0m
[  45% ] [90m[1m_update_scan_actions[22m | state-revive.png[39m[0m
[  45% ] [90m[1m_update_scan_actions[22m | mage-pc_01-0.png[39m[0m
[  46% ] [90m[1m_update_scan_actions[22m | mage-pc_01-1.png[39m[0m
[  46% ] [90m[1m_update_scan_actions[22m | mage-pc_01-2.png[39m[0m
[  46% ] [90m[1m_update_scan_actions[22m | mage-pc_02-0.png[39m[0m
[  46% ] [90m[1m_update_scan_actions[22m | mage-pc_02-1.png[39m[0m
[  46% ] [90m[1m_update_scan_actions[22m | mage-pc_02-2.png[39m[0m
[  46% ] [90m[1m_update_scan_actions[22m | mage-pc_03-0.png[39m[0m
[  46% ] [90m[1m_update_scan_actions[22m | mage-pc_03-1.png[39m[0m
[  46% ] [90m[1m_update_scan_actions[22m | mage-pc_03-2.png[39m[0m
[  46% ] [90m[1m_update_scan_actions[22m | mage-pc_04-0.png[39m[0m
[  46% ] [90m[1m_update_scan_actions[22m | mage-pc_04-1.png[39m[0m
[  46% ] [90m[1m_update_scan_actions[22m | mage-pc_04-2.png[39m[0m
[  46% ] [90m[1m_update_scan_actions[22m | martial_artist-pc_01-0.png[39m[0m
[  46% ] [90m[1m_update_scan_actions[22m | martial_artist-pc_01-1.png[39m[0m
[  46% ] [90m[1m_update_scan_actions[22m | martial_artist-pc_01-2.png[39m[0m
[  46% ] [90m[1m_update_scan_actions[22m | martial_artist-pc_02-0.png[39m[0m
[  46% ] [90m[1m_update_scan_actions[22m | martial_artist-pc_02-1.png[39m[0m
[  46% ] [90m[1m_update_scan_actions[22m | martial_artist-pc_02-2.png[39m[0m
[  46% ] [90m[1m_update_scan_actions[22m | martial_artist-pc_03-0.png[39m[0m
[  46% ] [90m[1m_update_scan_actions[22m | martial_artist-pc_03-1.png[39m[0m
[  46% ] [90m[1m_update_scan_actions[22m | martial_artist-pc_03-2.png[39m[0m
[  46% ] [90m[1m_update_scan_actions[22m | martial_artist-pc_04-0.png[39m[0m
[  46% ] [90m[1m_update_scan_actions[22m | martial_artist-pc_04-1.png[39m[0m
[  46% ] [90m[1m_update_scan_actions[22m | martial_artist-pc_04-2.png[39m[0m
[  46% ] [90m[1m_update_scan_actions[22m | priest-pc_01-0.png[39m[0m
[  46% ] [90m[1m_update_scan_actions[22m | priest-pc_01-1.png[39m[0m
[  46% ] [90m[1m_update_scan_actions[22m | priest-pc_01-2.png[39m[0m
[  46% ] [90m[1m_update_scan_actions[22m | priest-pc_02-0.png[39m[0m
[  46% ] [90m[1m_update_scan_actions[22m | priest-pc_02-1.png[39m[0m
[  46% ] [90m[1m_update_scan_actions[22m | priest-pc_02-2.png[39m[0m
[  46% ] [90m[1m_update_scan_actions[22m | priest-pc_03-0.png[39m[0m
[  47% ] [90m[1m_update_scan_actions[22m | priest-pc_03-1.png[39m[0m
[  47% ] [90m[1m_update_scan_actions[22m | priest-pc_03-2.png[39m[0m
[  47% ] [90m[1m_update_scan_actions[22m | priest-pc_04-0.png[39m[0m
[  47% ] [90m[1m_update_scan_actions[22m | priest-pc_04-1.png[39m[0m
[  47% ] [90m[1m_update_scan_actions[22m | priest-pc_04-2.png[39m[0m
[  47% ] [90m[1m_update_scan_actions[22m | warrior-pc_01-0.png[39m[0m
[  47% ] [90m[1m_update_scan_actions[22m | warrior-pc_01-1.png[39m[0m
[  47% ] [90m[1m_update_scan_actions[22m | warrior-pc_01-2.png[39m[0m
[  47% ] [90m[1m_update_scan_actions[22m | warrior-pc_02-0.png[39m[0m
[  47% ] [90m[1m_update_scan_actions[22m | warrior-pc_02-1.png[39m[0m
[  47% ] [90m[1m_update_scan_actions[22m | warrior-pc_02-2.png[39m[0m
[  47% ] [90m[1m_update_scan_actions[22m | warrior-pc_03-0.png[39m[0m
[  47% ] [90m[1m_update_scan_actions[22m | warrior-pc_03-1.png[39m[0m
[  47% ] [90m[1m_update_scan_actions[22m | warrior-pc_03-2.png[39m[0m
[  47% ] [90m[1m_update_scan_actions[22m | warrior-pc_04-0.png[39m[0m
[  47% ] [90m[1m_update_scan_actions[22m | warrior-pc_04-1.png[39m[0m
[  47% ] [90m[1m_update_scan_actions[22m | warrior-pc_04-2.png[39m[0m
[  47% ] [90m[1m_update_scan_actions[22m | 01-party-four.png[39m[0m
[  47% ] [90m[1m_update_scan_actions[22m | 02-party-three.png[39m[0m
[  47% ] [90m[1m_update_scan_actions[22m | 03-attack.png[39m[0m
[  47% ] [90m[1m_update_scan_actions[22m | 04-target-selection.png[39m[0m
[  47% ] [90m[1m_update_scan_actions[22m | four-jobs-battle-96.png[39m[0m
[  47% ] [90m[1m_update_scan_actions[22m | scaling-all-members.png[39m[0m
[  47% ] [90m[1m_update_scan_actions[22m | scaling-four-jobs.png[39m[0m
[  47% ] [90m[1m_update_scan_actions[22m | target-comparison.png[39m[0m
[  47% ] [90m[1m_update_scan_actions[22m | 01-world-entrance.png[39m[0m
[  47% ] [90m[1m_update_scan_actions[22m | 02-town-plaza.png[39m[0m
[  47% ] [90m[1m_update_scan_actions[22m | 02a-town-gate.png[39m[0m
[  47% ] [90m[1m_update_scan_actions[22m | 02b-town-southwest.png[39m[0m
[  47% ] [90m[1m_update_scan_actions[22m | 02c-town-northeast.png[39m[0m
[  48% ] [90m[1m_update_scan_actions[22m | 03-castle-court.png[39m[0m
[  48% ] [90m[1m_update_scan_actions[22m | 03b-castle-exterior.png[39m[0m
[  48% ] [90m[1m_update_scan_actions[22m | 04-throne-hall.png[39m[0m
[  48% ] [90m[1m_update_scan_actions[22m | 05-royal-audience.png[39m[0m
[  48% ] [90m[1m_update_scan_actions[22m | 06-job-change.png[39m[0m
[  48% ] [90m[1m_update_scan_actions[22m | 07-new-costume.png[39m[0m
[  48% ] [90m[1m_update_scan_actions[22m | 08-treasury.png[39m[0m
[  48% ] [90m[1m_update_scan_actions[22m | 09-library.png[39m[0m
[  48% ] [90m[1m_update_scan_actions[22m | 10-inn.png[39m[0m
[  48% ] [90m[1m_update_scan_actions[22m | 11-item-shop-counter.png[39m[0m
[  48% ] [90m[1m_update_scan_actions[22m | 11-item-shop.png[39m[0m
[  48% ] [90m[1m_update_scan_actions[22m | 12-weapon-shop-counter.png[39m[0m
[  48% ] [90m[1m_update_scan_actions[22m | 12-weapon-shop.png[39m[0m
[  48% ] [90m[1m_update_scan_actions[22m | 13-shrine.png[39m[0m
[  48% ] [90m[1m_update_scan_actions[22m | 14-return-world.png[39m[0m
[  48% ] [90m[1m_update_scan_actions[22m | 01-world-port.png[39m[0m
[  48% ] [90m[1m_update_scan_actions[22m | 02-town-entrance.png[39m[0m
[  48% ] [90m[1m_update_scan_actions[22m | 03-inn.png[39m[0m
[  48% ] [90m[1m_update_scan_actions[22m | 04-market.png[39m[0m
[  48% ] [90m[1m_update_scan_actions[22m | 05-item-shop.png[39m[0m
[  48% ] [90m[1m_update_scan_actions[22m | 06-weapon-shop.png[39m[0m
[  48% ] [90m[1m_update_scan_actions[22m | 07-armor-shop.png[39m[0m
[  48% ] [90m[1m_update_scan_actions[22m | 08-shrine.png[39m[0m
[  48% ] [90m[1m_update_scan_actions[22m | 09-home.png[39m[0m
[  48% ] [90m[1m_update_scan_actions[22m | 10-harbor-office.png[39m[0m
[  48% ] [90m[1m_update_scan_actions[22m | 11-lighthouse-room.png[39m[0m
[  48% ] [90m[1m_update_scan_actions[22m | 12-lighthouse-coast.png[39m[0m
[  48% ] [90m[1m_update_scan_actions[22m | 13-upper-pier.png[39m[0m
[  48% ] [90m[1m_update_scan_actions[22m | 14-lower-pier.png[39m[0m
[  48% ] [90m[1m_update_scan_actions[22m | 15-return-world.png[39m[0m
[  49% ] [90m[1m_update_scan_actions[22m | 01-court.png[39m[0m
[  49% ] [90m[1m_update_scan_actions[22m | 02-great-hall-entered.png[39m[0m
[  49% ] [90m[1m_update_scan_actions[22m | 03-great-hall-throne-door.png[39m[0m
[  49% ] [90m[1m_update_scan_actions[22m | 04-throne-room-entered.png[39m[0m
[  49% ] [90m[1m_update_scan_actions[22m | 05-throne-room-king.png[39m[0m
[  49% ] [90m[1m_update_scan_actions[22m | 06-royal-audience.png[39m[0m
[  49% ] [90m[1m_update_scan_actions[22m | 07-job-change.png[39m[0m
[  49% ] [90m[1m_update_scan_actions[22m | 08-guard-talk.png[39m[0m
[  49% ] [90m[1m_update_scan_actions[22m | 09-back-in-great-hall.png[39m[0m
[  49% ] [90m[1m_update_scan_actions[22m | 10-treasury.png[39m[0m
[  49% ] [90m[1m_update_scan_actions[22m | 11-library.png[39m[0m
[  49% ] [90m[1m_update_scan_actions[22m | 12-great-hall-from-library.png[39m[0m
[  49% ] [90m[1m_update_scan_actions[22m | 13-court-again.png[39m[0m
[  49% ] [90m[1m_update_scan_actions[22m | 01-lighthouse-door.png[39m[0m
[  49% ] [90m[1m_update_scan_actions[22m | 02-lighthouse-entered.png[39m[0m
[  49% ] [90m[1m_update_scan_actions[22m | 03-talk-keeper.png[39m[0m
[  49% ] [90m[1m_update_scan_actions[22m | 04-under-window.png[39m[0m
[  49% ] [90m[1m_update_scan_actions[22m | 05-left-lighthouse.png[39m[0m
[  49% ] [90m[1m_update_scan_actions[22m | 06-reentered.png[39m[0m
[  49% ] [90m[1m_update_scan_actions[22m | before-after.png[39m[0m
[  49% ] [90m[1m_update_scan_actions[22m | great_hall-collision-overlay.png[39m[0m
[  49% ] [90m[1m_update_scan_actions[22m | great_hall-grid.png[39m[0m
[  49% ] [90m[1m_update_scan_actions[22m | lighthouse-collision-overlay.png[39m[0m
[  49% ] [90m[1m_update_scan_actions[22m | lighthouse-grid.png[39m[0m
[  49% ] [90m[1m_update_scan_actions[22m | throne_room-collision-overlay.png[39m[0m
[  49% ] [90m[1m_update_scan_actions[22m | throne_room-grid.png[39m[0m
[  49% ] [90m[1m_update_scan_actions[22m | walk-through.png[39m[0m
[  49% ] [90m[1m_update_scan_actions[22m | 01-world-entrance.png[39m[0m
[  49% ] [90m[1m_update_scan_actions[22m | 02-town-plaza.png[39m[0m
[  50% ] [90m[1m_update_scan_actions[22m | 02a-town-gate.png[39m[0m
[  50% ] [90m[1m_update_scan_actions[22m | 02b-town-southwest.png[39m[0m
[  50% ] [90m[1m_update_scan_actions[22m | 02c-town-northeast.png[39m[0m
[  50% ] [90m[1m_update_scan_actions[22m | adopted-full-town.png[39m[0m
[  50% ] [90m[1m_update_scan_actions[22m | adopted-vs-revised.png[39m[0m
[  50% ] [90m[1m_update_scan_actions[22m | comparison.png[39m[0m
[  50% ] [90m[1m_update_scan_actions[22m | full-town.png[39m[0m
[  50% ] [90m[1m_update_scan_actions[22m | map-00.png[39m[0m
[  50% ] [90m[1m_update_scan_actions[22m | runtime-sheet.png[39m[0m
[  50% ] [90m[1m_update_scan_actions[22m | before-comparison.png[39m[0m
[  50% ] [90m[1m_update_scan_actions[22m | before-full-town.png[39m[0m
[  50% ] [90m[1m_update_scan_actions[22m | overview.png[39m[0m
[  50% ] [90m[1m_update_scan_actions[22m | 01-party-four.png[39m[0m
[  50% ] [90m[1m_update_scan_actions[22m | 02-party-three.png[39m[0m
[  50% ] [90m[1m_update_scan_actions[22m | 03-attack.png[39m[0m
[  50% ] [90m[1m_update_scan_actions[22m | 04-target-cursor.png[39m[0m
[  50% ] [90m[1m_update_scan_actions[22m | state-damage.png[39m[0m
[  50% ] [90m[1m_update_scan_actions[22m | state-fallen.png[39m[0m
[  50% ] [90m[1m_update_scan_actions[22m | state-heal.png[39m[0m
[  50% ] [90m[1m_update_scan_actions[22m | state-revive.png[39m[0m
[  50% ] [90m[1m_update_scan_actions[22m | 01-enemies-1.png[39m[0m
[  50% ] [90m[1m_update_scan_actions[22m | 02-enemies-2.png[39m[0m
[  50% ] [90m[1m_update_scan_actions[22m | 03-enemies-3.png[39m[0m
[  50% ] [90m[1m_update_scan_actions[22m | 04-enemies-4.png[39m[0m
[  50% ] [90m[1m_update_scan_actions[22m | 05-target-selection.png[39m[0m
[  50% ] [90m[1m_update_scan_actions[22m | 06-large-enemies.png[39m[0m
[  50% ] [90m[1m_update_scan_actions[22m | battle-composite.png[39m[0m
[  50% ] [90m[1m_update_scan_actions[22m | battle-overlay.png[39m[0m
[  50% ] [90m[1m_update_scan_actions[22m | walk-composite.png[39m[0m
[  50% ] [90m[1m_update_scan_actions[22m | walk-overlay.png[39m[0m
[  51% ] [90m[1m_update_scan_actions[22m | battle-composite.png[39m[0m
[  51% ] [90m[1m_update_scan_actions[22m | battle-overlay.png[39m[0m
[  51% ] [90m[1m_update_scan_actions[22m | walk-composite.png[39m[0m
[  51% ] [90m[1m_update_scan_actions[22m | walk-overlay.png[39m[0m
[  51% ] [90m[1m_update_scan_actions[22m | battle-composite.png[39m[0m
[  51% ] [90m[1m_update_scan_actions[22m | battle-overlay.png[39m[0m
[  51% ] [90m[1m_update_scan_actions[22m | walk-composite.png[39m[0m
[  51% ] [90m[1m_update_scan_actions[22m | walk-overlay.png[39m[0m
[  51% ] [90m[1m_update_scan_actions[22m | battle-composite.png[39m[0m
[  51% ] [90m[1m_update_scan_actions[22m | battle-overlay.png[39m[0m
[  51% ] [90m[1m_update_scan_actions[22m | walk-composite.png[39m[0m
[  51% ] [90m[1m_update_scan_actions[22m | walk-overlay.png[39m[0m
[  51% ] [90m[1m_update_scan_actions[22m | battle-composite.png[39m[0m
[  51% ] [90m[1m_update_scan_actions[22m | battle-overlay.png[39m[0m
[  51% ] [90m[1m_update_scan_actions[22m | walk-composite.png[39m[0m
[  51% ] [90m[1m_update_scan_actions[22m | walk-overlay.png[39m[0m
[  51% ] [90m[1m_update_scan_actions[22m | battle-composite.png[39m[0m
[  51% ] [90m[1m_update_scan_actions[22m | battle-overlay.png[39m[0m
[  51% ] [90m[1m_update_scan_actions[22m | walk-composite.png[39m[0m
[  51% ] [90m[1m_update_scan_actions[22m | walk-overlay.png[39m[0m
[  51% ] [90m[1m_update_scan_actions[22m | battle-composite.png[39m[0m
[  51% ] [90m[1m_update_scan_actions[22m | battle-overlay.png[39m[0m
[  51% ] [90m[1m_update_scan_actions[22m | walk-composite.png[39m[0m
[  51% ] [90m[1m_update_scan_actions[22m | walk-overlay.png[39m[0m
[  51% ] [90m[1m_update_scan_actions[22m | battle-composite.png[39m[0m
[  51% ] [90m[1m_update_scan_actions[22m | battle-overlay.png[39m[0m
[  51% ] [90m[1m_update_scan_actions[22m | walk-composite.png[39m[0m
[  51% ] [90m[1m_update_scan_actions[22m | walk-overlay.png[39m[0m
[  51% ] [90m[1m_update_scan_actions[22m | battle-composite.png[39m[0m
[  51% ] [90m[1m_update_scan_actions[22m | battle-overlay.png[39m[0m
[  52% ] [90m[1m_update_scan_actions[22m | walk-composite.png[39m[0m
[  52% ] [90m[1m_update_scan_actions[22m | walk-overlay.png[39m[0m
[  52% ] [90m[1m_update_scan_actions[22m | battle-composite.png[39m[0m
[  52% ] [90m[1m_update_scan_actions[22m | battle-overlay.png[39m[0m
[  52% ] [90m[1m_update_scan_actions[22m | walk-composite.png[39m[0m
[  52% ] [90m[1m_update_scan_actions[22m | walk-overlay.png[39m[0m
[  52% ] [90m[1m_update_scan_actions[22m | battle-composite.png[39m[0m
[  52% ] [90m[1m_update_scan_actions[22m | battle-overlay.png[39m[0m
[  52% ] [90m[1m_update_scan_actions[22m | walk-composite.png[39m[0m
[  52% ] [90m[1m_update_scan_actions[22m | walk-overlay.png[39m[0m
[  52% ] [90m[1m_update_scan_actions[22m | battle-composite.png[39m[0m
[  52% ] [90m[1m_update_scan_actions[22m | battle-overlay.png[39m[0m
[  52% ] [90m[1m_update_scan_actions[22m | walk-composite.png[39m[0m
[  52% ] [90m[1m_update_scan_actions[22m | walk-overlay.png[39m[0m
[  52% ] [90m[1m_update_scan_actions[22m | battle-composite.png[39m[0m
[  52% ] [90m[1m_update_scan_actions[22m | battle-overlay.png[39m[0m
[  52% ] [90m[1m_update_scan_actions[22m | walk-composite.png[39m[0m
[  52% ] [90m[1m_update_scan_actions[22m | walk-overlay.png[39m[0m
[  52% ] [90m[1m_update_scan_actions[22m | battle-composite.png[39m[0m
[  52% ] [90m[1m_update_scan_actions[22m | battle-overlay.png[39m[0m
[  52% ] [90m[1m_update_scan_actions[22m | walk-composite.png[39m[0m
[  52% ] [90m[1m_update_scan_actions[22m | walk-overlay.png[39m[0m
[  52% ] [90m[1m_update_scan_actions[22m | battle-composite.png[39m[0m
[  52% ] [90m[1m_update_scan_actions[22m | battle-overlay.png[39m[0m
[  52% ] [90m[1m_update_scan_actions[22m | walk-composite.png[39m[0m
[  52% ] [90m[1m_update_scan_actions[22m | walk-overlay.png[39m[0m
[  52% ] [90m[1m_update_scan_actions[22m | battle-composite.png[39m[0m
[  52% ] [90m[1m_update_scan_actions[22m | battle-overlay.png[39m[0m
[  52% ] [90m[1m_update_scan_actions[22m | walk-composite.png[39m[0m
[  52% ] [90m[1m_update_scan_actions[22m | walk-overlay.png[39m[0m
[  53% ] [90m[1m_update_scan_actions[22m | battle-composite.png[39m[0m
[  53% ] [90m[1m_update_scan_actions[22m | battle-overlay.png[39m[0m
[  53% ] [90m[1m_update_scan_actions[22m | walk-composite.png[39m[0m
[  53% ] [90m[1m_update_scan_actions[22m | walk-overlay.png[39m[0m
[  53% ] [90m[1m_update_scan_actions[22m | battle-composite.png[39m[0m
[  53% ] [90m[1m_update_scan_actions[22m | battle-overlay.png[39m[0m
[  53% ] [90m[1m_update_scan_actions[22m | walk-composite.png[39m[0m
[  53% ] [90m[1m_update_scan_actions[22m | walk-overlay.png[39m[0m
[  53% ] [90m[1m_update_scan_actions[22m | battle-composite.png[39m[0m
[  53% ] [90m[1m_update_scan_actions[22m | battle-overlay.png[39m[0m
[  53% ] [90m[1m_update_scan_actions[22m | walk-composite.png[39m[0m
[  53% ] [90m[1m_update_scan_actions[22m | walk-overlay.png[39m[0m
[  53% ] [90m[1m_update_scan_actions[22m | battle-composite.png[39m[0m
[  53% ] [90m[1m_update_scan_actions[22m | battle-overlay.png[39m[0m
[  53% ] [90m[1m_update_scan_actions[22m | walk-composite.png[39m[0m
[  53% ] [90m[1m_update_scan_actions[22m | walk-overlay.png[39m[0m
[  53% ] [90m[1m_update_scan_actions[22m | battle-composite.png[39m[0m
[  53% ] [90m[1m_update_scan_actions[22m | battle-overlay.png[39m[0m
[  53% ] [90m[1m_update_scan_actions[22m | walk-composite.png[39m[0m
[  53% ] [90m[1m_update_scan_actions[22m | walk-overlay.png[39m[0m
[  53% ] [90m[1m_update_scan_actions[22m | battle-composite.png[39m[0m
[  53% ] [90m[1m_update_scan_actions[22m | battle-overlay.png[39m[0m
[  53% ] [90m[1m_update_scan_actions[22m | walk-composite.png[39m[0m
[  53% ] [90m[1m_update_scan_actions[22m | walk-overlay.png[39m[0m
[  53% ] [90m[1m_update_scan_actions[22m | battle-composite.png[39m[0m
[  53% ] [90m[1m_update_scan_actions[22m | battle-overlay.png[39m[0m
[  53% ] [90m[1m_update_scan_actions[22m | walk-composite.png[39m[0m
[  53% ] [90m[1m_update_scan_actions[22m | walk-overlay.png[39m[0m
[  53% ] [90m[1m_update_scan_actions[22m | battle-composite.png[39m[0m
[  53% ] [90m[1m_update_scan_actions[22m | battle-overlay.png[39m[0m
[  54% ] [90m[1m_update_scan_actions[22m | walk-composite.png[39m[0m
[  54% ] [90m[1m_update_scan_actions[22m | walk-overlay.png[39m[0m
[  54% ] [90m[1m_update_scan_actions[22m | battle-composite.png[39m[0m
[  54% ] [90m[1m_update_scan_actions[22m | battle-overlay.png[39m[0m
[  54% ] [90m[1m_update_scan_actions[22m | walk-composite.png[39m[0m
[  54% ] [90m[1m_update_scan_actions[22m | walk-overlay.png[39m[0m
[  54% ] [90m[1m_update_scan_actions[22m | battle-composite.png[39m[0m
[  54% ] [90m[1m_update_scan_actions[22m | battle-overlay.png[39m[0m
[  54% ] [90m[1m_update_scan_actions[22m | walk-composite.png[39m[0m
[  54% ] [90m[1m_update_scan_actions[22m | walk-overlay.png[39m[0m
[  54% ] [90m[1m_update_scan_actions[22m | battle-composite.png[39m[0m
[  54% ] [90m[1m_update_scan_actions[22m | battle-overlay.png[39m[0m
[  54% ] [90m[1m_update_scan_actions[22m | walk-composite.png[39m[0m
[  54% ] [90m[1m_update_scan_actions[22m | walk-overlay.png[39m[0m
[  54% ] [90m[1m_update_scan_actions[22m | battle-composite.png[39m[0m
[  54% ] [90m[1m_update_scan_actions[22m | battle-overlay.png[39m[0m
[  54% ] [90m[1m_update_scan_actions[22m | walk-composite.png[39m[0m
[  54% ] [90m[1m_update_scan_actions[22m | walk-overlay.png[39m[0m
[  54% ] [90m[1m_update_scan_actions[22m | battle-composite.png[39m[0m
[  54% ] [90m[1m_update_scan_actions[22m | battle-overlay.png[39m[0m
[  54% ] [90m[1m_update_scan_actions[22m | walk-composite.png[39m[0m
[  54% ] [90m[1m_update_scan_actions[22m | walk-overlay.png[39m[0m
[  54% ] [90m[1m_update_scan_actions[22m | battle-composite.png[39m[0m
[  54% ] [90m[1m_update_scan_actions[22m | battle-overlay.png[39m[0m
[  54% ] [90m[1m_update_scan_actions[22m | walk-composite.png[39m[0m
[  54% ] [90m[1m_update_scan_actions[22m | walk-overlay.png[39m[0m
[  54% ] [90m[1m_update_scan_actions[22m | battle-composite.png[39m[0m
[  54% ] [90m[1m_update_scan_actions[22m | battle-overlay.png[39m[0m
[  54% ] [90m[1m_update_scan_actions[22m | walk-composite.png[39m[0m
[  54% ] [90m[1m_update_scan_actions[22m | walk-overlay.png[39m[0m
[  55% ] [90m[1m_update_scan_actions[22m | battle-composite.png[39m[0m
[  55% ] [90m[1m_update_scan_actions[22m | battle-overlay.png[39m[0m
[  55% ] [90m[1m_update_scan_actions[22m | walk-composite.png[39m[0m
[  55% ] [90m[1m_update_scan_actions[22m | walk-overlay.png[39m[0m
[  55% ] [90m[1m_update_scan_actions[22m | battle-composite.png[39m[0m
[  55% ] [90m[1m_update_scan_actions[22m | battle-overlay.png[39m[0m
[  55% ] [90m[1m_update_scan_actions[22m | walk-composite.png[39m[0m
[  55% ] [90m[1m_update_scan_actions[22m | walk-overlay.png[39m[0m
[  55% ] [90m[1m_update_scan_actions[22m | battle-composite.png[39m[0m
[  55% ] [90m[1m_update_scan_actions[22m | battle-overlay.png[39m[0m
[  55% ] [90m[1m_update_scan_actions[22m | walk-composite.png[39m[0m
[  55% ] [90m[1m_update_scan_actions[22m | walk-overlay.png[39m[0m
[  55% ] [90m[1m_update_scan_actions[22m | battle-composite.png[39m[0m
[  55% ] [90m[1m_update_scan_actions[22m | battle-overlay.png[39m[0m
[  55% ] [90m[1m_update_scan_actions[22m | walk-composite.png[39m[0m
[  55% ] [90m[1m_update_scan_actions[22m | walk-overlay.png[39m[0m
[  55% ] [90m[1m_update_scan_actions[22m | battle-composite.png[39m[0m
[  55% ] [90m[1m_update_scan_actions[22m | battle-overlay.png[39m[0m
[  55% ] [90m[1m_update_scan_actions[22m | walk-composite.png[39m[0m
[  55% ] [90m[1m_update_scan_actions[22m | walk-overlay.png[39m[0m
[  55% ] [90m[1m_update_scan_actions[22m | battle-composite.png[39m[0m
[  55% ] [90m[1m_update_scan_actions[22m | battle-overlay.png[39m[0m
[  55% ] [90m[1m_update_scan_actions[22m | walk-composite.png[39m[0m
[  55% ] [90m[1m_update_scan_actions[22m | walk-overlay.png[39m[0m
[  55% ] [90m[1m_update_scan_actions[22m | battle-composite.png[39m[0m
[  55% ] [90m[1m_update_scan_actions[22m | battle-overlay.png[39m[0m
[  55% ] [90m[1m_update_scan_actions[22m | walk-composite.png[39m[0m
[  55% ] [90m[1m_update_scan_actions[22m | walk-overlay.png[39m[0m
[  55% ] [90m[1m_update_scan_actions[22m | battle-composite.png[39m[0m
[  55% ] [90m[1m_update_scan_actions[22m | battle-overlay.png[39m[0m
[  56% ] [90m[1m_update_scan_actions[22m | walk-composite.png[39m[0m
[  56% ] [90m[1m_update_scan_actions[22m | walk-overlay.png[39m[0m
[  56% ] [90m[1m_update_scan_actions[22m | battle-composite.png[39m[0m
[  56% ] [90m[1m_update_scan_actions[22m | battle-overlay.png[39m[0m
[  56% ] [90m[1m_update_scan_actions[22m | walk-composite.png[39m[0m
[  56% ] [90m[1m_update_scan_actions[22m | walk-overlay.png[39m[0m
[  56% ] [90m[1m_update_scan_actions[22m | battle-composite.png[39m[0m
[  56% ] [90m[1m_update_scan_actions[22m | battle-overlay.png[39m[0m
[  56% ] [90m[1m_update_scan_actions[22m | walk-composite.png[39m[0m
[  56% ] [90m[1m_update_scan_actions[22m | walk-overlay.png[39m[0m
[  56% ] [90m[1m_update_scan_actions[22m | battle-composite.png[39m[0m
[  56% ] [90m[1m_update_scan_actions[22m | battle-overlay.png[39m[0m
[  56% ] [90m[1m_update_scan_actions[22m | walk-composite.png[39m[0m
[  56% ] [90m[1m_update_scan_actions[22m | walk-overlay.png[39m[0m
[  56% ] [90m[1m_update_scan_actions[22m | battle-composite.png[39m[0m
[  56% ] [90m[1m_update_scan_actions[22m | battle-overlay.png[39m[0m
[  56% ] [90m[1m_update_scan_actions[22m | walk-composite.png[39m[0m
[  56% ] [90m[1m_update_scan_actions[22m | walk-overlay.png[39m[0m
[  56% ] [90m[1m_update_scan_actions[22m | battle-composite.png[39m[0m
[  56% ] [90m[1m_update_scan_actions[22m | battle-overlay.png[39m[0m
[  56% ] [90m[1m_update_scan_actions[22m | walk-composite.png[39m[0m
[  56% ] [90m[1m_update_scan_actions[22m | walk-overlay.png[39m[0m
[  56% ] [90m[1m_update_scan_actions[22m | battle-composite.png[39m[0m
[  56% ] [90m[1m_update_scan_actions[22m | battle-overlay.png[39m[0m
[  56% ] [90m[1m_update_scan_actions[22m | walk-composite.png[39m[0m
[  56% ] [90m[1m_update_scan_actions[22m | walk-overlay.png[39m[0m
[  56% ] [90m[1m_update_scan_actions[22m | battle-composite.png[39m[0m
[  56% ] [90m[1m_update_scan_actions[22m | battle-overlay.png[39m[0m
[  56% ] [90m[1m_update_scan_actions[22m | walk-composite.png[39m[0m
[  56% ] [90m[1m_update_scan_actions[22m | walk-overlay.png[39m[0m
[  57% ] [90m[1m_update_scan_actions[22m | battle-composite.png[39m[0m
[  57% ] [90m[1m_update_scan_actions[22m | battle-overlay.png[39m[0m
[  57% ] [90m[1m_update_scan_actions[22m | walk-composite.png[39m[0m
[  57% ] [90m[1m_update_scan_actions[22m | walk-overlay.png[39m[0m
[  57% ] [90m[1m_update_scan_actions[22m | battle-composite.png[39m[0m
[  57% ] [90m[1m_update_scan_actions[22m | battle-overlay.png[39m[0m
[  57% ] [90m[1m_update_scan_actions[22m | walk-composite.png[39m[0m
[  57% ] [90m[1m_update_scan_actions[22m | walk-overlay.png[39m[0m
[  57% ] [90m[1m_update_scan_actions[22m | battle-composite.png[39m[0m
[  57% ] [90m[1m_update_scan_actions[22m | battle-overlay.png[39m[0m
[  57% ] [90m[1m_update_scan_actions[22m | walk-composite.png[39m[0m
[  57% ] [90m[1m_update_scan_actions[22m | walk-overlay.png[39m[0m
[  57% ] [90m[1m_update_scan_actions[22m | battle-composite.png[39m[0m
[  57% ] [90m[1m_update_scan_actions[22m | battle-overlay.png[39m[0m
[  57% ] [90m[1m_update_scan_actions[22m | walk-composite.png[39m[0m
[  57% ] [90m[1m_update_scan_actions[22m | walk-overlay.png[39m[0m
[  57% ] [90m[1m_update_scan_actions[22m | battle-composite.png[39m[0m
[  57% ] [90m[1m_update_scan_actions[22m | battle-overlay.png[39m[0m
[  57% ] [90m[1m_update_scan_actions[22m | walk-composite.png[39m[0m
[  57% ] [90m[1m_update_scan_actions[22m | walk-overlay.png[39m[0m
[  57% ] [90m[1m_update_scan_actions[22m | battle-composite.png[39m[0m
[  57% ] [90m[1m_update_scan_actions[22m | battle-overlay.png[39m[0m
[  57% ] [90m[1m_update_scan_actions[22m | walk-composite.png[39m[0m
[  57% ] [90m[1m_update_scan_actions[22m | walk-overlay.png[39m[0m
[  57% ] [90m[1m_update_scan_actions[22m | battle-composite.png[39m[0m
[  57% ] [90m[1m_update_scan_actions[22m | battle-overlay.png[39m[0m
[  57% ] [90m[1m_update_scan_actions[22m | walk-composite.png[39m[0m
[  57% ] [90m[1m_update_scan_actions[22m | walk-overlay.png[39m[0m
[  57% ] [90m[1m_update_scan_actions[22m | battle-composite.png[39m[0m
[  57% ] [90m[1m_update_scan_actions[22m | battle-overlay.png[39m[0m
[  58% ] [90m[1m_update_scan_actions[22m | walk-composite.png[39m[0m
[  58% ] [90m[1m_update_scan_actions[22m | walk-overlay.png[39m[0m
[  58% ] [90m[1m_update_scan_actions[22m | battle-composite.png[39m[0m
[  58% ] [90m[1m_update_scan_actions[22m | battle-overlay.png[39m[0m
[  58% ] [90m[1m_update_scan_actions[22m | walk-composite.png[39m[0m
[  58% ] [90m[1m_update_scan_actions[22m | walk-overlay.png[39m[0m
[  58% ] [90m[1m_update_scan_actions[22m | battle-composite.png[39m[0m
[  58% ] [90m[1m_update_scan_actions[22m | battle-overlay.png[39m[0m
[  58% ] [90m[1m_update_scan_actions[22m | walk-composite.png[39m[0m
[  58% ] [90m[1m_update_scan_actions[22m | walk-overlay.png[39m[0m
[  58% ] [90m[1m_update_scan_actions[22m | battle-composite.png[39m[0m
[  58% ] [90m[1m_update_scan_actions[22m | battle-overlay.png[39m[0m
[  58% ] [90m[1m_update_scan_actions[22m | walk-composite.png[39m[0m
[  58% ] [90m[1m_update_scan_actions[22m | walk-overlay.png[39m[0m
[  58% ] [90m[1m_update_scan_actions[22m | battle-composite.png[39m[0m
[  58% ] [90m[1m_update_scan_actions[22m | battle-overlay.png[39m[0m
[  58% ] [90m[1m_update_scan_actions[22m | walk-composite.png[39m[0m
[  58% ] [90m[1m_update_scan_actions[22m | walk-overlay.png[39m[0m
[  58% ] [90m[1m_update_scan_actions[22m | battle-composite.png[39m[0m
[  58% ] [90m[1m_update_scan_actions[22m | battle-overlay.png[39m[0m
[  58% ] [90m[1m_update_scan_actions[22m | walk-composite.png[39m[0m
[  58% ] [90m[1m_update_scan_actions[22m | walk-overlay.png[39m[0m
[  58% ] [90m[1m_update_scan_actions[22m | battle-composite.png[39m[0m
[  58% ] [90m[1m_update_scan_actions[22m | battle-overlay.png[39m[0m
[  58% ] [90m[1m_update_scan_actions[22m | walk-composite.png[39m[0m
[  58% ] [90m[1m_update_scan_actions[22m | walk-overlay.png[39m[0m
[  58% ] [90m[1m_update_scan_actions[22m | battle-composite.png[39m[0m
[  58% ] [90m[1m_update_scan_actions[22m | battle-overlay.png[39m[0m
[  58% ] [90m[1m_update_scan_actions[22m | walk-composite.png[39m[0m
[  58% ] [90m[1m_update_scan_actions[22m | walk-overlay.png[39m[0m
[  59% ] [90m[1m_update_scan_actions[22m | battle-composite.png[39m[0m
[  59% ] [90m[1m_update_scan_actions[22m | battle-overlay.png[39m[0m
[  59% ] [90m[1m_update_scan_actions[22m | walk-composite.png[39m[0m
[  59% ] [90m[1m_update_scan_actions[22m | walk-overlay.png[39m[0m
[  59% ] [90m[1m_update_scan_actions[22m | battle-composite.png[39m[0m
[  59% ] [90m[1m_update_scan_actions[22m | battle-overlay.png[39m[0m
[  59% ] [90m[1m_update_scan_actions[22m | walk-composite.png[39m[0m
[  59% ] [90m[1m_update_scan_actions[22m | walk-overlay.png[39m[0m
[  59% ] [90m[1m_update_scan_actions[22m | battle-composite.png[39m[0m
[  59% ] [90m[1m_update_scan_actions[22m | battle-overlay.png[39m[0m
[  59% ] [90m[1m_update_scan_actions[22m | walk-composite.png[39m[0m
[  59% ] [90m[1m_update_scan_actions[22m | walk-overlay.png[39m[0m
[  59% ] [90m[1m_update_scan_actions[22m | battle-composite.png[39m[0m
[  59% ] [90m[1m_update_scan_actions[22m | battle-overlay.png[39m[0m
[  59% ] [90m[1m_update_scan_actions[22m | walk-composite.png[39m[0m
[  59% ] [90m[1m_update_scan_actions[22m | walk-overlay.png[39m[0m
[  59% ] [90m[1m_update_scan_actions[22m | battle-composite.png[39m[0m
[  59% ] [90m[1m_update_scan_actions[22m | battle-overlay.png[39m[0m
[  59% ] [90m[1m_update_scan_actions[22m | walk-composite.png[39m[0m
[  59% ] [90m[1m_update_scan_actions[22m | walk-overlay.png[39m[0m
[  59% ] [90m[1m_update_scan_actions[22m | battle-composite.png[39m[0m
[  59% ] [90m[1m_update_scan_actions[22m | battle-overlay.png[39m[0m
[  59% ] [90m[1m_update_scan_actions[22m | walk-composite.png[39m[0m
[  59% ] [90m[1m_update_scan_actions[22m | walk-overlay.png[39m[0m
[  59% ] [90m[1m_update_scan_actions[22m | battle-composite.png[39m[0m
[  59% ] [90m[1m_update_scan_actions[22m | battle-overlay.png[39m[0m
[  59% ] [90m[1m_update_scan_actions[22m | walk-composite.png[39m[0m
[  59% ] [90m[1m_update_scan_actions[22m | walk-overlay.png[39m[0m
[  59% ] [90m[1m_update_scan_actions[22m | battle-composite.png[39m[0m
[  59% ] [90m[1m_update_scan_actions[22m | battle-overlay.png[39m[0m
[  60% ] [90m[1m_update_scan_actions[22m | walk-composite.png[39m[0m
[  60% ] [90m[1m_update_scan_actions[22m | walk-overlay.png[39m[0m
[  60% ] [90m[1m_update_scan_actions[22m | battle-composite.png[39m[0m
[  60% ] [90m[1m_update_scan_actions[22m | battle-overlay.png[39m[0m
[  60% ] [90m[1m_update_scan_actions[22m | walk-composite.png[39m[0m
[  60% ] [90m[1m_update_scan_actions[22m | walk-overlay.png[39m[0m
[  60% ] [90m[1m_update_scan_actions[22m | battle-composite.png[39m[0m
[  60% ] [90m[1m_update_scan_actions[22m | battle-overlay.png[39m[0m
[  60% ] [90m[1m_update_scan_actions[22m | walk-composite.png[39m[0m
[  60% ] [90m[1m_update_scan_actions[22m | walk-overlay.png[39m[0m
[  60% ] [90m[1m_update_scan_actions[22m | battle-composite.png[39m[0m
[  60% ] [90m[1m_update_scan_actions[22m | battle-overlay.png[39m[0m
[  60% ] [90m[1m_update_scan_actions[22m | walk-composite.png[39m[0m
[  60% ] [90m[1m_update_scan_actions[22m | walk-overlay.png[39m[0m
[  60% ] [90m[1m_update_scan_actions[22m | battle-composite.png[39m[0m
[  60% ] [90m[1m_update_scan_actions[22m | battle-overlay.png[39m[0m
[  60% ] [90m[1m_update_scan_actions[22m | walk-composite.png[39m[0m
[  60% ] [90m[1m_update_scan_actions[22m | walk-overlay.png[39m[0m
[  60% ] [90m[1m_update_scan_actions[22m | battle-composite.png[39m[0m
[  60% ] [90m[1m_update_scan_actions[22m | battle-overlay.png[39m[0m
[  60% ] [90m[1m_update_scan_actions[22m | walk-composite.png[39m[0m
[  60% ] [90m[1m_update_scan_actions[22m | walk-overlay.png[39m[0m
[  60% ] [90m[1m_update_scan_actions[22m | battle-composite.png[39m[0m
[  60% ] [90m[1m_update_scan_actions[22m | battle-overlay.png[39m[0m
[  60% ] [90m[1m_update_scan_actions[22m | walk-composite.png[39m[0m
[  60% ] [90m[1m_update_scan_actions[22m | walk-overlay.png[39m[0m
[  60% ] [90m[1m_update_scan_actions[22m | battle-composite.png[39m[0m
[  60% ] [90m[1m_update_scan_actions[22m | battle-overlay.png[39m[0m
[  60% ] [90m[1m_update_scan_actions[22m | walk-composite.png[39m[0m
[  60% ] [90m[1m_update_scan_actions[22m | walk-overlay.png[39m[0m
[  61% ] [90m[1m_update_scan_actions[22m | battle-composite.png[39m[0m
[  61% ] [90m[1m_update_scan_actions[22m | battle-overlay.png[39m[0m
[  61% ] [90m[1m_update_scan_actions[22m | walk-composite.png[39m[0m
[  61% ] [90m[1m_update_scan_actions[22m | walk-overlay.png[39m[0m
[  61% ] [90m[1m_update_scan_actions[22m | battle-composite.png[39m[0m
[  61% ] [90m[1m_update_scan_actions[22m | battle-overlay.png[39m[0m
[  61% ] [90m[1m_update_scan_actions[22m | walk-composite.png[39m[0m
[  61% ] [90m[1m_update_scan_actions[22m | walk-overlay.png[39m[0m
[  61% ] [90m[1m_update_scan_actions[22m | battle-composite.png[39m[0m
[  61% ] [90m[1m_update_scan_actions[22m | battle-overlay.png[39m[0m
[  61% ] [90m[1m_update_scan_actions[22m | walk-composite.png[39m[0m
[  61% ] [90m[1m_update_scan_actions[22m | walk-overlay.png[39m[0m
[  61% ] [90m[1m_update_scan_actions[22m | battle-composite.png[39m[0m
[  61% ] [90m[1m_update_scan_actions[22m | battle-overlay.png[39m[0m
[  61% ] [90m[1m_update_scan_actions[22m | walk-composite.png[39m[0m
[  61% ] [90m[1m_update_scan_actions[22m | walk-overlay.png[39m[0m
[  61% ] [90m[1m_update_scan_actions[22m | battle-composite.png[39m[0m
[  61% ] [90m[1m_update_scan_actions[22m | battle-overlay.png[39m[0m
[  61% ] [90m[1m_update_scan_actions[22m | walk-composite.png[39m[0m
[  61% ] [90m[1m_update_scan_actions[22m | walk-overlay.png[39m[0m
[  61% ] [90m[1m_update_scan_actions[22m | battle-composite.png[39m[0m
[  61% ] [90m[1m_update_scan_actions[22m | battle-overlay.png[39m[0m
[  61% ] [90m[1m_update_scan_actions[22m | walk-composite.png[39m[0m
[  61% ] [90m[1m_update_scan_actions[22m | walk-overlay.png[39m[0m
[  61% ] [90m[1m_update_scan_actions[22m | battle-composite.png[39m[0m
[  61% ] [90m[1m_update_scan_actions[22m | battle-overlay.png[39m[0m
[  61% ] [90m[1m_update_scan_actions[22m | walk-composite.png[39m[0m
[  61% ] [90m[1m_update_scan_actions[22m | walk-overlay.png[39m[0m
[  61% ] [90m[1m_update_scan_actions[22m | battle-composite.png[39m[0m
[  61% ] [90m[1m_update_scan_actions[22m | battle-overlay.png[39m[0m
[  62% ] [90m[1m_update_scan_actions[22m | walk-composite.png[39m[0m
[  62% ] [90m[1m_update_scan_actions[22m | walk-overlay.png[39m[0m
[  62% ] [90m[1m_update_scan_actions[22m | battle-composite.png[39m[0m
[  62% ] [90m[1m_update_scan_actions[22m | battle-overlay.png[39m[0m
[  62% ] [90m[1m_update_scan_actions[22m | walk-composite.png[39m[0m
[  62% ] [90m[1m_update_scan_actions[22m | walk-overlay.png[39m[0m
[  62% ] [90m[1m_update_scan_actions[22m | battle-composite.png[39m[0m
[  62% ] [90m[1m_update_scan_actions[22m | battle-overlay.png[39m[0m
[  62% ] [90m[1m_update_scan_actions[22m | walk-composite.png[39m[0m
[  62% ] [90m[1m_update_scan_actions[22m | walk-overlay.png[39m[0m
[  62% ] [90m[1m_update_scan_actions[22m | battle-composite.png[39m[0m
[  62% ] [90m[1m_update_scan_actions[22m | battle-overlay.png[39m[0m
[  62% ] [90m[1m_update_scan_actions[22m | walk-composite.png[39m[0m
[  62% ] [90m[1m_update_scan_actions[22m | walk-overlay.png[39m[0m
[  62% ] [90m[1m_update_scan_actions[22m | battle-composite.png[39m[0m
[  62% ] [90m[1m_update_scan_actions[22m | battle-overlay.png[39m[0m
[  62% ] [90m[1m_update_scan_actions[22m | walk-composite.png[39m[0m
[  62% ] [90m[1m_update_scan_actions[22m | walk-overlay.png[39m[0m
[  62% ] [90m[1m_update_scan_actions[22m | battle-composite.png[39m[0m
[  62% ] [90m[1m_update_scan_actions[22m | battle-overlay.png[39m[0m
[  62% ] [90m[1m_update_scan_actions[22m | walk-composite.png[39m[0m
[  62% ] [90m[1m_update_scan_actions[22m | walk-overlay.png[39m[0m
[  62% ] [90m[1m_update_scan_actions[22m | battle-composite.png[39m[0m
[  62% ] [90m[1m_update_scan_actions[22m | battle-overlay.png[39m[0m
[  62% ] [90m[1m_update_scan_actions[22m | walk-composite.png[39m[0m
[  62% ] [90m[1m_update_scan_actions[22m | walk-overlay.png[39m[0m
[  62% ] [90m[1m_update_scan_actions[22m | battle-composite.png[39m[0m
[  62% ] [90m[1m_update_scan_actions[22m | battle-overlay.png[39m[0m
[  62% ] [90m[1m_update_scan_actions[22m | walk-composite.png[39m[0m
[  63% ] [90m[1m_update_scan_actions[22m | walk-overlay.png[39m[0m
[  63% ] [90m[1m_update_scan_actions[22m | battle-composite.png[39m[0m
[  63% ] [90m[1m_update_scan_actions[22m | battle-overlay.png[39m[0m
[  63% ] [90m[1m_update_scan_actions[22m | walk-composite.png[39m[0m
[  63% ] [90m[1m_update_scan_actions[22m | walk-overlay.png[39m[0m
[  63% ] [90m[1m_update_scan_actions[22m | battle-composite.png[39m[0m
[  63% ] [90m[1m_update_scan_actions[22m | battle-overlay.png[39m[0m
[  63% ] [90m[1m_update_scan_actions[22m | walk-composite.png[39m[0m
[  63% ] [90m[1m_update_scan_actions[22m | walk-overlay.png[39m[0m
[  63% ] [90m[1m_update_scan_actions[22m | battle-composite.png[39m[0m
[  63% ] [90m[1m_update_scan_actions[22m | battle-overlay.png[39m[0m
[  63% ] [90m[1m_update_scan_actions[22m | walk-composite.png[39m[0m
[  63% ] [90m[1m_update_scan_actions[22m | walk-overlay.png[39m[0m
[  63% ] [90m[1m_update_scan_actions[22m | battle-composite.png[39m[0m
[  63% ] [90m[1m_update_scan_actions[22m | battle-overlay.png[39m[0m
[  63% ] [90m[1m_update_scan_actions[22m | walk-composite.png[39m[0m
[  63% ] [90m[1m_update_scan_actions[22m | walk-overlay.png[39m[0m
[  63% ] [90m[1m_update_scan_actions[22m | battle-composite.png[39m[0m
[  63% ] [90m[1m_update_scan_actions[22m | battle-overlay.png[39m[0m
[  63% ] [90m[1m_update_scan_actions[22m | walk-composite.png[39m[0m
[  63% ] [90m[1m_update_scan_actions[22m | walk-overlay.png[39m[0m
[  63% ] [90m[1m_update_scan_actions[22m | mixed-1-plains.png[39m[0m
[  63% ] [90m[1m_update_scan_actions[22m | mixed-2-cave.png[39m[0m
[  63% ] [90m[1m_update_scan_actions[22m | mixed-3-underworld.png[39m[0m
[  63% ] [90m[1m_update_scan_actions[22m | pc_01-anchor-review.png[39m[0m
[  63% ] [90m[1m_update_scan_actions[22m | pc_01-battle.png[39m[0m
[  63% ] [90m[1m_update_scan_actions[22m | pc_01-walk.png[39m[0m
[  63% ] [90m[1m_update_scan_actions[22m | pc_02-anchor-review.png[39m[0m
[  63% ] [90m[1m_update_scan_actions[22m | pc_02-battle.png[39m[0m
[  63% ] [90m[1m_update_scan_actions[22m | pc_02-walk.png[39m[0m
[  64% ] [90m[1m_update_scan_actions[22m | pc_03-anchor-review.png[39m[0m
[  64% ] [90m[1m_update_scan_actions[22m | pc_03-battle.png[39m[0m
[  64% ] [90m[1m_update_scan_actions[22m | pc_03-walk.png[39m[0m
[  64% ] [90m[1m_update_scan_actions[22m | pc_04-anchor-review.png[39m[0m
[  64% ] [90m[1m_update_scan_actions[22m | pc_04-battle.png[39m[0m
[  64% ] [90m[1m_update_scan_actions[22m | pc_04-walk.png[39m[0m
[  64% ] [90m[1m_update_scan_actions[22m | suina-walk-color-proposal.png[39m[0m
[  64% ] [90m[1m_update_scan_actions[22m | battle-0.png[39m[0m
[  64% ] [90m[1m_update_scan_actions[22m | battle-30.png[39m[0m
[  64% ] [90m[1m_update_scan_actions[22m | battle-60.png[39m[0m
[  64% ] [90m[1m_update_scan_actions[22m | walk-0.png[39m[0m
[  64% ] [90m[1m_update_scan_actions[22m | walk-30.png[39m[0m
[  64% ] [90m[1m_update_scan_actions[22m | walk-60.png[39m[0m
[  64% ] [90m[1m_update_scan_actions[22m | battle-stages.png[39m[0m
[  64% ] [90m[1m_update_scan_actions[22m | walk-stages.png[39m[0m
[  64% ] [90m[1m_update_scan_actions[22m | warrior-stages-detail.png[39m[0m
[  64% ] [90m[1m_update_scan_actions[22m | battle-0.png[39m[0m
[  64% ] [90m[1m_update_scan_actions[22m | battle-30.png[39m[0m
[  64% ] [90m[1m_update_scan_actions[22m | battle-60.png[39m[0m
[  64% ] [90m[1m_update_scan_actions[22m | battle-90.png[39m[0m
[  64% ] [90m[1m_update_scan_actions[22m | walk-0.png[39m[0m
[  64% ] [90m[1m_update_scan_actions[22m | walk-30.png[39m[0m
[  64% ] [90m[1m_update_scan_actions[22m | walk-60.png[39m[0m
[  64% ] [90m[1m_update_scan_actions[22m | walk-90.png[39m[0m
[  64% ] [90m[1m_update_scan_actions[22m | battle-stages.png[39m[0m
[  64% ] [90m[1m_update_scan_actions[22m | walk-stages.png[39m[0m
[  64% ] [90m[1m_update_scan_actions[22m | 01-village-start.png[39m[0m
[  64% ] [90m[1m_update_scan_actions[22m | 02-companion-conversation.png[39m[0m
[  64% ] [90m[1m_update_scan_actions[22m | 03-village-exit-world.png[39m[0m
[  64% ] [90m[1m_update_scan_actions[22m | 04-closed-gate.png[39m[0m
[  65% ] [90m[1m_update_scan_actions[22m | 05-cave-floor-1.png[39m[0m
[  65% ] [90m[1m_update_scan_actions[22m | 06-cave-floor-2-boss.png[39m[0m
[  65% ] [90m[1m_update_scan_actions[22m | 07-boss-battle.png[39m[0m
[  65% ] [90m[1m_update_scan_actions[22m | 08-cave-exit-world.png[39m[0m
[  65% ] [90m[1m_update_scan_actions[22m | 09-gate-passed.png[39m[0m
[  65% ] [90m[1m_update_scan_actions[22m | 10-command-window.png[39m[0m
[  65% ] [90m[1m_update_scan_actions[22m | 11-item-window.png[39m[0m
[  65% ] [90m[1m_update_scan_actions[22m | 12-world-map-item.png[39m[0m
[  65% ] [90m[1m_update_scan_actions[22m | 13-party-window.png[39m[0m
[  65% ] [90m[1m_update_scan_actions[22m | 14-cave-entrance.png[39m[0m
[  65% ] [90m[1m_update_scan_actions[22m | 15-overlap-review.png[39m[0m
[  65% ] [90m[1m_update_scan_actions[22m | 16-rione-offer.png[39m[0m
[  65% ] [90m[1m_update_scan_actions[22m | 17-haldo-bandage.png[39m[0m
[  65% ] [90m[1m_update_scan_actions[22m | 18-haldo-release.png[39m[0m
[  65% ] [90m[1m_update_scan_actions[22m | review-nine-scenes.png[39m[0m
[  65% ] [90m[1m_update_scan_actions[22m | target-compare.png[39m[0m
[  65% ] [90m[1m_update_scan_actions[22m | cave-layout-incomplete.png[39m[0m
[  65% ] [90m[1m_update_scan_actions[22m | cave-layout.png[39m[0m
[  65% ] [90m[1m_update_scan_actions[22m | cave-reference-comparison.png[39m[0m
[  65% ] [90m[1m_update_scan_actions[22m | cave-repaired-layout.png[39m[0m
[  65% ] [90m[1m_update_scan_actions[22m | cave-repaired-reference-comparison.png[39m[0m
[  65% ] [90m[1m_update_scan_actions[22m | load-normal-notice-layout.png[39m[0m
[  65% ] [90m[1m_update_scan_actions[22m | load-normal-notice-reference-comparison.png[39m[0m
[  65% ] [90m[1m_update_scan_actions[22m | load-relocated-notice-layout.png[39m[0m
[  65% ] [90m[1m_update_scan_actions[22m | load-relocated-notice-reference-comparison.png[39m[0m
[  65% ] [90m[1m_update_scan_actions[22m | past-layout-incomplete.png[39m[0m
[  65% ] [90m[1m_update_scan_actions[22m | past-layout.png[39m[0m
[  65% ] [90m[1m_update_scan_actions[22m | past-reference-comparison.png[39m[0m
[  65% ] [90m[1m_update_scan_actions[22m | past-repaired-layout.png[39m[0m
[  65% ] [90m[1m_update_scan_actions[22m | past-repaired-reference-comparison.png[39m[0m
[  66% ] [90m[1m_update_scan_actions[22m | castle-01-1-entered.png[39m[0m
[  66% ] [90m[1m_update_scan_actions[22m | castle-01-2-talk-court_guard_left.png[39m[0m
[  66% ] [90m[1m_update_scan_actions[22m | castle-01-2-talk-court_guard_right.png[39m[0m
[  66% ] [90m[1m_update_scan_actions[22m | castle-02-1-entered.png[39m[0m
[  66% ] [90m[1m_update_scan_actions[22m | castle-02-2-talk-advisor.png[39m[0m
[  66% ] [90m[1m_update_scan_actions[22m | castle-02-2-talk-hall_guard_left.png[39m[0m
[  66% ] [90m[1m_update_scan_actions[22m | castle-02-2-talk-hall_guard_right.png[39m[0m
[  66% ] [90m[1m_update_scan_actions[22m | castle-02-2-talk-king.png[39m[0m
[  66% ] [90m[1m_update_scan_actions[22m | castle-03-1-entered.png[39m[0m
[  66% ] [90m[1m_update_scan_actions[22m | castle-03-2-talk-castle_supplies.png[39m[0m
[  66% ] [90m[1m_update_scan_actions[22m | castle-03-2-talk-treasury_keeper.png[39m[0m
[  66% ] [90m[1m_update_scan_actions[22m | castle-04-1-entered.png[39m[0m
[  66% ] [90m[1m_update_scan_actions[22m | castle-04-2-talk-castle_inn.png[39m[0m
[  66% ] [90m[1m_update_scan_actions[22m | castle-05-1-entered.png[39m[0m
[  66% ] [90m[1m_update_scan_actions[22m | castle-05-2-talk-castle_item_shop.png[39m[0m
[  66% ] [90m[1m_update_scan_actions[22m | castle-06-1-entered.png[39m[0m
[  66% ] [90m[1m_update_scan_actions[22m | castle-06-2-talk-castle_weapon_shop.png[39m[0m
[  66% ] [90m[1m_update_scan_actions[22m | castle-07-1-entered.png[39m[0m
[  66% ] [90m[1m_update_scan_actions[22m | castle-07-2-talk-castle_armor_clerk.png[39m[0m
[  66% ] [90m[1m_update_scan_actions[22m | castle-08-1-entered.png[39m[0m
[  66% ] [90m[1m_update_scan_actions[22m | castle-08-2-talk-castle_shrine.png[39m[0m
[  66% ] [90m[1m_update_scan_actions[22m | castle-09-1-entered.png[39m[0m
[  66% ] [90m[1m_update_scan_actions[22m | castle-09-2-talk-castle_home_resident.png[39m[0m
[  66% ] [90m[1m_update_scan_actions[22m | castle-10-1-entered.png[39m[0m
[  66% ] [90m[1m_update_scan_actions[22m | castle-10-2-talk-castle_librarian.png[39m[0m
[  66% ] [90m[1m_update_scan_actions[22m | port-01-1-entered.png[39m[0m
[  66% ] [90m[1m_update_scan_actions[22m | port-01-2-talk-port_inn.png[39m[0m
[  66% ] [90m[1m_update_scan_actions[22m | port-02-1-entered.png[39m[0m
[  66% ] [90m[1m_update_scan_actions[22m | port-02-2-talk-port_item_shop.png[39m[0m
[  66% ] [90m[1m_update_scan_actions[22m | port-03-1-entered.png[39m[0m
[  67% ] [90m[1m_update_scan_actions[22m | port-03-2-talk-port_weapon_shop.png[39m[0m
[  67% ] [90m[1m_update_scan_actions[22m | port-04-1-entered.png[39m[0m
[  67% ] [90m[1m_update_scan_actions[22m | port-04-2-talk-port_armor_clerk.png[39m[0m
[  67% ] [90m[1m_update_scan_actions[22m | port-05-1-entered.png[39m[0m
[  67% ] [90m[1m_update_scan_actions[22m | port-05-2-talk-port_shrine.png[39m[0m
[  67% ] [90m[1m_update_scan_actions[22m | port-06-1-entered.png[39m[0m
[  67% ] [90m[1m_update_scan_actions[22m | port-06-2-talk-port_home.png[39m[0m
[  67% ] [90m[1m_update_scan_actions[22m | port-07-1-entered.png[39m[0m
[  67% ] [90m[1m_update_scan_actions[22m | port-07-2-talk-harbor_keeper.png[39m[0m
[  67% ] [90m[1m_update_scan_actions[22m | port-08-1-entered.png[39m[0m
[  67% ] [90m[1m_update_scan_actions[22m | port-08-2-talk-lighthouse_keeper.png[39m[0m
[  67% ] [90m[1m_update_scan_actions[22m | village-00-1-entered.png[39m[0m
[  67% ] [90m[1m_update_scan_actions[22m | village-02-1-entered.png[39m[0m
[  67% ] [90m[1m_update_scan_actions[22m | village-02-2-talk-village_inn.png[39m[0m
[  67% ] [90m[1m_update_scan_actions[22m | village-03-1-entered.png[39m[0m
[  67% ] [90m[1m_update_scan_actions[22m | village-03-2-talk-village_item.png[39m[0m
[  67% ] [90m[1m_update_scan_actions[22m | village-04-1-entered.png[39m[0m
[  67% ] [90m[1m_update_scan_actions[22m | village-04-2-talk-village_weapon.png[39m[0m
[  67% ] [90m[1m_update_scan_actions[22m | castle-01-1-entered.png[39m[0m
[  67% ] [90m[1m_update_scan_actions[22m | castle-01-2-talk-court_guard_left.png[39m[0m
[  67% ] [90m[1m_update_scan_actions[22m | castle-01-2-talk-court_guard_right.png[39m[0m
[  67% ] [90m[1m_update_scan_actions[22m | castle-02-1-entered.png[39m[0m
[  67% ] [90m[1m_update_scan_actions[22m | castle-02-2-talk-advisor.png[39m[0m
[  67% ] [90m[1m_update_scan_actions[22m | castle-02-2-talk-hall_guard_left.png[39m[0m
[  67% ] [90m[1m_update_scan_actions[22m | castle-02-2-talk-hall_guard_right.png[39m[0m
[  67% ] [90m[1m_update_scan_actions[22m | castle-02-2-talk-king.png[39m[0m
[  67% ] [90m[1m_update_scan_actions[22m | castle-03-1-entered.png[39m[0m
[  67% ] [90m[1m_update_scan_actions[22m | castle-03-2-talk-castle_supplies.png[39m[0m
[  67% ] [90m[1m_update_scan_actions[22m | castle-03-2-talk-treasury_keeper.png[39m[0m
[  67% ] [90m[1m_update_scan_actions[22m | castle-04-1-entered.png[39m[0m
[  68% ] [90m[1m_update_scan_actions[22m | castle-04-2-talk-castle_inn.png[39m[0m
[  68% ] [90m[1m_update_scan_actions[22m | castle-05-1-entered.png[39m[0m
[  68% ] [90m[1m_update_scan_actions[22m | castle-05-2-talk-castle_item_shop.png[39m[0m
[  68% ] [90m[1m_update_scan_actions[22m | castle-06-1-entered.png[39m[0m
[  68% ] [90m[1m_update_scan_actions[22m | castle-06-2-talk-castle_weapon_shop.png[39m[0m
[  68% ] [90m[1m_update_scan_actions[22m | castle-07-1-entered.png[39m[0m
[  68% ] [90m[1m_update_scan_actions[22m | castle-07-2-talk-castle_armor_clerk.png[39m[0m
[  68% ] [90m[1m_update_scan_actions[22m | castle-08-1-entered.png[39m[0m
[  68% ] [90m[1m_update_scan_actions[22m | castle-08-2-talk-castle_shrine.png[39m[0m
[  68% ] [90m[1m_update_scan_actions[22m | castle-09-1-entered.png[39m[0m
[  68% ] [90m[1m_update_scan_actions[22m | castle-09-2-talk-castle_home_resident.png[39m[0m
[  68% ] [90m[1m_update_scan_actions[22m | castle-10-1-entered.png[39m[0m
[  68% ] [90m[1m_update_scan_actions[22m | castle-10-2-talk-castle_librarian.png[39m[0m
[  68% ] [90m[1m_update_scan_actions[22m | port-01-1-entered.png[39m[0m
[  68% ] [90m[1m_update_scan_actions[22m | port-01-2-talk-port_inn.png[39m[0m
[  68% ] [90m[1m_update_scan_actions[22m | port-02-1-entered.png[39m[0m
[  68% ] [90m[1m_update_scan_actions[22m | port-02-2-talk-port_item_shop.png[39m[0m
[  68% ] [90m[1m_update_scan_actions[22m | port-03-1-entered.png[39m[0m
[  68% ] [90m[1m_update_scan_actions[22m | port-03-2-talk-port_weapon_shop.png[39m[0m
[  68% ] [90m[1m_update_scan_actions[22m | port-04-1-entered.png[39m[0m
[  68% ] [90m[1m_update_scan_actions[22m | port-04-2-talk-port_armor_clerk.png[39m[0m
[  68% ] [90m[1m_update_scan_actions[22m | port-05-1-entered.png[39m[0m
[  68% ] [90m[1m_update_scan_actions[22m | port-05-2-talk-port_shrine.png[39m[0m
[  68% ] [90m[1m_update_scan_actions[22m | port-06-1-entered.png[39m[0m
[  68% ] [90m[1m_update_scan_actions[22m | port-06-2-talk-port_home.png[39m[0m
[  68% ] [90m[1m_update_scan_actions[22m | port-07-1-entered.png[39m[0m
[  68% ] [90m[1m_update_scan_actions[22m | port-07-2-talk-harbor_keeper.png[39m[0m
[  68% ] [90m[1m_update_scan_actions[22m | port-08-1-entered.png[39m[0m
[  68% ] [90m[1m_update_scan_actions[22m | port-08-2-talk-lighthouse_keeper.png[39m[0m
[  68% ] [90m[1m_update_scan_actions[22m | village-00-1-entered.png[39m[0m
[  69% ] [90m[1m_update_scan_actions[22m | village-02-1-entered.png[39m[0m
[  69% ] [90m[1m_update_scan_actions[22m | village-02-2-talk-village_inn.png[39m[0m
[  69% ] [90m[1m_update_scan_actions[22m | village-03-1-entered.png[39m[0m
[  69% ] [90m[1m_update_scan_actions[22m | village-03-2-talk-village_item.png[39m[0m
[  69% ] [90m[1m_update_scan_actions[22m | village-04-1-entered.png[39m[0m
[  69% ] [90m[1m_update_scan_actions[22m | village-04-2-talk-village_weapon.png[39m[0m
[  69% ] [90m[1m_update_scan_actions[22m | before-after.png[39m[0m
[  69% ] [90m[1m_update_scan_actions[22m | collision-overlay.png[39m[0m
[  69% ] [90m[1m_update_scan_actions[22m | before-after.png[39m[0m
[  69% ] [90m[1m_update_scan_actions[22m | collision-overlay.png[39m[0m
[  69% ] [90m[1m_update_scan_actions[22m | before-after.png[39m[0m
[  69% ] [90m[1m_update_scan_actions[22m | collision-overlay.png[39m[0m
[  69% ] [90m[1m_update_scan_actions[22m | before-after.png[39m[0m
[  69% ] [90m[1m_update_scan_actions[22m | collision-overlay.png[39m[0m
[  69% ] [90m[1m_update_scan_actions[22m | before-after.png[39m[0m
[  69% ] [90m[1m_update_scan_actions[22m | collision-overlay.png[39m[0m
[  69% ] [90m[1m_update_scan_actions[22m | before-after.png[39m[0m
[  69% ] [90m[1m_update_scan_actions[22m | collision-overlay.png[39m[0m
[  69% ] [90m[1m_update_scan_actions[22m | before-after.png[39m[0m
[  69% ] [90m[1m_update_scan_actions[22m | collision-overlay.png[39m[0m
[  69% ] [90m[1m_update_scan_actions[22m | before-after.png[39m[0m
[  69% ] [90m[1m_update_scan_actions[22m | collision-overlay.png[39m[0m
[  69% ] [90m[1m_update_scan_actions[22m | before-after.png[39m[0m
[  69% ] [90m[1m_update_scan_actions[22m | collision-overlay.png[39m[0m
[  69% ] [90m[1m_update_scan_actions[22m | before-after.png[39m[0m
[  69% ] [90m[1m_update_scan_actions[22m | collision-overlay.png[39m[0m
[  69% ] [90m[1m_update_scan_actions[22m | before-after.png[39m[0m
[  69% ] [90m[1m_update_scan_actions[22m | collision-overlay.png[39m[0m
[  69% ] [90m[1m_update_scan_actions[22m | before-after.png[39m[0m
[  69% ] [90m[1m_update_scan_actions[22m | collision-overlay.png[39m[0m
[  70% ] [90m[1m_update_scan_actions[22m | before-after.png[39m[0m
[  70% ] [90m[1m_update_scan_actions[22m | collision-overlay.png[39m[0m
[  70% ] [90m[1m_update_scan_actions[22m | before-after.png[39m[0m
[  70% ] [90m[1m_update_scan_actions[22m | collision-overlay.png[39m[0m
[  70% ] [90m[1m_update_scan_actions[22m | before-after.png[39m[0m
[  70% ] [90m[1m_update_scan_actions[22m | collision-overlay.png[39m[0m
[  70% ] [90m[1m_update_scan_actions[22m | before-after.png[39m[0m
[  70% ] [90m[1m_update_scan_actions[22m | collision-overlay.png[39m[0m
[  70% ] [90m[1m_update_scan_actions[22m | before-after.png[39m[0m
[  70% ] [90m[1m_update_scan_actions[22m | collision-overlay.png[39m[0m
[  70% ] [90m[1m_update_scan_actions[22m | before-after.png[39m[0m
[  70% ] [90m[1m_update_scan_actions[22m | collision-overlay.png[39m[0m
[  70% ] [90m[1m_update_scan_actions[22m | before-after.png[39m[0m
[  70% ] [90m[1m_update_scan_actions[22m | collision-overlay.png[39m[0m
[  70% ] [90m[1m_update_scan_actions[22m | 01-menu.png[39m[0m
[  70% ] [90m[1m_update_scan_actions[22m | 02-save-notice.png[39m[0m
[  70% ] [90m[1m_update_scan_actions[22m | 03-items.png[39m[0m
[  70% ] [90m[1m_update_scan_actions[22m | 04-atlas.png[39m[0m
[  70% ] [90m[1m_update_scan_actions[22m | 05-return.png[39m[0m
[  70% ] [90m[1m_update_scan_actions[22m | 06-return-selected.png[39m[0m
[  70% ] [90m[1m_update_scan_actions[22m | 07-party-job.png[39m[0m
[  70% ] [90m[1m_update_scan_actions[22m | 08-job-list.png[39m[0m
[  70% ] [90m[1m_update_scan_actions[22m | 09-job-disabled.png[39m[0m
[  70% ] [90m[1m_update_scan_actions[22m | 10-party-bottom.png[39m[0m
[  70% ] [90m[1m_update_scan_actions[22m | 11-job-lore.png[39m[0m
[  70% ] [90m[1m_update_scan_actions[22m | 12-mechanics.png[39m[0m
[  70% ] [90m[1m_update_scan_actions[22m | 13-purify.png[39m[0m
[  70% ] [90m[1m_update_scan_actions[22m | 14-upgrade.png[39m[0m
[  70% ] [90m[1m_update_scan_actions[22m | 15-journal.png[39m[0m
[  70% ] [90m[1m_update_scan_actions[22m | 16-replay.png[39m[0m
[  71% ] [90m[1m_update_scan_actions[22m | 17-title.png[39m[0m
[  71% ] [90m[1m_update_scan_actions[22m | 18-review.png[39m[0m
[  71% ] [90m[1m_update_scan_actions[22m | 19-review-list.png[39m[0m
[  71% ] [90m[1m_update_scan_actions[22m | 20-review-input.png[39m[0m
[  71% ] [90m[1m_update_scan_actions[22m | 21-menu-ship.png[39m[0m
[  71% ] [90m[1m_update_scan_actions[22m | 22-journal-filled.png[39m[0m
[  71% ] [90m[1m_update_scan_actions[22m | 23-journal-list.png[39m[0m
[  71% ] [90m[1m_update_scan_actions[22m | 01-menu.png[39m[0m
[  71% ] [90m[1m_update_scan_actions[22m | 02-save-notice.png[39m[0m
[  71% ] [90m[1m_update_scan_actions[22m | 03-items.png[39m[0m
[  71% ] [90m[1m_update_scan_actions[22m | 04-atlas.png[39m[0m
[  71% ] [90m[1m_update_scan_actions[22m | 05-return.png[39m[0m
[  71% ] [90m[1m_update_scan_actions[22m | 06-return-selected.png[39m[0m
[  71% ] [90m[1m_update_scan_actions[22m | 07-party-job.png[39m[0m
[  71% ] [90m[1m_update_scan_actions[22m | 08-job-list.png[39m[0m
[  71% ] [90m[1m_update_scan_actions[22m | 09-job-disabled.png[39m[0m
[  71% ] [90m[1m_update_scan_actions[22m | 10-party-bottom.png[39m[0m
[  71% ] [90m[1m_update_scan_actions[22m | 11-job-lore.png[39m[0m
[  71% ] [90m[1m_update_scan_actions[22m | 12-mechanics.png[39m[0m
[  71% ] [90m[1m_update_scan_actions[22m | 13-purify.png[39m[0m
[  71% ] [90m[1m_update_scan_actions[22m | 14-upgrade.png[39m[0m
[  71% ] [90m[1m_update_scan_actions[22m | 15-journal.png[39m[0m
[  71% ] [90m[1m_update_scan_actions[22m | 16-replay.png[39m[0m
[  71% ] [90m[1m_update_scan_actions[22m | 17-title.png[39m[0m
[  71% ] [90m[1m_update_scan_actions[22m | 18-review.png[39m[0m
[  71% ] [90m[1m_update_scan_actions[22m | 19-review-list.png[39m[0m
[  71% ] [90m[1m_update_scan_actions[22m | 20-review-input.png[39m[0m
[  71% ] [90m[1m_update_scan_actions[22m | 21-menu-ship.png[39m[0m
[  71% ] [90m[1m_update_scan_actions[22m | 22-journal-filled.png[39m[0m
[  71% ] [90m[1m_update_scan_actions[22m | 23-journal-list.png[39m[0m
[  72% ] [90m[1m_update_scan_actions[22m | after-all.png[39m[0m
[  72% ] [90m[1m_update_scan_actions[22m | before-all.png[39m[0m
[  72% ] [90m[1m_update_scan_actions[22m | job-menu.png[39m[0m
[  72% ] [90m[1m_update_scan_actions[22m | battle-mock-cave.png[39m[0m
[  72% ] [90m[1m_update_scan_actions[22m | battle-mock-plains.png[39m[0m
[  72% ] [90m[1m_update_scan_actions[22m | boss-mock.png[39m[0m
[  72% ] [90m[1m_update_scan_actions[22m | catalog-sheet.png[39m[0m
[  72% ] [90m[1m_update_scan_actions[22m | held-back.png[39m[0m
[  72% ] [90m[1m_update_scan_actions[22m | original-review-1.png[39m[0m
[  72% ] [90m[1m_update_scan_actions[22m | original-review-2.png[39m[0m
[  72% ] [90m[1m_update_scan_actions[22m | original-review-3.png[39m[0m
[  72% ] [90m[1m_update_scan_actions[22m | replacement-before-after.png[39m[0m
[  72% ] [90m[1m_update_scan_actions[22m | size-before-after.png[39m[0m
[  72% ] [90m[1m_update_scan_actions[22m | original-index-1.png[39m[0m
[  72% ] [90m[1m_update_scan_actions[22m | original-index-2.png[39m[0m
[  72% ] [90m[1m_update_scan_actions[22m | original-index-3.png[39m[0m
[  72% ] [90m[1m_update_scan_actions[22m | original-index-4.png[39m[0m
[  72% ] [90m[1m_update_scan_actions[22m | walk-sheets.png[39m[0m
[  72% ] [90m[1m_update_scan_actions[22m | battle-mock-cave.png[39m[0m
[  72% ] [90m[1m_update_scan_actions[22m | three-monsters.png[39m[0m
[  72% ] [90m[1m_update_scan_actions[22m | 03-inn.png[39m[0m
[  72% ] [90m[1m_update_scan_actions[22m | 01-inn-entered.png[39m[0m
[  72% ] [90m[1m_update_scan_actions[22m | 02-right-bedroom.png[39m[0m
[  72% ] [90m[1m_update_scan_actions[22m | 03-left-bedroom.png[39m[0m
[  72% ] [90m[1m_update_scan_actions[22m | 04-talk-innkeeper.png[39m[0m
[  72% ] [90m[1m_update_scan_actions[22m | 05-after-rest.png[39m[0m
[  72% ] [90m[1m_update_scan_actions[22m | 06-left-inn.png[39m[0m
[  72% ] [90m[1m_update_scan_actions[22m | 07-reentered.png[39m[0m
[  72% ] [90m[1m_update_scan_actions[22m | before-after.png[39m[0m
[  72% ] [90m[1m_update_scan_actions[22m | collision-overlay.png[39m[0m
[  73% ] [90m[1m_update_scan_actions[22m | inn-counter-before.png[39m[0m
[  73% ] [90m[1m_update_scan_actions[22m | 01-departure.png[39m[0m
[  73% ] [90m[1m_update_scan_actions[22m | 01-departure.png[39m[0m
[  73% ] [90m[1m_update_scan_actions[22m | 02-arrival-at-second-port.png[39m[0m
[  73% ] [90m[1m_update_scan_actions[22m | 02-first-sea-battle.png[39m[0m
[  73% ] [90m[1m_update_scan_actions[22m | 03-central-pier.png[39m[0m
[  73% ] [90m[1m_update_scan_actions[22m | 04-full-town.png[39m[0m
[  73% ] [90m[1m_update_scan_actions[22m | 05-well-market.png[39m[0m
[  73% ] [90m[1m_update_scan_actions[22m | 06-room-01-inn.png[39m[0m
[  73% ] [90m[1m_update_scan_actions[22m | 06-room-02-item.png[39m[0m
[  73% ] [90m[1m_update_scan_actions[22m | 06-room-03-weapon.png[39m[0m
[  73% ] [90m[1m_update_scan_actions[22m | 06-room-04-armor.png[39m[0m
[  73% ] [90m[1m_update_scan_actions[22m | 06-room-05-shrine.png[39m[0m
[  73% ] [90m[1m_update_scan_actions[22m | 06-room-06-harbor.png[39m[0m
[  73% ] [90m[1m_update_scan_actions[22m | 07-service-01-inn.png[39m[0m
[  73% ] [90m[1m_update_scan_actions[22m | 07-service-02-item.png[39m[0m
[  73% ] [90m[1m_update_scan_actions[22m | 07-service-03-weapon.png[39m[0m
[  73% ] [90m[1m_update_scan_actions[22m | 07-service-04-armor.png[39m[0m
[  73% ] [90m[1m_update_scan_actions[22m | 07-service-05-shrine.png[39m[0m
[  73% ] [90m[1m_update_scan_actions[22m | 07-service-06-harbor.png[39m[0m
[  73% ] [90m[1m_update_scan_actions[22m | 08-save-restored.png[39m[0m
[  73% ] [90m[1m_update_scan_actions[22m | 09-reboarded.png[39m[0m
[  73% ] [90m[1m_update_scan_actions[22m | 10-return-destination.png[39m[0m
[  73% ] [90m[1m_update_scan_actions[22m | 11-returned-to-coast.png[39m[0m
[  73% ] [90m[1m_update_scan_actions[22m | 12-stone-arch-entrance.png[39m[0m
[  73% ] [90m[1m_update_scan_actions[22m | armor-walk-map.png[39m[0m
[  73% ] [90m[1m_update_scan_actions[22m | exterior-comparison.png[39m[0m
[  73% ] [90m[1m_update_scan_actions[22m | harbor-walk-map.png[39m[0m
[  73% ] [90m[1m_update_scan_actions[22m | inn-walk-map.png[39m[0m
[  73% ] [90m[1m_update_scan_actions[22m | item-walk-map.png[39m[0m
[  74% ] [90m[1m_update_scan_actions[22m | residents-walk.png[39m[0m
[  74% ] [90m[1m_update_scan_actions[22m | room-comparison-armor.png[39m[0m
[  74% ] [90m[1m_update_scan_actions[22m | room-comparison-harbor.png[39m[0m
[  74% ] [90m[1m_update_scan_actions[22m | room-comparison-inn.png[39m[0m
[  74% ] [90m[1m_update_scan_actions[22m | room-comparison-item.png[39m[0m
[  74% ] [90m[1m_update_scan_actions[22m | room-comparison-shrine.png[39m[0m
[  74% ] [90m[1m_update_scan_actions[22m | room-comparison-weapon.png[39m[0m
[  74% ] [90m[1m_update_scan_actions[22m | rooms-before-after.png[39m[0m
[  74% ] [90m[1m_update_scan_actions[22m | rooms-overview.png[39m[0m
[  74% ] [90m[1m_update_scan_actions[22m | runtime-overview.png[39m[0m
[  74% ] [90m[1m_update_scan_actions[22m | shrine-walk-map.png[39m[0m
[  74% ] [90m[1m_update_scan_actions[22m | weapon-walk-map.png[39m[0m
[  74% ] [90m[1m_update_scan_actions[22m | 00-full-town.png[39m[0m
[  74% ] [90m[1m_update_scan_actions[22m | 01-front-of-palm-trunk.png[39m[0m
[  74% ] [90m[1m_update_scan_actions[22m | 02-behind-palm-crown.png[39m[0m
[  74% ] [90m[1m_update_scan_actions[22m | 03-behind-stall-awning.png[39m[0m
[  74% ] [90m[1m_update_scan_actions[22m | 04-front-of-stall.png[39m[0m
[  74% ] [90m[1m_update_scan_actions[22m | 05-under-stone-arch.png[39m[0m
[  74% ] [90m[1m_update_scan_actions[22m | 06-behind-building-roof-home-b.png[39m[0m
[  74% ] [90m[1m_update_scan_actions[22m | 07-front-of-building-door-home-b.png[39m[0m
[  74% ] [90m[1m_update_scan_actions[22m | 08-pier-before-boarding.png[39m[0m
[  74% ] [90m[1m_update_scan_actions[22m | 09-after-boarding.png[39m[0m
[  74% ] [90m[1m_update_scan_actions[22m | 01-ship-at-pier-before-sailing.png[39m[0m
[  74% ] [90m[1m_update_scan_actions[22m | 02-just-after-sailing-out.png[39m[0m
[  74% ] [90m[1m_update_scan_actions[22m | 03-pier-without-ship-readonly-copy.png[39m[0m
[  74% ] [90m[1m_update_scan_actions[22m | 04-returned-ship-at-pier.png[39m[0m
[  74% ] [90m[1m_update_scan_actions[22m | before-parts-full-town.png[39m[0m
[  74% ] [90m[1m_update_scan_actions[22m | collision-and-upper-layer-on-original.png[39m[0m
[  74% ] [90m[1m_update_scan_actions[22m | collision-and-upper-layer-overlay.png[39m[0m
[  75% ] [90m[1m_update_scan_actions[22m | collision-overlay.png[39m[0m
[  75% ] [90m[1m_update_scan_actions[22m | comparison-target-before-after.png[39m[0m
[  75% ] [90m[1m_update_scan_actions[22m | ship-erase-after.png[39m[0m
[  75% ] [90m[1m_update_scan_actions[22m | ship-erase-before-after.png[39m[0m
[  75% ] [90m[1m_update_scan_actions[22m | ship-erase-before.png[39m[0m
[  75% ] [90m[1m_update_scan_actions[22m | ship-erase-source-map.png[39m[0m
[  75% ] [90m[1m_update_scan_actions[22m | ship-scenes.png[39m[0m
[  75% ] [90m[1m_update_scan_actions[22m | walking-scenes.png[39m[0m
[  75% ] [90m[1m_update_scan_actions[22m | comparison-A.png[39m[0m
[  75% ] [90m[1m_update_scan_actions[22m | comparison-B.png[39m[0m
[  75% ] [90m[1m_update_scan_actions[22m | comparison-C.png[39m[0m
[  75% ] [90m[1m_update_scan_actions[22m | overview.png[39m[0m
[  75% ] [90m[1m_update_scan_actions[22m | plan-A.png[39m[0m
[  75% ] [90m[1m_update_scan_actions[22m | plan-B.png[39m[0m
[  75% ] [90m[1m_update_scan_actions[22m | plan-C.png[39m[0m
[  75% ] [90m[1m_update_scan_actions[22m | collision-overlay.png[39m[0m
[  75% ] [90m[1m_update_scan_actions[22m | color-review-004.png[39m[0m
[  75% ] [90m[1m_update_scan_actions[22m | grid.png[39m[0m
[  75% ] [90m[1m_update_scan_actions[22m | native-behind-empty.png[39m[0m
[  75% ] [90m[1m_update_scan_actions[22m | native-behind.png[39m[0m
[  75% ] [90m[1m_update_scan_actions[22m | native-detail.png[39m[0m
[  75% ] [90m[1m_update_scan_actions[22m | native-empty.png[39m[0m
[  75% ] [90m[1m_update_scan_actions[22m | native-start.png[39m[0m
[  75% ] [90m[1m_update_scan_actions[22m | review-comparison.png[39m[0m
[  75% ] [90m[1m_update_scan_actions[22m | source-comparison.png[39m[0m
[  75% ] [90m[1m_update_scan_actions[22m | upper-mask.png[39m[0m
[  75% ] [90m[1m_update_scan_actions[22m | walk-mask.png[39m[0m
[  75% ] [90m[1m_update_scan_actions[22m | collision-overlay.png[39m[0m
[  75% ] [90m[1m_update_scan_actions[22m | color-review-004.png[39m[0m
[  75% ] [90m[1m_update_scan_actions[22m | grid.png[39m[0m
[  76% ] [90m[1m_update_scan_actions[22m | native-behind-empty.png[39m[0m
[  76% ] [90m[1m_update_scan_actions[22m | native-behind.png[39m[0m
[  76% ] [90m[1m_update_scan_actions[22m | native-detail.png[39m[0m
[  76% ] [90m[1m_update_scan_actions[22m | native-empty.png[39m[0m
[  76% ] [90m[1m_update_scan_actions[22m | native-start.png[39m[0m
[  76% ] [90m[1m_update_scan_actions[22m | review-comparison.png[39m[0m
[  76% ] [90m[1m_update_scan_actions[22m | source-comparison.png[39m[0m
[  76% ] [90m[1m_update_scan_actions[22m | upper-mask.png[39m[0m
[  76% ] [90m[1m_update_scan_actions[22m | walk-mask.png[39m[0m
[  76% ] [90m[1m_update_scan_actions[22m | collision-overlay.png[39m[0m
[  76% ] [90m[1m_update_scan_actions[22m | color-review-004.png[39m[0m
[  76% ] [90m[1m_update_scan_actions[22m | grid.png[39m[0m
[  76% ] [90m[1m_update_scan_actions[22m | native-behind-empty.png[39m[0m
[  76% ] [90m[1m_update_scan_actions[22m | native-behind.png[39m[0m
[  76% ] [90m[1m_update_scan_actions[22m | native-detail.png[39m[0m
[  76% ] [90m[1m_update_scan_actions[22m | native-empty.png[39m[0m
[  76% ] [90m[1m_update_scan_actions[22m | native-start.png[39m[0m
[  76% ] [90m[1m_update_scan_actions[22m | review-comparison.png[39m[0m
[  76% ] [90m[1m_update_scan_actions[22m | source-comparison.png[39m[0m
[  76% ] [90m[1m_update_scan_actions[22m | upper-mask.png[39m[0m
[  76% ] [90m[1m_update_scan_actions[22m | walk-mask.png[39m[0m
[  76% ] [90m[1m_update_scan_actions[22m | collision-overlay.png[39m[0m
[  76% ] [90m[1m_update_scan_actions[22m | color-review-004.png[39m[0m
[  76% ] [90m[1m_update_scan_actions[22m | grid.png[39m[0m
[  76% ] [90m[1m_update_scan_actions[22m | native-behind-empty.png[39m[0m
[  76% ] [90m[1m_update_scan_actions[22m | native-behind.png[39m[0m
[  76% ] [90m[1m_update_scan_actions[22m | native-detail.png[39m[0m
[  76% ] [90m[1m_update_scan_actions[22m | native-empty.png[39m[0m
[  76% ] [90m[1m_update_scan_actions[22m | native-start.png[39m[0m
[  76% ] [90m[1m_update_scan_actions[22m | review-comparison.png[39m[0m
[  77% ] [90m[1m_update_scan_actions[22m | source-comparison.png[39m[0m
[  77% ] [90m[1m_update_scan_actions[22m | upper-mask.png[39m[0m
[  77% ] [90m[1m_update_scan_actions[22m | walk-mask.png[39m[0m
[  77% ] [90m[1m_update_scan_actions[22m | collision-overlay.png[39m[0m
[  77% ] [90m[1m_update_scan_actions[22m | color-review-004.png[39m[0m
[  77% ] [90m[1m_update_scan_actions[22m | grid.png[39m[0m
[  77% ] [90m[1m_update_scan_actions[22m | native-behind-empty.png[39m[0m
[  77% ] [90m[1m_update_scan_actions[22m | native-behind.png[39m[0m
[  77% ] [90m[1m_update_scan_actions[22m | native-detail.png[39m[0m
[  77% ] [90m[1m_update_scan_actions[22m | native-empty.png[39m[0m
[  77% ] [90m[1m_update_scan_actions[22m | native-start.png[39m[0m
[  77% ] [90m[1m_update_scan_actions[22m | review-comparison.png[39m[0m
[  77% ] [90m[1m_update_scan_actions[22m | source-comparison.png[39m[0m
[  77% ] [90m[1m_update_scan_actions[22m | upper-mask.png[39m[0m
[  77% ] [90m[1m_update_scan_actions[22m | walk-mask.png[39m[0m
[  77% ] [90m[1m_update_scan_actions[22m | 01-west-arch-under.png[39m[0m
[  77% ] [90m[1m_update_scan_actions[22m | 02-east-arch-under.png[39m[0m
[  77% ] [90m[1m_update_scan_actions[22m | 03-room-1-high-front-wall.png[39m[0m
[  77% ] [90m[1m_update_scan_actions[22m | 03-room-2-high-front-wall.png[39m[0m
[  77% ] [90m[1m_update_scan_actions[22m | 03-room-3-high-front-wall.png[39m[0m
[  77% ] [90m[1m_update_scan_actions[22m | 03-room-4-high-front-wall.png[39m[0m
[  77% ] [90m[1m_update_scan_actions[22m | 01-port-start.png[39m[0m
[  77% ] [90m[1m_update_scan_actions[22m | 02-world-village-entrance.png[39m[0m
[  77% ] [90m[1m_update_scan_actions[22m | 03-west-landing.png[39m[0m
[  77% ] [90m[1m_update_scan_actions[22m | 04-room-0-entrance.png[39m[0m
[  77% ] [90m[1m_update_scan_actions[22m | 04-room-1-entrance.png[39m[0m
[  77% ] [90m[1m_update_scan_actions[22m | 04-room-2-entrance.png[39m[0m
[  77% ] [90m[1m_update_scan_actions[22m | 04-room-3-entrance.png[39m[0m
[  77% ] [90m[1m_update_scan_actions[22m | 04-room-4-entrance.png[39m[0m
[  77% ] [90m[1m_update_scan_actions[22m | 05-room-0-front.png[39m[0m
[  78% ] [90m[1m_update_scan_actions[22m | 05-room-1-front.png[39m[0m
[  78% ] [90m[1m_update_scan_actions[22m | 05-room-2-front.png[39m[0m
[  78% ] [90m[1m_update_scan_actions[22m | 05-room-3-front.png[39m[0m
[  78% ] [90m[1m_update_scan_actions[22m | 05-room-4-front.png[39m[0m
[  78% ] [90m[1m_update_scan_actions[22m | 06-room-0-behind.png[39m[0m
[  78% ] [90m[1m_update_scan_actions[22m | 06-room-1-behind.png[39m[0m
[  78% ] [90m[1m_update_scan_actions[22m | 06-room-2-behind.png[39m[0m
[  78% ] [90m[1m_update_scan_actions[22m | 06-room-3-behind.png[39m[0m
[  78% ] [90m[1m_update_scan_actions[22m | 06-room-4-behind.png[39m[0m
[  78% ] [90m[1m_update_scan_actions[22m | 07-room-1-return.png[39m[0m
[  78% ] [90m[1m_update_scan_actions[22m | 07-room-2-return.png[39m[0m
[  78% ] [90m[1m_update_scan_actions[22m | 07-room-3-return.png[39m[0m
[  78% ] [90m[1m_update_scan_actions[22m | 07-room-4-return.png[39m[0m
[  78% ] [90m[1m_update_scan_actions[22m | 08-east-outside.png[39m[0m
[  78% ] [90m[1m_update_scan_actions[22m | 09-east-landing-camera-edge.png[39m[0m
[  78% ] [90m[1m_update_scan_actions[22m | 10-menu-restored.png[39m[0m
[  78% ] [90m[1m_update_scan_actions[22m | 11-port-returned.png[39m[0m
[  78% ] [90m[1m_update_scan_actions[22m | 12-return-destinations.png[39m[0m
[  78% ] [90m[1m_update_scan_actions[22m | 13-returned-to-village.png[39m[0m
[  78% ] [90m[1m_update_scan_actions[22m | 01-restart-room-0.png[39m[0m
[  78% ] [90m[1m_update_scan_actions[22m | 02-port-after-restart.png[39m[0m
[  78% ] [90m[1m_update_scan_actions[22m | 03-position-relocation-notice.png[39m[0m
[  78% ] [90m[1m_update_scan_actions[22m | 01-restart-room-1.png[39m[0m
[  78% ] [90m[1m_update_scan_actions[22m | 02-port-after-restart.png[39m[0m
[  78% ] [90m[1m_update_scan_actions[22m | 03-position-relocation-notice.png[39m[0m
[  78% ] [90m[1m_update_scan_actions[22m | 01-restart-room-2.png[39m[0m
[  78% ] [90m[1m_update_scan_actions[22m | 02-port-after-restart.png[39m[0m
[  78% ] [90m[1m_update_scan_actions[22m | 03-position-relocation-notice.png[39m[0m
[  78% ] [90m[1m_update_scan_actions[22m | 01-restart-room-3.png[39m[0m
[  78% ] [90m[1m_update_scan_actions[22m | 02-port-after-restart.png[39m[0m
[  79% ] [90m[1m_update_scan_actions[22m | 03-position-relocation-notice.png[39m[0m
[  79% ] [90m[1m_update_scan_actions[22m | 01-restart-room-4.png[39m[0m
[  79% ] [90m[1m_update_scan_actions[22m | 02-port-after-restart.png[39m[0m
[  79% ] [90m[1m_update_scan_actions[22m | 03-position-relocation-notice.png[39m[0m
[  79% ] [90m[1m_update_scan_actions[22m | comparison-exterior.png[39m[0m
[  79% ] [90m[1m_update_scan_actions[22m | comparison-inn.png[39m[0m
[  79% ] [90m[1m_update_scan_actions[22m | comparison-item.png[39m[0m
[  79% ] [90m[1m_update_scan_actions[22m | comparison-shrine.png[39m[0m
[  79% ] [90m[1m_update_scan_actions[22m | comparison-weapon.png[39m[0m
[  79% ] [90m[1m_update_scan_actions[22m | audit_battle_four_slots.png[39m[0m
[  79% ] [90m[1m_update_scan_actions[22m | audit_battle_three_enemies.png[39m[0m
[  79% ] [90m[1m_update_scan_actions[22m | audit_review.png[39m[0m
[  79% ] [90m[1m_update_scan_actions[22m | battle.png[39m[0m
[  79% ] [90m[1m_update_scan_actions[22m | campaign_challenge.png[39m[0m
[  79% ] [90m[1m_update_scan_actions[22m | campaign_field.png[39m[0m
[  79% ] [90m[1m_update_scan_actions[22m | campaign_record.png[39m[0m
[  79% ] [90m[1m_update_scan_actions[22m | campaign_resolution.png[39m[0m
[  79% ] [90m[1m_update_scan_actions[22m | chapter1_clear.png[39m[0m
[  79% ] [90m[1m_update_scan_actions[22m | defeat_recovery.png[39m[0m
[  79% ] [90m[1m_update_scan_actions[22m | dialogue.png[39m[0m
[  79% ] [90m[1m_update_scan_actions[22m | enemy_intents.png[39m[0m
[  79% ] [90m[1m_update_scan_actions[22m | erosion_after_skill.png[39m[0m
[  79% ] [90m[1m_update_scan_actions[22m | erosion_turn_confirmation.png[39m[0m
[  79% ] [90m[1m_update_scan_actions[22m | exploration_collected.png[39m[0m
[  79% ] [90m[1m_update_scan_actions[22m | exploration_options.png[39m[0m
[  79% ] [90m[1m_update_scan_actions[22m | exploration_shortcut.png[39m[0m
[  79% ] [90m[1m_update_scan_actions[22m | field.png[39m[0m
[  79% ] [90m[1m_update_scan_actions[22m | finished_battle_layout.png[39m[0m
[  79% ] [90m[1m_update_scan_actions[22m | finished_erosion_battle.png[39m[0m
[  79% ] [90m[1m_update_scan_actions[22m | finished_erosion_walk.png[39m[0m
[  80% ] [90m[1m_update_scan_actions[22m | finished_job_lore.png[39m[0m
[  80% ] [90m[1m_update_scan_actions[22m | forms_beast_preview.png[39m[0m
[  80% ] [90m[1m_update_scan_actions[22m | forms_bird_preview.png[39m[0m
[  80% ] [90m[1m_update_scan_actions[22m | forms_dragon_preview.png[39m[0m
[  80% ] [90m[1m_update_scan_actions[22m | forms_plant_preview.png[39m[0m
[  80% ] [90m[1m_update_scan_actions[22m | forms_shell_preview.png[39m[0m
[  80% ] [90m[1m_update_scan_actions[22m | forms_slime_preview.png[39m[0m
[  80% ] [90m[1m_update_scan_actions[22m | forms_spirit_preview.png[39m[0m
[  80% ] [90m[1m_update_scan_actions[22m | forms_undead_preview.png[39m[0m
[  80% ] [90m[1m_update_scan_actions[22m | party.png[39m[0m
[  80% ] [90m[1m_update_scan_actions[22m | party_attack.png[39m[0m
[  80% ] [90m[1m_update_scan_actions[22m | party_hurt.png[39m[0m
[  80% ] [90m[1m_update_scan_actions[22m | party_monster_battle.png[39m[0m
[  80% ] [90m[1m_update_scan_actions[22m | party_monster_walk.png[39m[0m
[  80% ] [90m[1m_update_scan_actions[22m | party_walk.png[39m[0m
[  80% ] [90m[1m_update_scan_actions[22m | playtest_review.png[39m[0m
[  80% ] [90m[1m_update_scan_actions[22m | progression_build.png[39m[0m
[  80% ] [90m[1m_update_scan_actions[22m | progression_purify.png[39m[0m
[  80% ] [90m[1m_update_scan_actions[22m | progression_town.png[39m[0m
[  80% ] [90m[1m_update_scan_actions[22m | progression_waterway.png[39m[0m
[  80% ] [90m[1m_update_scan_actions[22m | recovery_title.png[39m[0m
[  80% ] [90m[1m_update_scan_actions[22m | story_ending.png[39m[0m
[  80% ] [90m[1m_update_scan_actions[22m | story_gate_requirements.png[39m[0m
[  80% ] [90m[1m_update_scan_actions[22m | story_journal_complete.png[39m[0m
[  80% ] [90m[1m_update_scan_actions[22m | story_journal_first.png[39m[0m
[  80% ] [90m[1m_update_scan_actions[22m | story_past_record.png[39m[0m
[  80% ] [90m[1m_update_scan_actions[22m | story_past_record_replay.png[39m[0m
[  80% ] [90m[1m_update_scan_actions[22m | story_visit_order.png[39m[0m
[  80% ] [90m[1m_update_scan_actions[22m | title.png[39m[0m
[  80% ] [90m[1m_update_scan_actions[22m | user_monsters.png[39m[0m
[  81% ] [90m[1m_update_scan_actions[22m | world_after_battle.png[39m[0m
[  81% ] [90m[1m_update_scan_actions[22m | world_after_retry.png[39m[0m
[  81% ] [90m[1m_update_scan_actions[22m | world_atlas.png[39m[0m
[  81% ] [90m[1m_update_scan_actions[22m | world_battle.png[39m[0m
[  81% ] [90m[1m_update_scan_actions[22m | world_field.png[39m[0m
[  81% ] [90m[1m_update_scan_actions[22m | world_flight_pc_01.png[39m[0m
[  81% ] [90m[1m_update_scan_actions[22m | world_flight_pc_02.png[39m[0m
[  81% ] [90m[1m_update_scan_actions[22m | world_flight_pc_03.png[39m[0m
[  81% ] [90m[1m_update_scan_actions[22m | world_flight_pc_04.png[39m[0m
[  81% ] [90m[1m_update_scan_actions[22m | world_interior.png[39m[0m
[  81% ] [90m[1m_update_scan_actions[22m | world_ship.png[39m[0m
[  81% ] [90m[1m_update_scan_actions[22m | costume-overview.png[39m[0m
[  81% ] [90m[1m_update_scan_actions[22m | mage-battle-0.png[39m[0m
[  81% ] [90m[1m_update_scan_actions[22m | mage-battle-1.png[39m[0m
[  81% ] [90m[1m_update_scan_actions[22m | mage-battle-2.png[39m[0m
[  81% ] [90m[1m_update_scan_actions[22m | mage-reference-compare.png[39m[0m
[  81% ] [90m[1m_update_scan_actions[22m | mage-sheets.png[39m[0m
[  81% ] [90m[1m_update_scan_actions[22m | mage-walk-render.png[39m[0m
[  81% ] [90m[1m_update_scan_actions[22m | martial_artist-battle-0.png[39m[0m
[  81% ] [90m[1m_update_scan_actions[22m | martial_artist-battle-1.png[39m[0m
[  81% ] [90m[1m_update_scan_actions[22m | martial_artist-battle-2.png[39m[0m
[  81% ] [90m[1m_update_scan_actions[22m | martial_artist-reference-compare.png[39m[0m
[  81% ] [90m[1m_update_scan_actions[22m | martial_artist-sheets.png[39m[0m
[  81% ] [90m[1m_update_scan_actions[22m | martial_artist-walk-render.png[39m[0m
[  81% ] [90m[1m_update_scan_actions[22m | priest-battle-0.png[39m[0m
[  81% ] [90m[1m_update_scan_actions[22m | priest-battle-1.png[39m[0m
[  81% ] [90m[1m_update_scan_actions[22m | priest-battle-2.png[39m[0m
[  81% ] [90m[1m_update_scan_actions[22m | priest-reference-compare.png[39m[0m
[  81% ] [90m[1m_update_scan_actions[22m | priest-sheets.png[39m[0m
[  81% ] [90m[1m_update_scan_actions[22m | priest-walk-render.png[39m[0m
[  82% ] [90m[1m_update_scan_actions[22m | warrior-battle-0.png[39m[0m
[  82% ] [90m[1m_update_scan_actions[22m | warrior-battle-1.png[39m[0m
[  82% ] [90m[1m_update_scan_actions[22m | warrior-battle-2.png[39m[0m
[  82% ] [90m[1m_update_scan_actions[22m | warrior-reference-compare.png[39m[0m
[  82% ] [90m[1m_update_scan_actions[22m | warrior-sheets.png[39m[0m
[  82% ] [90m[1m_update_scan_actions[22m | warrior-walk-render.png[39m[0m
[  82% ] [90m[1m_update_scan_actions[22m | apothecary.png[39m[0m
[  82% ] [90m[1m_update_scan_actions[22m | bard.png[39m[0m
[  82% ] [90m[1m_update_scan_actions[22m | hunter.png[39m[0m
[  82% ] [90m[1m_update_scan_actions[22m | knight.png[39m[0m
[  82% ] [90m[1m_update_scan_actions[22m | mage.png[39m[0m
[  82% ] [90m[1m_update_scan_actions[22m | martial_artist.png[39m[0m
[  82% ] [90m[1m_update_scan_actions[22m | priest.png[39m[0m
[  82% ] [90m[1m_update_scan_actions[22m | sage.png[39m[0m
[  82% ] [90m[1m_update_scan_actions[22m | shaman.png[39m[0m
[  82% ] [90m[1m_update_scan_actions[22m | swordsman.png[39m[0m
[  82% ] [90m[1m_update_scan_actions[22m | thief.png[39m[0m
[  82% ] [90m[1m_update_scan_actions[22m | warrior.png[39m[0m
[  82% ] [90m[1m_update_scan_actions[22m | all-twelve-jobs.png[39m[0m
[  82% ] [90m[1m_update_scan_actions[22m | apothecary-battle-sheet.png[39m[0m
[  82% ] [90m[1m_update_scan_actions[22m | apothecary-reference-comparison.png[39m[0m
[  82% ] [90m[1m_update_scan_actions[22m | bard-battle-sheet.png[39m[0m
[  82% ] [90m[1m_update_scan_actions[22m | bard-reference-comparison.png[39m[0m
[  82% ] [90m[1m_update_scan_actions[22m | hunter-battle-sheet.png[39m[0m
[  82% ] [90m[1m_update_scan_actions[22m | hunter-reference-comparison.png[39m[0m
[  82% ] [90m[1m_update_scan_actions[22m | identity-color-audit.png[39m[0m
[  82% ] [90m[1m_update_scan_actions[22m | knight-battle-sheet.png[39m[0m
[  82% ] [90m[1m_update_scan_actions[22m | knight-reference-comparison.png[39m[0m
[  82% ] [90m[1m_update_scan_actions[22m | sage-battle-sheet.png[39m[0m
[  82% ] [90m[1m_update_scan_actions[22m | sage-reference-comparison.png[39m[0m
[  83% ] [90m[1m_update_scan_actions[22m | shaman-battle-sheet.png[39m[0m
[  83% ] [90m[1m_update_scan_actions[22m | shaman-reference-comparison.png[39m[0m
[  83% ] [90m[1m_update_scan_actions[22m | swordsman-battle-sheet.png[39m[0m
[  83% ] [90m[1m_update_scan_actions[22m | swordsman-color-limit.png[39m[0m
[  83% ] [90m[1m_update_scan_actions[22m | swordsman-reference-comparison.png[39m[0m
[  83% ] [90m[1m_update_scan_actions[22m | thief-battle-sheet.png[39m[0m
[  83% ] [90m[1m_update_scan_actions[22m | thief-reference-comparison.png[39m[0m
[  83% ] [90m[1m_update_scan_actions[22m | command-left-aligned.png[39m[0m
[  83% ] [90m[1m_update_scan_actions[22m | village-apothecary.png[39m[0m
[  83% ] [90m[1m_update_scan_actions[22m | village-bard.png[39m[0m
[  83% ] [90m[1m_update_scan_actions[22m | village-hunter.png[39m[0m
[  83% ] [90m[1m_update_scan_actions[22m | village-knight.png[39m[0m
[  83% ] [90m[1m_update_scan_actions[22m | village-mage.png[39m[0m
[  83% ] [90m[1m_update_scan_actions[22m | village-martial_artist.png[39m[0m
[  83% ] [90m[1m_update_scan_actions[22m | village-priest.png[39m[0m
[  83% ] [90m[1m_update_scan_actions[22m | village-sage.png[39m[0m
[  83% ] [90m[1m_update_scan_actions[22m | village-shaman.png[39m[0m
[  83% ] [90m[1m_update_scan_actions[22m | village-swordsman.png[39m[0m
[  83% ] [90m[1m_update_scan_actions[22m | village-thief.png[39m[0m
[  83% ] [90m[1m_update_scan_actions[22m | village-warrior.png[39m[0m
[  83% ] [90m[1m_update_scan_actions[22m | world-apothecary.png[39m[0m
[  83% ] [90m[1m_update_scan_actions[22m | world-bard.png[39m[0m
[  83% ] [90m[1m_update_scan_actions[22m | world-hunter.png[39m[0m
[  83% ] [90m[1m_update_scan_actions[22m | world-knight.png[39m[0m
[  83% ] [90m[1m_update_scan_actions[22m | world-mage.png[39m[0m
[  83% ] [90m[1m_update_scan_actions[22m | world-martial_artist.png[39m[0m
[  83% ] [90m[1m_update_scan_actions[22m | world-priest.png[39m[0m
[  83% ] [90m[1m_update_scan_actions[22m | world-sage.png[39m[0m
[  83% ] [90m[1m_update_scan_actions[22m | world-shaman.png[39m[0m
[  83% ] [90m[1m_update_scan_actions[22m | world-swordsman.png[39m[0m
[  84% ] [90m[1m_update_scan_actions[22m | world-thief.png[39m[0m
[  84% ] [90m[1m_update_scan_actions[22m | world-warrior.png[39m[0m
[  84% ] [90m[1m_update_scan_actions[22m | all-twelve-walks.png[39m[0m
[  84% ] [90m[1m_update_scan_actions[22m | apothecary-reference-comparison.png[39m[0m
[  84% ] [90m[1m_update_scan_actions[22m | apothecary-walk-sheet.png[39m[0m
[  84% ] [90m[1m_update_scan_actions[22m | bard-reference-comparison.png[39m[0m
[  84% ] [90m[1m_update_scan_actions[22m | bard-walk-sheet.png[39m[0m
[  84% ] [90m[1m_update_scan_actions[22m | hunter-reference-comparison.png[39m[0m
[  84% ] [90m[1m_update_scan_actions[22m | hunter-walk-sheet.png[39m[0m
[  84% ] [90m[1m_update_scan_actions[22m | knight-reference-comparison.png[39m[0m
[  84% ] [90m[1m_update_scan_actions[22m | knight-walk-sheet.png[39m[0m
[  84% ] [90m[1m_update_scan_actions[22m | sage-reference-comparison.png[39m[0m
[  84% ] [90m[1m_update_scan_actions[22m | sage-walk-sheet.png[39m[0m
[  84% ] [90m[1m_update_scan_actions[22m | shaman-reference-comparison.png[39m[0m
[  84% ] [90m[1m_update_scan_actions[22m | shaman-walk-sheet.png[39m[0m
[  84% ] [90m[1m_update_scan_actions[22m | swordsman-reference-comparison.png[39m[0m
[  84% ] [90m[1m_update_scan_actions[22m | swordsman-walk-sheet.png[39m[0m
[  84% ] [90m[1m_update_scan_actions[22m | thief-reference-comparison.png[39m[0m
[  84% ] [90m[1m_update_scan_actions[22m | thief-walk-sheet.png[39m[0m
[  84% ] [90m[1m_update_scan_actions[22m | beast-cave.png[39m[0m
[  84% ] [90m[1m_update_scan_actions[22m | beast-plains.png[39m[0m
[  84% ] [90m[1m_update_scan_actions[22m | beast-underworld.png[39m[0m
[  84% ] [90m[1m_update_scan_actions[22m | bird-cave.png[39m[0m
[  84% ] [90m[1m_update_scan_actions[22m | bird-plains.png[39m[0m
[  84% ] [90m[1m_update_scan_actions[22m | bird-underworld.png[39m[0m
[  84% ] [90m[1m_update_scan_actions[22m | dragon-cave.png[39m[0m
[  84% ] [90m[1m_update_scan_actions[22m | dragon-plains.png[39m[0m
[  84% ] [90m[1m_update_scan_actions[22m | dragon-underworld.png[39m[0m
[  84% ] [90m[1m_update_scan_actions[22m | plant-cave.png[39m[0m
[  84% ] [90m[1m_update_scan_actions[22m | plant-plains.png[39m[0m
[  85% ] [90m[1m_update_scan_actions[22m | plant-underworld.png[39m[0m
[  85% ] [90m[1m_update_scan_actions[22m | shell-cave.png[39m[0m
[  85% ] [90m[1m_update_scan_actions[22m | shell-plains.png[39m[0m
[  85% ] [90m[1m_update_scan_actions[22m | shell-underworld.png[39m[0m
[  85% ] [90m[1m_update_scan_actions[22m | slime-cave.png[39m[0m
[  85% ] [90m[1m_update_scan_actions[22m | slime-plains.png[39m[0m
[  85% ] [90m[1m_update_scan_actions[22m | slime-underworld.png[39m[0m
[  85% ] [90m[1m_update_scan_actions[22m | spirit-cave.png[39m[0m
[  85% ] [90m[1m_update_scan_actions[22m | spirit-plains.png[39m[0m
[  85% ] [90m[1m_update_scan_actions[22m | spirit-underworld.png[39m[0m
[  85% ] [90m[1m_update_scan_actions[22m | undead-cave.png[39m[0m
[  85% ] [90m[1m_update_scan_actions[22m | undead-plains.png[39m[0m
[  85% ] [90m[1m_update_scan_actions[22m | undead-underworld.png[39m[0m
[  85% ] [90m[1m_update_scan_actions[22m | battle-cave-eight.png[39m[0m
[  85% ] [90m[1m_update_scan_actions[22m | battle-plains-eight.png[39m[0m
[  85% ] [90m[1m_update_scan_actions[22m | battle-underworld-eight.png[39m[0m
[  85% ] [90m[1m_update_scan_actions[22m | source-battle-comparison.png[39m[0m
[  85% ] [90m[1m_update_scan_actions[22m | source-cutouts.png[39m[0m
[  85% ] [90m[1m_update_scan_actions[22m | walk-eight.png[39m[0m
[  85% ] [90m[1m_update_scan_actions[22m | beast-cave.png[39m[0m
[  85% ] [90m[1m_update_scan_actions[22m | beast-underworld.png[39m[0m
[  85% ] [90m[1m_update_scan_actions[22m | bird-cave.png[39m[0m
[  85% ] [90m[1m_update_scan_actions[22m | bird-underworld.png[39m[0m
[  85% ] [90m[1m_update_scan_actions[22m | dragon-cave.png[39m[0m
[  85% ] [90m[1m_update_scan_actions[22m | dragon-underworld.png[39m[0m
[  85% ] [90m[1m_update_scan_actions[22m | plant-cave.png[39m[0m
[  85% ] [90m[1m_update_scan_actions[22m | plant-underworld.png[39m[0m
[  85% ] [90m[1m_update_scan_actions[22m | shell-cave.png[39m[0m
[  85% ] [90m[1m_update_scan_actions[22m | shell-underworld.png[39m[0m
[  85% ] [90m[1m_update_scan_actions[22m | slime-cave.png[39m[0m
[  86% ] [90m[1m_update_scan_actions[22m | slime-underworld.png[39m[0m
[  86% ] [90m[1m_update_scan_actions[22m | spirit-cave.png[39m[0m
[  86% ] [90m[1m_update_scan_actions[22m | spirit-underworld.png[39m[0m
[  86% ] [90m[1m_update_scan_actions[22m | undead-cave.png[39m[0m
[  86% ] [90m[1m_update_scan_actions[22m | undead-underworld.png[39m[0m
[  86% ] [90m[1m_update_scan_actions[22m | all-32-forms.png[39m[0m
[  86% ] [90m[1m_update_scan_actions[22m | battle-cave.png[39m[0m
[  86% ] [90m[1m_update_scan_actions[22m | battle-underworld.png[39m[0m
[  86% ] [90m[1m_update_scan_actions[22m | pc_02-source-battle.png[39m[0m
[  86% ] [90m[1m_update_scan_actions[22m | pc_02-source-cutouts.png[39m[0m
[  86% ] [90m[1m_update_scan_actions[22m | pc_02-walk.png[39m[0m
[  86% ] [90m[1m_update_scan_actions[22m | pc_03-source-battle.png[39m[0m
[  86% ] [90m[1m_update_scan_actions[22m | pc_03-source-cutouts.png[39m[0m
[  86% ] [90m[1m_update_scan_actions[22m | pc_03-walk.png[39m[0m
[  86% ] [90m[1m_update_scan_actions[22m | pc_04-source-battle.png[39m[0m
[  86% ] [90m[1m_update_scan_actions[22m | pc_04-source-cutouts.png[39m[0m
[  86% ] [90m[1m_update_scan_actions[22m | pc_04-walk.png[39m[0m
[  86% ] [90m[1m_update_scan_actions[22m | 01-world-entrance.png[39m[0m
[  86% ] [90m[1m_update_scan_actions[22m | 02-town-plaza.png[39m[0m
[  86% ] [90m[1m_update_scan_actions[22m | 03-castle-court.png[39m[0m
[  86% ] [90m[1m_update_scan_actions[22m | 03b-castle-exterior.png[39m[0m
[  86% ] [90m[1m_update_scan_actions[22m | 04-throne-hall.png[39m[0m
[  86% ] [90m[1m_update_scan_actions[22m | 05-royal-audience.png[39m[0m
[  86% ] [90m[1m_update_scan_actions[22m | 06-job-change.png[39m[0m
[  86% ] [90m[1m_update_scan_actions[22m | 07-new-costume.png[39m[0m
[  86% ] [90m[1m_update_scan_actions[22m | 08-treasury.png[39m[0m
[  86% ] [90m[1m_update_scan_actions[22m | 09-library.png[39m[0m
[  86% ] [90m[1m_update_scan_actions[22m | 10-inn.png[39m[0m
[  86% ] [90m[1m_update_scan_actions[22m | 11-item-shop-counter.png[39m[0m
[  86% ] [90m[1m_update_scan_actions[22m | 11-item-shop.png[39m[0m
[  87% ] [90m[1m_update_scan_actions[22m | 12-weapon-shop-counter.png[39m[0m
[  87% ] [90m[1m_update_scan_actions[22m | 12-weapon-shop.png[39m[0m
[  87% ] [90m[1m_update_scan_actions[22m | 13-shrine.png[39m[0m
[  87% ] [90m[1m_update_scan_actions[22m | 14-return-world.png[39m[0m
[  87% ] [90m[1m_update_scan_actions[22m | castle-npcs.png[39m[0m
[  87% ] [90m[1m_update_scan_actions[22m | hall-comparison.png[39m[0m
[  87% ] [90m[1m_update_scan_actions[22m | map-00.png[39m[0m
[  87% ] [90m[1m_update_scan_actions[22m | map-01.png[39m[0m
[  87% ] [90m[1m_update_scan_actions[22m | map-02.png[39m[0m
[  87% ] [90m[1m_update_scan_actions[22m | map-03.png[39m[0m
[  87% ] [90m[1m_update_scan_actions[22m | map-04.png[39m[0m
[  87% ] [90m[1m_update_scan_actions[22m | map-08.png[39m[0m
[  87% ] [90m[1m_update_scan_actions[22m | map-10.png[39m[0m
[  87% ] [90m[1m_update_scan_actions[22m | town-comparison.png[39m[0m
[  87% ] [90m[1m_update_scan_actions[22m | 01-world-tower.png[39m[0m
[  87% ] [90m[1m_update_scan_actions[22m | 02-floor-1.png[39m[0m
[  87% ] [90m[1m_update_scan_actions[22m | 03-floor-2.png[39m[0m
[  87% ] [90m[1m_update_scan_actions[22m | 04-floor-3.png[39m[0m
[  87% ] [90m[1m_update_scan_actions[22m | 05-tower-boss.png[39m[0m
[  87% ] [90m[1m_update_scan_actions[22m | 06-suina-conversation.png[39m[0m
[  87% ] [90m[1m_update_scan_actions[22m | 07-suina-offer.png[39m[0m
[  87% ] [90m[1m_update_scan_actions[22m | 08-four-party-exploration.png[39m[0m
[  87% ] [90m[1m_update_scan_actions[22m | 09-four-party-battle.png[39m[0m
[  87% ] [90m[1m_update_scan_actions[22m | 10-mountain-path.png[39m[0m
[  87% ] [90m[1m_update_scan_actions[22m | floor-1-layout.png[39m[0m
[  87% ] [90m[1m_update_scan_actions[22m | floor-2-layout.png[39m[0m
[  87% ] [90m[1m_update_scan_actions[22m | floor-3-layout.png[39m[0m
[  87% ] [90m[1m_update_scan_actions[22m | target-comparison.png[39m[0m
[  87% ] [90m[1m_update_scan_actions[22m | 01-village-start.png[39m[0m
[  88% ] [90m[1m_update_scan_actions[22m | 02-companion-conversation.png[39m[0m
[  88% ] [90m[1m_update_scan_actions[22m | 03-village-exit-world.png[39m[0m
[  88% ] [90m[1m_update_scan_actions[22m | 04-closed-gate.png[39m[0m
[  88% ] [90m[1m_update_scan_actions[22m | 05-cave-floor-1.png[39m[0m
[  88% ] [90m[1m_update_scan_actions[22m | 06-cave-floor-2-boss.png[39m[0m
[  88% ] [90m[1m_update_scan_actions[22m | 07-boss-battle.png[39m[0m
[  88% ] [90m[1m_update_scan_actions[22m | 08-cave-exit-world.png[39m[0m
[  88% ] [90m[1m_update_scan_actions[22m | 09-gate-passed.png[39m[0m
[  88% ] [90m[1m_update_scan_actions[22m | global-coast-1.png[39m[0m
[  88% ] [90m[1m_update_scan_actions[22m | global-coast-2.png[39m[0m
[  88% ] [90m[1m_update_scan_actions[22m | global-coast-3.png[39m[0m
[  88% ] [90m[1m_update_scan_actions[22m | global-coast-4.png[39m[0m
[  88% ] [90m[1m_update_scan_actions[22m | gate-shore-before-after.png[39m[0m
[  88% ] [90m[1m_update_scan_actions[22m | global-coasts.png[39m[0m
[  88% ] [90m[1m_update_scan_actions[22m | home-before-after.png[39m[0m
[  88% ] [90m[1m_update_scan_actions[22m | home-layout.png[39m[0m
[  88% ] [90m[1m_update_scan_actions[22m | home-target-comparison.png[39m[0m
[  88% ] [90m[1m_update_scan_actions[22m | shore-target-comparison.png[39m[0m
[  88% ] [90m[1m_update_scan_actions[22m | 01-world-tower.png[39m[0m
[  88% ] [90m[1m_update_scan_actions[22m | 02-floor-1.png[39m[0m
[  88% ] [90m[1m_update_scan_actions[22m | 03-floor-2.png[39m[0m
[  88% ] [90m[1m_update_scan_actions[22m | 04-floor-3.png[39m[0m
[  88% ] [90m[1m_update_scan_actions[22m | 05-tower-boss.png[39m[0m
[  88% ] [90m[1m_update_scan_actions[22m | 06-suina-conversation.png[39m[0m
[  88% ] [90m[1m_update_scan_actions[22m | 07-suina-offer.png[39m[0m
[  88% ] [90m[1m_update_scan_actions[22m | 08-four-party-exploration.png[39m[0m
[  88% ] [90m[1m_update_scan_actions[22m | 09-four-party-battle.png[39m[0m
[  88% ] [90m[1m_update_scan_actions[22m | 10-mountain-path.png[39m[0m
[  88% ] [90m[1m_update_scan_actions[22m | 01-world-port.png[39m[0m
[  88% ] [90m[1m_update_scan_actions[22m | 02-town-entrance.png[39m[0m
[  89% ] [90m[1m_update_scan_actions[22m | 03-inn.png[39m[0m
[  89% ] [90m[1m_update_scan_actions[22m | 04-market.png[39m[0m
[  89% ] [90m[1m_update_scan_actions[22m | 05-item-shop.png[39m[0m
[  89% ] [90m[1m_update_scan_actions[22m | 06-weapon-shop.png[39m[0m
[  89% ] [90m[1m_update_scan_actions[22m | 07-armor-shop.png[39m[0m
[  89% ] [90m[1m_update_scan_actions[22m | 08-shrine.png[39m[0m
[  89% ] [90m[1m_update_scan_actions[22m | 09-home.png[39m[0m
[  89% ] [90m[1m_update_scan_actions[22m | 10-harbor-office.png[39m[0m
[  89% ] [90m[1m_update_scan_actions[22m | 11-lighthouse-room.png[39m[0m
[  89% ] [90m[1m_update_scan_actions[22m | 12-lighthouse-coast.png[39m[0m
[  89% ] [90m[1m_update_scan_actions[22m | 13-upper-pier.png[39m[0m
[  89% ] [90m[1m_update_scan_actions[22m | 14-lower-pier.png[39m[0m
[  89% ] [90m[1m_update_scan_actions[22m | 15-return-world.png[39m[0m
[  89% ] [90m[1m_update_scan_actions[22m | map-00.png[39m[0m
[  89% ] [90m[1m_update_scan_actions[22m | map-01.png[39m[0m
[  89% ] [90m[1m_update_scan_actions[22m | map-02.png[39m[0m
[  89% ] [90m[1m_update_scan_actions[22m | map-03.png[39m[0m
[  89% ] [90m[1m_update_scan_actions[22m | map-04.png[39m[0m
[  89% ] [90m[1m_update_scan_actions[22m | map-05.png[39m[0m
[  89% ] [90m[1m_update_scan_actions[22m | map-06.png[39m[0m
[  89% ] [90m[1m_update_scan_actions[22m | map-07.png[39m[0m
[  89% ] [90m[1m_update_scan_actions[22m | map-08.png[39m[0m
[  89% ] [90m[1m_update_scan_actions[22m | target-comparison.png[39m[0m
[  89% ] [90m[1m_update_scan_actions[22m | 01-world-port.png[39m[0m
[  89% ] [90m[1m_update_scan_actions[22m | 02-town-entrance.png[39m[0m
[  89% ] [90m[1m_update_scan_actions[22m | 03-inn.png[39m[0m
[  89% ] [90m[1m_update_scan_actions[22m | 04-market.png[39m[0m
[  89% ] [90m[1m_update_scan_actions[22m | 05-item-shop.png[39m[0m
[  89% ] [90m[1m_update_scan_actions[22m | 06-weapon-shop.png[39m[0m
[  89% ] [90m[1m_update_scan_actions[22m | 07-armor-shop.png[39m[0m
[  90% ] [90m[1m_update_scan_actions[22m | 08-shrine.png[39m[0m
[  90% ] [90m[1m_update_scan_actions[22m | 09-home.png[39m[0m
[  90% ] [90m[1m_update_scan_actions[22m | 10-harbor-office.png[39m[0m
[  90% ] [90m[1m_update_scan_actions[22m | 11-lighthouse-room.png[39m[0m
[  90% ] [90m[1m_update_scan_actions[22m | 12-lighthouse-coast.png[39m[0m
[  90% ] [90m[1m_update_scan_actions[22m | 13-upper-pier.png[39m[0m
[  90% ] [90m[1m_update_scan_actions[22m | 14-lower-pier.png[39m[0m
[  90% ] [90m[1m_update_scan_actions[22m | 15-return-world.png[39m[0m
[  90% ] [90m[1m_update_scan_actions[22m | 01-bay-docked-ship.png[39m[0m
[  90% ] [90m[1m_update_scan_actions[22m | 02-before-boarding.png[39m[0m
[  90% ] [90m[1m_update_scan_actions[22m | 03-sailing.png[39m[0m
[  90% ] [90m[1m_update_scan_actions[22m | 04-sea-battle.png[39m[0m
[  90% ] [90m[1m_update_scan_actions[22m | 05-shallows-before-landing.png[39m[0m
[  90% ] [90m[1m_update_scan_actions[22m | 06-shallows-on-foot.png[39m[0m
[  90% ] [90m[1m_update_scan_actions[22m | 07-shallows-reboarding.png[39m[0m
[  90% ] [90m[1m_update_scan_actions[22m | 08-return-caster-selection.png[39m[0m
[  90% ] [90m[1m_update_scan_actions[22m | 09-return-destination-selection.png[39m[0m
[  90% ] [90m[1m_update_scan_actions[22m | 10-returned-to-port.png[39m[0m
[  90% ] [90m[1m_update_scan_actions[22m | 11-ship-returned-to-pier.png[39m[0m
[  90% ] [90m[1m_update_scan_actions[22m | 12-port-disembarked.png[39m[0m
[  90% ] [90m[1m_update_scan_actions[22m | bay-with-ship-comparison.png[39m[0m
[  90% ] [90m[1m_update_scan_actions[22m | map-00.png[39m[0m
[  90% ] [90m[1m_update_scan_actions[22m | map-01.png[39m[0m
[  90% ] [90m[1m_update_scan_actions[22m | map-02.png[39m[0m
[  90% ] [90m[1m_update_scan_actions[22m | map-03.png[39m[0m
[  90% ] [90m[1m_update_scan_actions[22m | map-04.png[39m[0m
[  90% ] [90m[1m_update_scan_actions[22m | map-05.png[39m[0m
[  90% ] [90m[1m_update_scan_actions[22m | map-06.png[39m[0m
[  90% ] [90m[1m_update_scan_actions[22m | map-07.png[39m[0m
[  90% ] [90m[1m_update_scan_actions[22m | map-08.png[39m[0m
[  91% ] [90m[1m_update_scan_actions[22m | port-with-ship-layout.png[39m[0m
[  91% ] [90m[1m_update_scan_actions[22m | ship-source-comparison.png[39m[0m
[  91% ] [90m[1m_update_scan_actions[22m | target-comparison.png[39m[0m
[  91% ] [90m[1m_update_scan_actions[22m | 00-first-region-sea-battle.png[39m[0m
[  91% ] [90m[1m_update_scan_actions[22m | 01-crossing-to-second-region.png[39m[0m
[  91% ] [90m[1m_update_scan_actions[22m | 02-landed-on-sand-coast.png[39m[0m
[  91% ] [90m[1m_update_scan_actions[22m | 03-second-region-sea-battle.png[39m[0m
[  91% ] [90m[1m_update_scan_actions[22m | 04-coast-walking.png[39m[0m
[  91% ] [90m[1m_update_scan_actions[22m | 05-returned-to-first-region.png[39m[0m
[  91% ] [90m[1m_update_scan_actions[22m | 06-ground-candidates-desert.png[39m[0m
[  91% ] [90m[1m_update_scan_actions[22m | ground-enemy-proposals.png[39m[0m
[  91% ] [90m[1m_update_scan_actions[22m | ruins-reserve.png[39m[0m
[  91% ] [90m[1m_update_scan_actions[22m | 00-first-region-sea-battle.png[39m[0m
[  91% ] [90m[1m_update_scan_actions[22m | 01-crossing-to-second-region.png[39m[0m
[  91% ] [90m[1m_update_scan_actions[22m | 02-landed-on-sand-coast.png[39m[0m
[  91% ] [90m[1m_update_scan_actions[22m | 03-second-region-sea-battle.png[39m[0m
[  91% ] [90m[1m_update_scan_actions[22m | 04-coast-walking.png[39m[0m
[  91% ] [90m[1m_update_scan_actions[22m | 05-returned-to-first-region.png[39m[0m
[  91% ] [90m[1m_update_scan_actions[22m | 06-ground-natural-encounter.png[39m[0m
[  91% ] [90m[1m_update_scan_actions[22m | 07-imported-three-desert.png[39m[0m
[  91% ] [90m[1m_update_scan_actions[22m | 08-coastal-three-desert.png[39m[0m
[  91% ] [90m[1m_update_scan_actions[22m | desert_mummy-cutout.png[39m[0m
[  91% ] [90m[1m_update_scan_actions[22m | desert_scorpion-cutout.png[39m[0m
[  91% ] [90m[1m_update_scan_actions[22m | sand_worm-cutout.png[39m[0m
[  91% ] [90m[1m_update_scan_actions[22m | source-comparison.png[39m[0m
[  91% ] [90m[1m_update_scan_actions[22m | teal-source-comparison.png[39m[0m
[  91% ] [90m[1m_update_scan_actions[22m | characters-01.png[39m[0m
[  91% ] [90m[1m_update_scan_actions[22m | characters-02.png[39m[0m
[  91% ] [90m[1m_update_scan_actions[22m | characters-03.png[39m[0m
[  91% ] [90m[1m_update_scan_actions[22m | target-character-compare.png[39m[0m
[  92% ] [90m[1m_update_scan_actions[22m | young-01-poses.png[39m[0m
[  92% ] [90m[1m_update_scan_actions[22m | young-02-poses.png[39m[0m
[  92% ] [90m[1m_update_scan_actions[22m | young-03-poses.png[39m[0m
[  92% ] [90m[1m_update_scan_actions[22m | young-04-poses.png[39m[0m
[  92% ] [90m[1m_update_scan_actions[22m | 02-world-village-entrance.png[39m[0m
[  92% ] [90m[1m_update_scan_actions[22m | east-gate-under.png[39m[0m
[  92% ] [90m[1m_update_scan_actions[22m | east-world-exit.png[39m[0m
[  92% ] [90m[1m_update_scan_actions[22m | leaves-behind.png[39m[0m
[  92% ] [90m[1m_update_scan_actions[22m | roof-behind.png[39m[0m
[  92% ] [90m[1m_update_scan_actions[22m | saved-room-0.png[39m[0m
[  92% ] [90m[1m_update_scan_actions[22m | talk-child.png[39m[0m
[  92% ] [90m[1m_update_scan_actions[22m | talk-water_keeper.png[39m[0m
[  92% ] [90m[1m_update_scan_actions[22m | west-gate-under.png[39m[0m
[  92% ] [90m[1m_update_scan_actions[22m | west-landing.png[39m[0m
[  92% ] [90m[1m_update_scan_actions[22m | west-world-exit.png[39m[0m
[  92% ] [90m[1m_update_scan_actions[22m | 02-world-village-entrance.png[39m[0m
[  92% ] [90m[1m_update_scan_actions[22m | room-1-entry.png[39m[0m
[  92% ] [90m[1m_update_scan_actions[22m | room-1-front-wall.png[39m[0m
[  92% ] [90m[1m_update_scan_actions[22m | room-1-return.png[39m[0m
[  92% ] [90m[1m_update_scan_actions[22m | room-2-entry.png[39m[0m
[  92% ] [90m[1m_update_scan_actions[22m | room-2-front-wall.png[39m[0m
[  92% ] [90m[1m_update_scan_actions[22m | room-2-return.png[39m[0m
[  92% ] [90m[1m_update_scan_actions[22m | room-3-entry.png[39m[0m
[  92% ] [90m[1m_update_scan_actions[22m | room-3-front-wall.png[39m[0m
[  92% ] [90m[1m_update_scan_actions[22m | room-3-return.png[39m[0m
[  92% ] [90m[1m_update_scan_actions[22m | room-4-entry.png[39m[0m
[  92% ] [90m[1m_update_scan_actions[22m | room-4-front-wall.png[39m[0m
[  92% ] [90m[1m_update_scan_actions[22m | room-4-return.png[39m[0m
[  92% ] [90m[1m_update_scan_actions[22m | saved-room-1.png[39m[0m
[  92% ] [90m[1m_update_scan_actions[22m | saved-room-2.png[39m[0m
[  93% ] [90m[1m_update_scan_actions[22m | saved-room-3.png[39m[0m
[  93% ] [90m[1m_update_scan_actions[22m | saved-room-4.png[39m[0m
[  93% ] [90m[1m_update_scan_actions[22m | shrine-existing-confirmation.png[39m[0m
[  93% ] [90m[1m_update_scan_actions[22m | talk-camel_keeper.png[39m[0m
[  93% ] [90m[1m_update_scan_actions[22m | talk-date_farmer.png[39m[0m
[  93% ] [90m[1m_update_scan_actions[22m | talk-elder.png[39m[0m
[  93% ] [90m[1m_update_scan_actions[22m | talk-innkeeper.png[39m[0m
[  93% ] [90m[1m_update_scan_actions[22m | pair1.png[39m[0m
[  93% ] [90m[1m_update_scan_actions[22m | pair2.png[39m[0m
[  93% ] [90m[1m_update_scan_actions[22m | pair3.png[39m[0m
[  93% ] [90m[1m_update_scan_actions[22m | 02-world-village-entrance.png[39m[0m
[  93% ] [90m[1m_update_scan_actions[22m | east-gate-under.png[39m[0m
[  93% ] [90m[1m_update_scan_actions[22m | east-world-exit.png[39m[0m
[  93% ] [90m[1m_update_scan_actions[22m | leaves-behind.png[39m[0m
[  93% ] [90m[1m_update_scan_actions[22m | roof-behind.png[39m[0m
[  93% ] [90m[1m_update_scan_actions[22m | saved-room-0.png[39m[0m
[  93% ] [90m[1m_update_scan_actions[22m | talk-child.png[39m[0m
[  93% ] [90m[1m_update_scan_actions[22m | talk-water_keeper.png[39m[0m
[  93% ] [90m[1m_update_scan_actions[22m | west-gate-under.png[39m[0m
[  93% ] [90m[1m_update_scan_actions[22m | west-landing.png[39m[0m
[  93% ] [90m[1m_update_scan_actions[22m | west-world-exit.png[39m[0m
[  93% ] [90m[1m_update_scan_actions[22m | 02-world-village-entrance.png[39m[0m
[  93% ] [90m[1m_update_scan_actions[22m | room-1-entry.png[39m[0m
[  93% ] [90m[1m_update_scan_actions[22m | room-1-front-wall.png[39m[0m
[  93% ] [90m[1m_update_scan_actions[22m | room-1-return.png[39m[0m
[  93% ] [90m[1m_update_scan_actions[22m | room-2-entry.png[39m[0m
[  93% ] [90m[1m_update_scan_actions[22m | room-2-front-wall.png[39m[0m
[  93% ] [90m[1m_update_scan_actions[22m | room-2-return.png[39m[0m
[  93% ] [90m[1m_update_scan_actions[22m | room-3-entry.png[39m[0m
[  93% ] [90m[1m_update_scan_actions[22m | room-3-front-wall.png[39m[0m
[  94% ] [90m[1m_update_scan_actions[22m | room-3-return.png[39m[0m
[  94% ] [90m[1m_update_scan_actions[22m | room-4-entry.png[39m[0m
[  94% ] [90m[1m_update_scan_actions[22m | room-4-front-wall.png[39m[0m
[  94% ] [90m[1m_update_scan_actions[22m | room-4-return.png[39m[0m
[  94% ] [90m[1m_update_scan_actions[22m | saved-room-1.png[39m[0m
[  94% ] [90m[1m_update_scan_actions[22m | saved-room-2.png[39m[0m
[  94% ] [90m[1m_update_scan_actions[22m | saved-room-3.png[39m[0m
[  94% ] [90m[1m_update_scan_actions[22m | saved-room-4.png[39m[0m
[  94% ] [90m[1m_update_scan_actions[22m | shrine-existing-confirmation.png[39m[0m
[  94% ] [90m[1m_update_scan_actions[22m | talk-camel_keeper.png[39m[0m
[  94% ] [90m[1m_update_scan_actions[22m | talk-date_farmer.png[39m[0m
[  94% ] [90m[1m_update_scan_actions[22m | talk-elder.png[39m[0m
[  94% ] [90m[1m_update_scan_actions[22m | talk-innkeeper.png[39m[0m
[  94% ] [90m[1m_update_scan_actions[22m | normal-operation-1.png[39m[0m
[  94% ] [90m[1m_update_scan_actions[22m | normal-operation-2.png[39m[0m
[  94% ] [90m[1m_update_scan_actions[22m | normal-operation-3.png[39m[0m
[  94% ] [90m[1m_update_scan_actions[22m | residents-source-comparison.png[39m[0m
[  94% ] [90m[1m_update_scan_actions[22m | residents-walk.png[39m[0m
[  94% ] [90m[1m_update_scan_actions[22m | target-comparison.png[39m[0m
[  94% ] [90m[1m_update_scan_actions[22m | 01-west-arch-under.png[39m[0m
[  94% ] [90m[1m_update_scan_actions[22m | 02-east-arch-under.png[39m[0m
[  94% ] [90m[1m_update_scan_actions[22m | 03-room-1-high-front-wall.png[39m[0m
[  94% ] [90m[1m_update_scan_actions[22m | 03-room-2-high-front-wall.png[39m[0m
[  94% ] [90m[1m_update_scan_actions[22m | 03-room-3-high-front-wall.png[39m[0m
[  94% ] [90m[1m_update_scan_actions[22m | 03-room-4-high-front-wall.png[39m[0m
[  94% ] [90m[1m_update_scan_actions[22m | 01-port-start.png[39m[0m
[  94% ] [90m[1m_update_scan_actions[22m | 02-world-village-entrance.png[39m[0m
[  94% ] [90m[1m_update_scan_actions[22m | 03-west-landing.png[39m[0m
[  94% ] [90m[1m_update_scan_actions[22m | 04-room-0-entrance.png[39m[0m
[  94% ] [90m[1m_update_scan_actions[22m | 04-room-1-entrance.png[39m[0m
[  95% ] [90m[1m_update_scan_actions[22m | 04-room-2-entrance.png[39m[0m
[  95% ] [90m[1m_update_scan_actions[22m | 04-room-3-entrance.png[39m[0m
[  95% ] [90m[1m_update_scan_actions[22m | 04-room-4-entrance.png[39m[0m
[  95% ] [90m[1m_update_scan_actions[22m | 05-room-0-front.png[39m[0m
[  95% ] [90m[1m_update_scan_actions[22m | 05-room-1-front.png[39m[0m
[  95% ] [90m[1m_update_scan_actions[22m | 05-room-2-front.png[39m[0m
[  95% ] [90m[1m_update_scan_actions[22m | 05-room-3-front.png[39m[0m
[  95% ] [90m[1m_update_scan_actions[22m | 05-room-4-front.png[39m[0m
[  95% ] [90m[1m_update_scan_actions[22m | 06-room-0-behind.png[39m[0m
[  95% ] [90m[1m_update_scan_actions[22m | 06-room-1-behind.png[39m[0m
[  95% ] [90m[1m_update_scan_actions[22m | 06-room-2-behind.png[39m[0m
[  95% ] [90m[1m_update_scan_actions[22m | 06-room-3-behind.png[39m[0m
[  95% ] [90m[1m_update_scan_actions[22m | 06-room-4-behind.png[39m[0m
[  95% ] [90m[1m_update_scan_actions[22m | 07-room-1-return.png[39m[0m
[  95% ] [90m[1m_update_scan_actions[22m | 07-room-2-return.png[39m[0m
[  95% ] [90m[1m_update_scan_actions[22m | 07-room-3-return.png[39m[0m
[  95% ] [90m[1m_update_scan_actions[22m | 07-room-4-return.png[39m[0m
[  95% ] [90m[1m_update_scan_actions[22m | 08-east-outside.png[39m[0m
[  95% ] [90m[1m_update_scan_actions[22m | 09-east-landing-camera-edge.png[39m[0m
[  95% ] [90m[1m_update_scan_actions[22m | 10-menu-restored.png[39m[0m
[  95% ] [90m[1m_update_scan_actions[22m | 11-port-returned.png[39m[0m
[  95% ] [90m[1m_update_scan_actions[22m | 12-return-destinations.png[39m[0m
[  95% ] [90m[1m_update_scan_actions[22m | 13-returned-to-village.png[39m[0m
[  95% ] [90m[1m_update_scan_actions[22m | 01-restart-room-0.png[39m[0m
[  95% ] [90m[1m_update_scan_actions[22m | 02-port-after-restart.png[39m[0m
[  95% ] [90m[1m_update_scan_actions[22m | 03-position-relocation-notice.png[39m[0m
[  95% ] [90m[1m_update_scan_actions[22m | 01-restart-room-1.png[39m[0m
[  95% ] [90m[1m_update_scan_actions[22m | 02-port-after-restart.png[39m[0m
[  95% ] [90m[1m_update_scan_actions[22m | 03-position-relocation-notice.png[39m[0m
[  95% ] [90m[1m_update_scan_actions[22m | 01-restart-room-2.png[39m[0m
[  96% ] [90m[1m_update_scan_actions[22m | 02-port-after-restart.png[39m[0m
[  96% ] [90m[1m_update_scan_actions[22m | 03-position-relocation-notice.png[39m[0m
[  96% ] [90m[1m_update_scan_actions[22m | 01-restart-room-3.png[39m[0m
[  96% ] [90m[1m_update_scan_actions[22m | 02-port-after-restart.png[39m[0m
[  96% ] [90m[1m_update_scan_actions[22m | 03-position-relocation-notice.png[39m[0m
[  96% ] [90m[1m_update_scan_actions[22m | 01-restart-room-4.png[39m[0m
[  96% ] [90m[1m_update_scan_actions[22m | 02-port-after-restart.png[39m[0m
[  96% ] [90m[1m_update_scan_actions[22m | 03-position-relocation-notice.png[39m[0m
[  96% ] [90m[1m_update_scan_actions[22m | 01-west-arch-under.png[39m[0m
[  96% ] [90m[1m_update_scan_actions[22m | 02-east-arch-under.png[39m[0m
[  96% ] [90m[1m_update_scan_actions[22m | 03-room-1-high-front-wall.png[39m[0m
[  96% ] [90m[1m_update_scan_actions[22m | 03-room-2-high-front-wall.png[39m[0m
[  96% ] [90m[1m_update_scan_actions[22m | 03-room-3-high-front-wall.png[39m[0m
[  96% ] [90m[1m_update_scan_actions[22m | 03-room-4-high-front-wall.png[39m[0m
[  96% ] [90m[1m_update_scan_actions[22m | 01-port-start.png[39m[0m
[  96% ] [90m[1m_update_scan_actions[22m | 02-world-village-entrance.png[39m[0m
[  96% ] [90m[1m_update_scan_actions[22m | 03-west-landing.png[39m[0m
[  96% ] [90m[1m_update_scan_actions[22m | 04-room-0-entrance.png[39m[0m
[  96% ] [90m[1m_update_scan_actions[22m | 04-room-1-entrance.png[39m[0m
[  96% ] [90m[1m_update_scan_actions[22m | 04-room-2-entrance.png[39m[0m
[  96% ] [90m[1m_update_scan_actions[22m | 04-room-3-entrance.png[39m[0m
[  96% ] [90m[1m_update_scan_actions[22m | 04-room-4-entrance.png[39m[0m
[  96% ] [90m[1m_update_scan_actions[22m | 05-room-0-front.png[39m[0m
[  96% ] [90m[1m_update_scan_actions[22m | 05-room-1-front.png[39m[0m
[  96% ] [90m[1m_update_scan_actions[22m | 05-room-2-front.png[39m[0m
[  96% ] [90m[1m_update_scan_actions[22m | 05-room-3-front.png[39m[0m
[  96% ] [90m[1m_update_scan_actions[22m | 05-room-4-front.png[39m[0m
[  96% ] [90m[1m_update_scan_actions[22m | 06-room-0-behind.png[39m[0m
[  96% ] [90m[1m_update_scan_actions[22m | 06-room-1-behind.png[39m[0m
[  96% ] [90m[1m_update_scan_actions[22m | 06-room-2-behind.png[39m[0m
[  97% ] [90m[1m_update_scan_actions[22m | 06-room-3-behind.png[39m[0m
[  97% ] [90m[1m_update_scan_actions[22m | 06-room-4-behind.png[39m[0m
[  97% ] [90m[1m_update_scan_actions[22m | 07-room-1-return.png[39m[0m
[  97% ] [90m[1m_update_scan_actions[22m | 07-room-2-return.png[39m[0m
[  97% ] [90m[1m_update_scan_actions[22m | 07-room-3-return.png[39m[0m
[  97% ] [90m[1m_update_scan_actions[22m | 07-room-4-return.png[39m[0m
[  97% ] [90m[1m_update_scan_actions[22m | 08-east-outside.png[39m[0m
[  97% ] [90m[1m_update_scan_actions[22m | 09-east-landing-camera-edge.png[39m[0m
[  97% ] [90m[1m_update_scan_actions[22m | 10-menu-restored.png[39m[0m
[  97% ] [90m[1m_update_scan_actions[22m | 11-port-returned.png[39m[0m
[  97% ] [90m[1m_update_scan_actions[22m | 12-return-destinations.png[39m[0m
[  97% ] [90m[1m_update_scan_actions[22m | 13-returned-to-village.png[39m[0m
[  97% ] [90m[1m_update_scan_actions[22m | 01-restart-room-0.png[39m[0m
[  97% ] [90m[1m_update_scan_actions[22m | 02-port-after-restart.png[39m[0m
[  97% ] [90m[1m_update_scan_actions[22m | 03-position-relocation-notice.png[39m[0m
[  97% ] [90m[1m_update_scan_actions[22m | 01-restart-room-1.png[39m[0m
[  97% ] [90m[1m_update_scan_actions[22m | 02-port-after-restart.png[39m[0m
[  97% ] [90m[1m_update_scan_actions[22m | 03-position-relocation-notice.png[39m[0m
[  97% ] [90m[1m_update_scan_actions[22m | 01-restart-room-2.png[39m[0m
[  97% ] [90m[1m_update_scan_actions[22m | 02-port-after-restart.png[39m[0m
[  97% ] [90m[1m_update_scan_actions[22m | 03-position-relocation-notice.png[39m[0m
[  97% ] [90m[1m_update_scan_actions[22m | 01-restart-room-3.png[39m[0m
[  97% ] [90m[1m_update_scan_actions[22m | 02-port-after-restart.png[39m[0m
[  97% ] [90m[1m_update_scan_actions[22m | 03-position-relocation-notice.png[39m[0m
[  97% ] [90m[1m_update_scan_actions[22m | 01-restart-room-4.png[39m[0m
[  97% ] [90m[1m_update_scan_actions[22m | 02-port-after-restart.png[39m[0m
[  97% ] [90m[1m_update_scan_actions[22m | 03-position-relocation-notice.png[39m[0m
[  97% ] [90m[1m_update_scan_actions[22m | 01-port-start.png[39m[0m
[  97% ] [90m[1m_update_scan_actions[22m | 02-world-village-entrance.png[39m[0m
[  97% ] [90m[1m_update_scan_actions[22m | 03-west-landing.png[39m[0m
[  98% ] [90m[1m_update_scan_actions[22m | 04-room-0-entrance.png[39m[0m
[  98% ] [90m[1m_update_scan_actions[22m | 04-room-1-entrance.png[39m[0m
[  98% ] [90m[1m_update_scan_actions[22m | 04-room-2-entrance.png[39m[0m
[  98% ] [90m[1m_update_scan_actions[22m | 04-room-3-entrance.png[39m[0m
[  98% ] [90m[1m_update_scan_actions[22m | 04-room-4-entrance.png[39m[0m
[  98% ] [90m[1m_update_scan_actions[22m | 05-room-0-front.png[39m[0m
[  98% ] [90m[1m_update_scan_actions[22m | 05-room-1-front.png[39m[0m
[  98% ] [90m[1m_update_scan_actions[22m | 05-room-2-front.png[39m[0m
[  98% ] [90m[1m_update_scan_actions[22m | 05-room-3-front.png[39m[0m
[  98% ] [90m[1m_update_scan_actions[22m | 05-room-4-front.png[39m[0m
[  98% ] [90m[1m_update_scan_actions[22m | 06-room-0-behind.png[39m[0m
[  98% ] [90m[1m_update_scan_actions[22m | 06-room-1-behind.png[39m[0m
[  98% ] [90m[1m_update_scan_actions[22m | 06-room-2-behind.png[39m[0m
[  98% ] [90m[1m_update_scan_actions[22m | 06-room-3-behind.png[39m[0m
[  98% ] [90m[1m_update_scan_actions[22m | 06-room-4-behind.png[39m[0m
[  98% ] [90m[1m_update_scan_actions[22m | 07-room-1-return.png[39m[0m
[  98% ] [90m[1m_update_scan_actions[22m | 07-room-2-return.png[39m[0m
[  98% ] [90m[1m_update_scan_actions[22m | 07-room-3-return.png[39m[0m
[  98% ] [90m[1m_update_scan_actions[22m | 07-room-4-return.png[39m[0m
[  98% ] [90m[1m_update_scan_actions[22m | 08-east-outside.png[39m[0m
[  98% ] [90m[1m_update_scan_actions[22m | 09-east-landing-camera-edge.png[39m[0m
[  98% ] [90m[1m_update_scan_actions[22m | 10-menu-restored.png[39m[0m
[  98% ] [90m[1m_update_scan_actions[22m | 11-port-returned.png[39m[0m
[  98% ] [90m[1m_update_scan_actions[22m | 12-return-destinations.png[39m[0m
[  98% ] [90m[1m_update_scan_actions[22m | 13-returned-to-village.png[39m[0m
[  98% ] [90m[1m_update_scan_actions[22m | 01-port-start.png[39m[0m
[  98% ] [90m[1m_update_scan_actions[22m | 02-world-village-entrance.png[39m[0m
[  98% ] [90m[1m_update_scan_actions[22m | 03-west-landing.png[39m[0m
[  98% ] [90m[1m_update_scan_actions[22m | 04-room-0-entrance.png[39m[0m
[  98% ] [90m[1m_update_scan_actions[22m | 04-room-1-entrance.png[39m[0m
[  99% ] [90m[1m_update_scan_actions[22m | 04-room-2-entrance.png[39m[0m
[  99% ] [90m[1m_update_scan_actions[22m | 04-room-3-entrance.png[39m[0m
[  99% ] [90m[1m_update_scan_actions[22m | 04-room-4-entrance.png[39m[0m
[  99% ] [90m[1m_update_scan_actions[22m | 05-room-0-front.png[39m[0m
[  99% ] [90m[1m_update_scan_actions[22m | 05-room-1-front.png[39m[0m
[  99% ] [90m[1m_update_scan_actions[22m | 05-room-2-front.png[39m[0m
[  99% ] [90m[1m_update_scan_actions[22m | 05-room-3-front.png[39m[0m
[  99% ] [90m[1m_update_scan_actions[22m | 05-room-4-front.png[39m[0m
[  99% ] [90m[1m_update_scan_actions[22m | 06-room-0-behind.png[39m[0m
[  99% ] [90m[1m_update_scan_actions[22m | 06-room-1-behind.png[39m[0m
[  99% ] [90m[1m_update_scan_actions[22m | 06-room-2-behind.png[39m[0m
[  99% ] [90m[1m_update_scan_actions[22m | 06-room-3-behind.png[39m[0m
[  99% ] [90m[1m_update_scan_actions[22m | 06-room-4-behind.png[39m[0m
[  99% ] [90m[1m_update_scan_actions[22m | 07-room-1-return.png[39m[0m
[  99% ] [90m[1m_update_scan_actions[22m | 07-room-2-return.png[39m[0m
[  99% ] [90m[1m_update_scan_actions[22m | 07-room-3-return.png[39m[0m
[  99% ] [90m[1m_update_scan_actions[22m | 07-room-4-return.png[39m[0m
[  99% ] [90m[1m_update_scan_actions[22m | 08-east-outside.png[39m[0m
[  99% ] [90m[1m_update_scan_actions[22m | 09-east-landing-camera-edge.png[39m[0m
[  99% ] [90m[1m_update_scan_actions[22m | 10-menu-restored.png[39m[0m
[  99% ] [90m[1m_update_scan_actions[22m | 11-port-returned.png[39m[0m
[  99% ] [90m[1m_update_scan_actions[22m | 12-return-destinations.png[39m[0m
[  99% ] [90m[1m_update_scan_actions[22m | 13-returned-to-village.png[39m[0m
[  99% ] [90m[1m_update_scan_actions[22m | before-after-dialogues.png[39m[0m
[  99% ] [90m[1m_update_scan_actions[22m | item-shop-dialogue.png[39m[0m
[  99% ] [90m[1m_update_scan_actions[22m | weapon-shop-dialogue.png[39m[0m
[  99% ] [90m[1m_update_scan_actions[22m | chapter1-art-preview.png[39m[0m
[  99% ] [90m[1m_update_scan_actions[22m | party-art-preview.png[39m[0m
[92m[ DONE ][39m [1m_update_scan_actions[22m
[0m
[   0% ] [90m[1mreimport[22m | Started (Re)Importing Assets (2991 steps)[39m[0m
[   0% ] [90m[1mreimport[22m | Preparing files to reimport...[39m[0m
[   0% ] [90m[1mreimport[22m | Preparing files to reimport...[39m[0m
[   0% ] [90m[1mreimport[22m | Preparing files to reimport...[39m[0m
[   0% ] [90m[1mreimport[22m | Preparing files to reimport...[39m[0m
[   0% ] [90m[1mreimport[22m | Preparing files to reimport...[39m[0m
[   0% ] [90m[1mreimport[22m | Preparing files to reimport...[39m[0m
[   0% ] [90m[1mreimport[22m | Preparing files to reimport...[39m[0m
[   0% ] [90m[1mreimport[22m | Preparing files to reimport...[39m[0m
[   0% ] [90m[1mreimport[22m | Preparing files to reimport...[39m[0m
[   0% ] [90m[1mreimport[22m | Preparing files to reimport...[39m[0m
[   0% ] [90m[1mreimport[22m | Preparing files to reimport...[39m[0m
[   0% ] [90m[1mreimport[22m | Preparing files to reimport...[39m[0m
[   0% ] [90m[1mreimport[22m | Preparing files to reimport...[39m[0m
[   0% ] [90m[1mreimport[22m | Preparing files to reimport...[39m[0m
[   0% ] [90m[1mreimport[22m | Preparing files to reimport...[39m[0m
[   0% ] [90m[1mreimport[22m | Preparing files to reimport...[39m[0m
[   0% ] [90m[1mreimport[22m | Preparing files to reimport...[39m[0m
[   0% ] [90m[1mreimport[22m | Preparing files to reimport...[39m[0m
[   0% ] [90m[1mreimport[22m | Preparing files to reimport...[39m[0m
[   0% ] [90m[1mreimport[22m | Preparing files to reimport...[39m[0m
[   0% ] [90m[1mreimport[22m | Preparing files to reimport...[39m[0m
[   0% ] [90m[1mreimport[22m | Preparing files to reimport...[39m[0m
[   0% ] [90m[1mreimport[22m | Preparing files to reimport...[39m[0m
[   0% ] [90m[1mreimport[22m | Preparing files to reimport...[39m[0m
[   0% ] [90m[1mreimport[22m | Preparing files to reimport...[39m[0m
[   0% ] [90m[1mreimport[22m | Preparing files to reimport...[39m[0m
[   0% ] [90m[1mreimport[22m | Preparing files to reimport...[39m[0m
[   0% ] [90m[1mreimport[22m | Preparing files to reimport...[39m[0m
[   0% ] [90m[1mreimport[22m | Preparing files to reimport...[39m[0m
[   0% ] [90m[1mreimport[22m | Preparing files to reimport...[39m[0m
[   1% ] [90m[1mreimport[22m | Preparing files to reimport...[39m[0m
[   1% ] [90m[1mreimport[22m | Preparing files to reimport...[39m[0m
[   1% ] [90m[1mreimport[22m | Preparing files to reimport...[39m[0m
[   1% ] [90m[1mreimport[22m | Preparing files to reimport...[39m[0m
[   1% ] [90m[1mreimport[22m | Preparing files to reimport...[39m[0m
[   1% ] [90m[1mreimport[22m | Preparing files to reimport...[39m[0m
[   1% ] [90m[1mreimport[22m | Preparing files to reimport...[39m[0m
[   1% ] [90m[1mreimport[22m | Preparing files to reimport...[39m[0m
[   1% ] [90m[1mreimport[22m | Preparing files to reimport...[39m[0m
[   1% ] [90m[1mreimport[22m | Preparing files to reimport...[39m[0m
[   1% ] [90m[1mreimport[22m | Preparing files to reimport...[39m[0m
[   1% ] [90m[1mreimport[22m | Preparing files to reimport...[39m[0m
[   1% ] [90m[1mreimport[22m | Preparing files to reimport...[39m[0m
[   1% ] [90m[1mreimport[22m | Preparing files to reimport...[39m[0m
[   1% ] [90m[1mreimport[22m | Preparing files to reimport...[39m[0m
[   1% ] [90m[1mreimport[22m | Preparing files to reimport...[39m[0m
[   1% ] [90m[1mreimport[22m | Preparing files to reimport...[39m[0m
[   1% ] [90m[1mreimport[22m | Preparing files to reimport...[39m[0m
[   1% ] [90m[1mreimport[22m | Preparing files to reimport...[39m[0m
[   1% ] [90m[1mreimport[22m | Preparing files to reimport...[39m[0m
[   1% ] [90m[1mreimport[22m | Preparing files to reimport...[39m[0m
[   1% ] [90m[1mreimport[22m | Preparing files to reimport...[39m[0m
[   1% ] [90m[1mreimport[22m | Preparing files to reimport...[39m[0m
[   1% ] [90m[1mreimport[22m | Preparing files to reimport...[39m[0m
[   1% ] [90m[1mreimport[22m | Preparing files to reimport...[39m[0m
[   1% ] [90m[1mreimport[22m | Preparing files to reimport...[39m[0m
[   1% ] [90m[1mreimport[22m | Preparing files to reimport...[39m[0m
[   1% ] [90m[1mreimport[22m | Preparing files to reimport...[39m[0m
[   1% ] [90m[1mreimport[22m | Preparing files to reimport...[39m[0m
[   1% ] [90m[1mreimport[22m | Preparing files to reimport...[39m[0m
[   2% ] [90m[1mreimport[22m | Preparing files to reimport...[39m[0m
[   2% ] [90m[1mreimport[22m | Preparing files to reimport...[39m[0m
[   2% ] [90m[1mreimport[22m | Preparing files to reimport...[39m[0m
[   2% ] [90m[1mreimport[22m | Preparing files to reimport...[39m[0m
[   2% ] [90m[1mreimport[22m | Preparing files to reimport...[39m[0m
[   2% ] [90m[1mreimport[22m | Preparing files to reimport...[39m[0m
[   2% ] [90m[1mreimport[22m | Preparing files to reimport...[39m[0m
[   2% ] [90m[1mreimport[22m | Preparing files to reimport...[39m[0m
[   2% ] [90m[1mreimport[22m | Preparing files to reimport...[39m[0m
[   2% ] [90m[1mreimport[22m | Preparing files to reimport...[39m[0m
[   2% ] [90m[1mreimport[22m | Preparing files to reimport...[39m[0m
[   2% ] [90m[1mreimport[22m | Preparing files to reimport...[39m[0m
[   2% ] [90m[1mreimport[22m | Preparing files to reimport...[39m[0m
[   2% ] [90m[1mreimport[22m | Preparing files to reimport...[39m[0m
[   2% ] [90m[1mreimport[22m | Preparing files to reimport...[39m[0m
[   2% ] [90m[1mreimport[22m | Preparing files to reimport...[39m[0m
[   2% ] [90m[1mreimport[22m | Preparing files to reimport...[39m[0m
[   2% ] [90m[1mreimport[22m | Preparing files to reimport...[39m[0m
[   2% ] [90m[1mreimport[22m | Preparing files to reimport...[39m[0m
[   2% ] [90m[1mreimport[22m | Preparing files to reimport...[39m[0m
[   2% ] [90m[1mreimport[22m | Preparing files to reimport...[39m[0m
[   2% ] [90m[1mreimport[22m | Preparing files to reimport...[39m[0m
[   2% ] [90m[1mreimport[22m | Preparing files to reimport...[39m[0m
[   2% ] [90m[1mreimport[22m | Preparing files to reimport...[39m[0m
[   2% ] [90m[1mreimport[22m | Preparing files to reimport...[39m[0m
[   2% ] [90m[1mreimport[22m | Preparing files to reimport...[39m[0m
[   2% ] [90m[1mreimport[22m | Preparing files to reimport...[39m[0m
[   2% ] [90m[1mreimport[22m | Preparing files to reimport...[39m[0m
[   2% ] [90m[1mreimport[22m | Preparing files to reimport...[39m[0m
[   2% ] [90m[1mreimport[22m | Preparing files to reimport...[39m[0m
[   3% ] [90m[1mreimport[22m | Preparing files to reimport...[39m[0m
[   3% ] [90m[1mreimport[22m | Preparing files to reimport...[39m[0m
[   3% ] [90m[1mreimport[22m | Preparing files to reimport...[39m[0m
[   3% ] [90m[1mreimport[22m | Preparing files to reimport...[39m[0m
[   3% ] [90m[1mreimport[22m | Preparing files to reimport...[39m[0m
[   3% ] [90m[1mreimport[22m | Preparing files to reimport...[39m[0m
[   3% ] [90m[1mreimport[22m | Preparing files to reimport...[39m[0m
[   3% ] [90m[1mreimport[22m | Preparing files to reimport...[39m[0m
[   3% ] [90m[1mreimport[22m | Preparing files to reimport...[39m[0m
[   3% ] [90m[1mreimport[22m | Preparing files to reimport...[39m[0m
[   3% ] [90m[1mreimport[22m | Preparing files to reimport...[39m[0m
[   3% ] [90m[1mreimport[22m | Preparing files to reimport...[39m[0m
[   3% ] [90m[1mreimport[22m | Preparing files to reimport...[39m[0m
[   3% ] [90m[1mreimport[22m | Preparing files to reimport...[39m[0m
[   3% ] [90m[1mreimport[22m | Preparing files to reimport...[39m[0m
[   3% ] [90m[1mreimport[22m | Preparing files to reimport...[39m[0m
[   3% ] [90m[1mreimport[22m | Preparing files to reimport...[39m[0m
[   3% ] [90m[1mreimport[22m | Preparing files to reimport...[39m[0m
[   3% ] [90m[1mreimport[22m | Preparing files to reimport...[39m[0m
[   3% ] [90m[1mreimport[22m | Preparing files to reimport...[39m[0m
[   3% ] [90m[1mreimport[22m | Preparing files to reimport...[39m[0m
[   3% ] [90m[1mreimport[22m | Preparing files to reimport...[39m[0m
[   3% ] [90m[1mreimport[22m | Preparing files to reimport...[39m[0m
[   3% ] [90m[1mreimport[22m | Preparing files to reimport...[39m[0m
[   3% ] [90m[1mreimport[22m | Preparing files to reimport...[39m[0m
[   3% ] [90m[1mreimport[22m | Preparing files to reimport...[39m[0m
[   3% ] [90m[1mreimport[22m | Preparing files to reimport...[39m[0m
[   3% ] [90m[1mreimport[22m | Preparing files to reimport...[39m[0m
[   3% ] [90m[1mreimport[22m | Preparing files to reimport...[39m[0m
[   3% ] [90m[1mreimport[22m | Preparing files to reimport...[39m[0m
[   4% ] [90m[1mreimport[22m | Preparing files to reimport...[39m[0m
[   4% ] [90m[1mreimport[22m | Preparing files to reimport...[39m[0m
[   4% ] [90m[1mreimport[22m | Preparing files to reimport...[39m[0m
[   4% ] [90m[1mreimport[22m | Preparing files to reimport...[39m[0m
[   4% ] [90m[1mreimport[22m | Preparing files to reimport...[39m[0m
[   4% ] [90m[1mreimport[22m | Preparing files to reimport...[39m[0m
[   4% ] [90m[1mreimport[22m | Preparing files to reimport...[39m[0m
[   4% ] [90m[1mreimport[22m | Preparing files to reimport...[39m[0m
[   4% ] [90m[1mreimport[22m | Preparing files to reimport...[39m[0m
[   4% ] [90m[1mreimport[22m | Preparing files to reimport...[39m[0m
[   4% ] [90m[1mreimport[22m | Preparing files to reimport...[39m[0m
[   4% ] [90m[1mreimport[22m | Preparing files to reimport...[39m[0m
[   4% ] [90m[1mreimport[22m | Preparing files to reimport...[39m[0m
[   4% ] [90m[1mreimport[22m | Preparing files to reimport...[39m[0m
[   4% ] [90m[1mreimport[22m | Preparing files to reimport...[39m[0m
[   4% ] [90m[1mreimport[22m | Preparing files to reimport...[39m[0m
[   4% ] [90m[1mreimport[22m | Preparing files to reimport...[39m[0m
[   4% ] [90m[1mreimport[22m | Preparing files to reimport...[39m[0m
[   4% ] [90m[1mreimport[22m | Preparing files to reimport...[39m[0m
[   4% ] [90m[1mreimport[22m | Preparing files to reimport...[39m[0m
[   4% ] [90m[1mreimport[22m | Preparing files to reimport...[39m[0m
[   4% ] [90m[1mreimport[22m | Preparing files to reimport...[39m[0m
[   4% ] [90m[1mreimport[22m | Preparing files to reimport...[39m[0m
[   4% ] [90m[1mreimport[22m | Preparing files to reimport...[39m[0m
[   4% ] [90m[1mreimport[22m | Preparing files to reimport...[39m[0m
[   4% ] [90m[1mreimport[22m | Preparing files to reimport...[39m[0m
[   4% ] [90m[1mreimport[22m | Preparing files to reimport...[39m[0m
[   4% ] [90m[1mreimport[22m | Preparing files to reimport...[39m[0m
[   4% ] [90m[1mreimport[22m | Preparing files to reimport...[39m[0m
[   4% ] [90m[1mreimport[22m | Preparing files to reimport...[39m[0m
[   5% ] [90m[1mreimport[22m | Preparing files to reimport...[39m[0m
[   5% ] [90m[1mreimport[22m | Preparing files to reimport...[39m[0m
[   5% ] [90m[1mreimport[22m | Preparing files to reimport...[39m[0m
[   5% ] [90m[1mreimport[22m | Preparing files to reimport...[39m[0m
[   5% ] [90m[1mreimport[22m | Preparing files to reimport...[39m[0m
[   5% ] [90m[1mreimport[22m | Preparing files to reimport...[39m[0m
[   5% ] [90m[1mreimport[22m | Preparing files to reimport...[39m[0m
[   5% ] [90m[1mreimport[22m | Preparing files to reimport...[39m[0m
[   5% ] [90m[1mreimport[22m | Preparing files to reimport...[39m[0m
[   5% ] [90m[1mreimport[22m | Preparing files to reimport...[39m[0m
[   5% ] [90m[1mreimport[22m | Preparing files to reimport...[39m[0m
[   5% ] [90m[1mreimport[22m | Preparing files to reimport...[39m[0m
[   5% ] [90m[1mreimport[22m | Preparing files to reimport...[39m[0m
[   5% ] [90m[1mreimport[22m | Preparing files to reimport...[39m[0m
[   5% ] [90m[1mreimport[22m | Preparing files to reimport...[39m[0m
[   5% ] [90m[1mreimport[22m | Preparing files to reimport...[39m[0m
[   5% ] [90m[1mreimport[22m | Preparing files to reimport...[39m[0m
[   5% ] [90m[1mreimport[22m | Preparing files to reimport...[39m[0m
[   5% ] [90m[1mreimport[22m | Preparing files to reimport...[39m[0m
[   5% ] [90m[1mreimport[22m | Preparing files to reimport...[39m[0m
[   5% ] [90m[1mreimport[22m | Preparing files to reimport...[39m[0m
[   5% ] [90m[1mreimport[22m | Preparing files to reimport...[39m[0m
[   5% ] [90m[1mreimport[22m | Preparing files to reimport...[39m[0m
[   5% ] [90m[1mreimport[22m | Preparing files to reimport...[39m[0m
[   5% ] [90m[1mreimport[22m | Preparing files to reimport...[39m[0m
[   5% ] [90m[1mreimport[22m | Preparing files to reimport...[39m[0m
[   5% ] [90m[1mreimport[22m | Preparing files to reimport...[39m[0m
[   5% ] [90m[1mreimport[22m | Preparing files to reimport...[39m[0m
[   5% ] [90m[1mreimport[22m | Preparing files to reimport...[39m[0m
[   5% ] [90m[1mreimport[22m | Preparing files to reimport...[39m[0m
[   6% ] [90m[1mreimport[22m | Preparing files to reimport...[39m[0m
[   6% ] [90m[1mreimport[22m | Preparing files to reimport...[39m[0m
[   6% ] [90m[1mreimport[22m | Preparing files to reimport...[39m[0m
[   6% ] [90m[1mreimport[22m | Preparing files to reimport...[39m[0m
[   6% ] [90m[1mreimport[22m | Preparing files to reimport...[39m[0m
[   6% ] [90m[1mreimport[22m | Preparing files to reimport...[39m[0m
[   6% ] [90m[1mreimport[22m | Preparing files to reimport...[39m[0m
[   6% ] [90m[1mreimport[22m | Preparing files to reimport...[39m[0m
[   6% ] [90m[1mreimport[22m | Preparing files to reimport...[39m[0m
[   6% ] [90m[1mreimport[22m | Preparing files to reimport...[39m[0m
[   6% ] [90m[1mreimport[22m | Preparing files to reimport...[39m[0m
[   6% ] [90m[1mreimport[22m | Preparing files to reimport...[39m[0m
[   6% ] [90m[1mreimport[22m | Preparing files to reimport...[39m[0m
[   6% ] [90m[1mreimport[22m | Preparing files to reimport...[39m[0m
[   6% ] [90m[1mreimport[22m | Preparing files to reimport...[39m[0m
[   6% ] [90m[1mreimport[22m | Preparing files to reimport...[39m[0m
[   6% ] [90m[1mreimport[22m | Preparing files to reimport...[39m[0m
[   6% ] [90m[1mreimport[22m | Preparing files to reimport...[39m[0m
[   6% ] [90m[1mreimport[22m | Preparing files to reimport...[39m[0m
[   6% ] [90m[1mreimport[22m | Preparing files to reimport...[39m[0m
[   6% ] [90m[1mreimport[22m | Preparing files to reimport...[39m[0m
[   6% ] [90m[1mreimport[22m | Preparing files to reimport...[39m[0m
[   6% ] [90m[1mreimport[22m | Preparing files to reimport...[39m[0m
[   6% ] [90m[1mreimport[22m | Preparing files to reimport...[39m[0m
[   6% ] [90m[1mreimport[22m | Preparing files to reimport...[39m[0m
[   6% ] [90m[1mreimport[22m | Preparing files to reimport...[39m[0m
[   6% ] [90m[1mreimport[22m | Preparing files to reimport...[39m[0m
[   6% ] [90m[1mreimport[22m | Preparing files to reimport...[39m[0m
[   6% ] [90m[1mreimport[22m | Preparing files to reimport...[39m[0m
[   6% ] [90m[1mreimport[22m | Preparing files to reimport...[39m[0m
[   7% ] [90m[1mreimport[22m | Preparing files to reimport...[39m[0m
[   7% ] [90m[1mreimport[22m | Preparing files to reimport...[39m[0m
[   7% ] [90m[1mreimport[22m | Preparing files to reimport...[39m[0m
[   7% ] [90m[1mreimport[22m | Preparing files to reimport...[39m[0m
[   7% ] [90m[1mreimport[22m | Preparing files to reimport...[39m[0m
[   7% ] [90m[1mreimport[22m | Preparing files to reimport...[39m[0m
[   7% ] [90m[1mreimport[22m | Preparing files to reimport...[39m[0m
[   7% ] [90m[1mreimport[22m | Preparing files to reimport...[39m[0m
[   7% ] [90m[1mreimport[22m | Preparing files to reimport...[39m[0m
[   7% ] [90m[1mreimport[22m | Preparing files to reimport...[39m[0m
[   7% ] [90m[1mreimport[22m | Preparing files to reimport...[39m[0m
[   7% ] [90m[1mreimport[22m | Preparing files to reimport...[39m[0m
[   7% ] [90m[1mreimport[22m | Preparing files to reimport...[39m[0m
[   7% ] [90m[1mreimport[22m | Preparing files to reimport...[39m[0m
[   7% ] [90m[1mreimport[22m | Preparing files to reimport...[39m[0m
[   7% ] [90m[1mreimport[22m | Preparing files to reimport...[39m[0m
[   7% ] [90m[1mreimport[22m | Preparing files to reimport...[39m[0m
[   7% ] [90m[1mreimport[22m | Preparing files to reimport...[39m[0m
[   7% ] [90m[1mreimport[22m | Preparing files to reimport...[39m[0m
[   7% ] [90m[1mreimport[22m | Preparing files to reimport...[39m[0m
[   7% ] [90m[1mreimport[22m | Preparing files to reimport...[39m[0m
[   7% ] [90m[1mreimport[22m | Preparing files to reimport...[39m[0m
[   7% ] [90m[1mreimport[22m | Preparing files to reimport...[39m[0m
[   7% ] [90m[1mreimport[22m | Preparing files to reimport...[39m[0m
[   7% ] [90m[1mreimport[22m | Preparing files to reimport...[39m[0m
[   7% ] [90m[1mreimport[22m | Preparing files to reimport...[39m[0m
[   7% ] [90m[1mreimport[22m | Preparing files to reimport...[39m[0m
[   7% ] [90m[1mreimport[22m | Preparing files to reimport...[39m[0m
[   7% ] [90m[1mreimport[22m | Preparing files to reimport...[39m[0m
[   7% ] [90m[1mreimport[22m | Preparing files to reimport...[39m[0m
[   8% ] [90m[1mreimport[22m | Preparing files to reimport...[39m[0m
[   8% ] [90m[1mreimport[22m | Preparing files to reimport...[39m[0m
[   8% ] [90m[1mreimport[22m | Preparing files to reimport...[39m[0m
[   8% ] [90m[1mreimport[22m | Preparing files to reimport...[39m[0m
[   8% ] [90m[1mreimport[22m | Preparing files to reimport...[39m[0m
[   8% ] [90m[1mreimport[22m | Preparing files to reimport...[39m[0m
[   8% ] [90m[1mreimport[22m | Preparing files to reimport...[39m[0m
[   8% ] [90m[1mreimport[22m | Preparing files to reimport...[39m[0m
[   8% ] [90m[1mreimport[22m | Preparing files to reimport...[39m[0m
[   8% ] [90m[1mreimport[22m | Preparing files to reimport...[39m[0m
[   8% ] [90m[1mreimport[22m | Preparing files to reimport...[39m[0m
[   8% ] [90m[1mreimport[22m | Preparing files to reimport...[39m[0m
[   8% ] [90m[1mreimport[22m | Preparing files to reimport...[39m[0m
[   8% ] [90m[1mreimport[22m | Preparing files to reimport...[39m[0m
[   8% ] [90m[1mreimport[22m | Preparing files to reimport...[39m[0m
[   8% ] [90m[1mreimport[22m | Preparing files to reimport...[39m[0m
[   8% ] [90m[1mreimport[22m | Preparing files to reimport...[39m[0m
[   8% ] [90m[1mreimport[22m | Preparing files to reimport...[39m[0m
[   8% ] [90m[1mreimport[22m | Preparing files to reimport...[39m[0m
[   8% ] [90m[1mreimport[22m | Preparing files to reimport...[39m[0m
[   8% ] [90m[1mreimport[22m | Preparing files to reimport...[39m[0m
[   8% ] [90m[1mreimport[22m | Preparing files to reimport...[39m[0m
[   8% ] [90m[1mreimport[22m | Preparing files to reimport...[39m[0m
[   8% ] [90m[1mreimport[22m | Preparing files to reimport...[39m[0m
[   8% ] [90m[1mreimport[22m | Preparing files to reimport...[39m[0m
[   8% ] [90m[1mreimport[22m | Preparing files to reimport...[39m[0m
[   8% ] [90m[1mreimport[22m | Preparing files to reimport...[39m[0m
[   8% ] [90m[1mreimport[22m | Preparing files to reimport...[39m[0m
[   8% ] [90m[1mreimport[22m | Preparing files to reimport...[39m[0m
[   8% ] [90m[1mreimport[22m | Preparing files to reimport...[39m[0m
[   9% ] [90m[1mreimport[22m | Preparing files to reimport...[39m[0m
[   9% ] [90m[1mreimport[22m | Preparing files to reimport...[39m[0m
[   9% ] [90m[1mreimport[22m | Preparing files to reimport...[39m[0m
[   9% ] [90m[1mreimport[22m | Preparing files to reimport...[39m[0m
[   9% ] [90m[1mreimport[22m | Preparing files to reimport...[39m[0m
[   9% ] [90m[1mreimport[22m | Preparing files to reimport...[39m[0m
[   9% ] [90m[1mreimport[22m | Preparing files to reimport...[39m[0m
[   9% ] [90m[1mreimport[22m | Preparing files to reimport...[39m[0m
[   9% ] [90m[1mreimport[22m | Preparing files to reimport...[39m[0m
[   9% ] [90m[1mreimport[22m | Preparing files to reimport...[39m[0m
[   9% ] [90m[1mreimport[22m | Preparing files to reimport...[39m[0m
[   9% ] [90m[1mreimport[22m | Preparing files to reimport...[39m[0m
[   9% ] [90m[1mreimport[22m | Preparing files to reimport...[39m[0m
[   9% ] [90m[1mreimport[22m | Preparing files to reimport...[39m[0m
[   9% ] [90m[1mreimport[22m | Preparing files to reimport...[39m[0m
[   9% ] [90m[1mreimport[22m | Preparing files to reimport...[39m[0m
[   9% ] [90m[1mreimport[22m | Preparing files to reimport...[39m[0m
[   9% ] [90m[1mreimport[22m | Preparing files to reimport...[39m[0m
[   9% ] [90m[1mreimport[22m | Preparing files to reimport...[39m[0m
[   9% ] [90m[1mreimport[22m | Preparing files to reimport...[39m[0m
[   9% ] [90m[1mreimport[22m | Preparing files to reimport...[39m[0m
[   9% ] [90m[1mreimport[22m | Preparing files to reimport...[39m[0m
[   9% ] [90m[1mreimport[22m | Preparing files to reimport...[39m[0m
[   9% ] [90m[1mreimport[22m | Preparing files to reimport...[39m[0m
[   9% ] [90m[1mreimport[22m | Preparing files to reimport...[39m[0m
[   9% ] [90m[1mreimport[22m | Preparing files to reimport...[39m[0m
[   9% ] [90m[1mreimport[22m | Preparing files to reimport...[39m[0m
[   9% ] [90m[1mreimport[22m | Preparing files to reimport...[39m[0m
[   9% ] [90m[1mreimport[22m | Preparing files to reimport...[39m[0m
[   9% ] [90m[1mreimport[22m | Preparing files to reimport...[39m[0m
[  10% ] [90m[1mreimport[22m | Preparing files to reimport...[39m[0m
[  10% ] [90m[1mreimport[22m | Preparing files to reimport...[39m[0m
[  10% ] [90m[1mreimport[22m | Preparing files to reimport...[39m[0m
[  10% ] [90m[1mreimport[22m | Preparing files to reimport...[39m[0m
[  10% ] [90m[1mreimport[22m | Preparing files to reimport...[39m[0m
[  10% ] [90m[1mreimport[22m | Preparing files to reimport...[39m[0m
[  10% ] [90m[1mreimport[22m | Preparing files to reimport...[39m[0m
[  10% ] [90m[1mreimport[22m | Preparing files to reimport...[39m[0m
[  10% ] [90m[1mreimport[22m | Preparing files to reimport...[39m[0m
[  10% ] [90m[1mreimport[22m | Preparing files to reimport...[39m[0m
[  10% ] [90m[1mreimport[22m | Preparing files to reimport...[39m[0m
[  10% ] [90m[1mreimport[22m | Preparing files to reimport...[39m[0m
[  10% ] [90m[1mreimport[22m | Preparing files to reimport...[39m[0m
[  10% ] [90m[1mreimport[22m | Preparing files to reimport...[39m[0m
[  10% ] [90m[1mreimport[22m | Preparing files to reimport...[39m[0m
[  10% ] [90m[1mreimport[22m | Preparing files to reimport...[39m[0m
[  10% ] [90m[1mreimport[22m | Preparing files to reimport...[39m[0m
[  10% ] [90m[1mreimport[22m | Preparing files to reimport...[39m[0m
[  10% ] [90m[1mreimport[22m | Preparing files to reimport...[39m[0m
[  10% ] [90m[1mreimport[22m | Preparing files to reimport...[39m[0m
[  10% ] [90m[1mreimport[22m | Preparing files to reimport...[39m[0m
[  10% ] [90m[1mreimport[22m | Preparing files to reimport...[39m[0m
[  10% ] [90m[1mreimport[22m | Preparing files to reimport...[39m[0m
[  10% ] [90m[1mreimport[22m | Preparing files to reimport...[39m[0m
[  10% ] [90m[1mreimport[22m | Preparing files to reimport...[39m[0m
[  10% ] [90m[1mreimport[22m | Preparing files to reimport...[39m[0m
[  10% ] [90m[1mreimport[22m | Preparing files to reimport...[39m[0m
[  10% ] [90m[1mreimport[22m | Preparing files to reimport...[39m[0m
[  10% ] [90m[1mreimport[22m | Preparing files to reimport...[39m[0m
[  10% ] [90m[1mreimport[22m | Preparing files to reimport...[39m[0m
[  11% ] [90m[1mreimport[22m | Preparing files to reimport...[39m[0m
[  11% ] [90m[1mreimport[22m | Preparing files to reimport...[39m[0m
[  11% ] [90m[1mreimport[22m | Preparing files to reimport...[39m[0m
[  11% ] [90m[1mreimport[22m | Preparing files to reimport...[39m[0m
[  11% ] [90m[1mreimport[22m | Preparing files to reimport...[39m[0m
[  11% ] [90m[1mreimport[22m | Preparing files to reimport...[39m[0m
[  11% ] [90m[1mreimport[22m | Preparing files to reimport...[39m[0m
[  11% ] [90m[1mreimport[22m | Preparing files to reimport...[39m[0m
[  11% ] [90m[1mreimport[22m | Preparing files to reimport...[39m[0m
[  11% ] [90m[1mreimport[22m | Preparing files to reimport...[39m[0m
[  11% ] [90m[1mreimport[22m | Preparing files to reimport...[39m[0m
[  11% ] [90m[1mreimport[22m | Preparing files to reimport...[39m[0m
[  11% ] [90m[1mreimport[22m | Preparing files to reimport...[39m[0m
[  11% ] [90m[1mreimport[22m | Preparing files to reimport...[39m[0m
[  11% ] [90m[1mreimport[22m | Preparing files to reimport...[39m[0m
[  11% ] [90m[1mreimport[22m | Preparing files to reimport...[39m[0m
[  11% ] [90m[1mreimport[22m | Preparing files to reimport...[39m[0m
[  11% ] [90m[1mreimport[22m | Preparing files to reimport...[39m[0m
[  11% ] [90m[1mreimport[22m | Preparing files to reimport...[39m[0m
[  11% ] [90m[1mreimport[22m | Preparing files to reimport...[39m[0m
[  11% ] [90m[1mreimport[22m | Preparing files to reimport...[39m[0m
[  11% ] [90m[1mreimport[22m | Preparing files to reimport...[39m[0m
[  11% ] [90m[1mreimport[22m | Preparing files to reimport...[39m[0m
[  11% ] [90m[1mreimport[22m | Preparing files to reimport...[39m[0m
[  11% ] [90m[1mreimport[22m | Preparing files to reimport...[39m[0m
[  11% ] [90m[1mreimport[22m | Preparing files to reimport...[39m[0m
[  11% ] [90m[1mreimport[22m | Preparing files to reimport...[39m[0m
[  11% ] [90m[1mreimport[22m | Preparing files to reimport...[39m[0m
[  11% ] [90m[1mreimport[22m | Preparing files to reimport...[39m[0m
[  11% ] [90m[1mreimport[22m | Preparing files to reimport...[39m[0m
[  12% ] [90m[1mreimport[22m | Preparing files to reimport...[39m[0m
[  12% ] [90m[1mreimport[22m | Preparing files to reimport...[39m[0m
[  12% ] [90m[1mreimport[22m | Preparing files to reimport...[39m[0m
[  12% ] [90m[1mreimport[22m | Preparing files to reimport...[39m[0m
[  12% ] [90m[1mreimport[22m | Preparing files to reimport...[39m[0m
[  12% ] [90m[1mreimport[22m | Preparing files to reimport...[39m[0m
[  12% ] [90m[1mreimport[22m | Preparing files to reimport...[39m[0m
[  12% ] [90m[1mreimport[22m | Preparing files to reimport...[39m[0m
[  12% ] [90m[1mreimport[22m | Preparing files to reimport...[39m[0m
[  12% ] [90m[1mreimport[22m | Preparing files to reimport...[39m[0m
[  12% ] [90m[1mreimport[22m | Preparing files to reimport...[39m[0m
[  12% ] [90m[1mreimport[22m | Preparing files to reimport...[39m[0m
[  12% ] [90m[1mreimport[22m | Preparing files to reimport...[39m[0m
[  12% ] [90m[1mreimport[22m | Preparing files to reimport...[39m[0m
[  12% ] [90m[1mreimport[22m | Preparing files to reimport...[39m[0m
[  12% ] [90m[1mreimport[22m | Preparing files to reimport...[39m[0m
[  12% ] [90m[1mreimport[22m | Preparing files to reimport...[39m[0m
[  12% ] [90m[1mreimport[22m | Preparing files to reimport...[39m[0m
[  12% ] [90m[1mreimport[22m | Preparing files to reimport...[39m[0m
[  12% ] [90m[1mreimport[22m | Preparing files to reimport...[39m[0m
[  12% ] [90m[1mreimport[22m | Preparing files to reimport...[39m[0m
[  12% ] [90m[1mreimport[22m | Preparing files to reimport...[39m[0m
[  12% ] [90m[1mreimport[22m | Preparing files to reimport...[39m[0m
[  12% ] [90m[1mreimport[22m | Preparing files to reimport...[39m[0m
[  12% ] [90m[1mreimport[22m | Preparing files to reimport...[39m[0m
[  12% ] [90m[1mreimport[22m | Preparing files to reimport...[39m[0m
[  12% ] [90m[1mreimport[22m | Preparing files to reimport...[39m[0m
[  12% ] [90m[1mreimport[22m | Preparing files to reimport...[39m[0m
[  12% ] [90m[1mreimport[22m | Preparing files to reimport...[39m[0m
[  13% ] [90m[1mreimport[22m | Preparing files to reimport...[39m[0m
[  13% ] [90m[1mreimport[22m | Preparing files to reimport...[39m[0m
[  13% ] [90m[1mreimport[22m | Preparing files to reimport...[39m[0m
[  13% ] [90m[1mreimport[22m | Preparing files to reimport...[39m[0m
[  13% ] [90m[1mreimport[22m | Preparing files to reimport...[39m[0m
[  13% ] [90m[1mreimport[22m | Preparing files to reimport...[39m[0m
[  13% ] [90m[1mreimport[22m | Preparing files to reimport...[39m[0m
[  13% ] [90m[1mreimport[22m | Preparing files to reimport...[39m[0m
[  13% ] [90m[1mreimport[22m | Preparing files to reimport...[39m[0m
[  13% ] [90m[1mreimport[22m | Preparing files to reimport...[39m[0m
[  13% ] [90m[1mreimport[22m | Preparing files to reimport...[39m[0m
[  13% ] [90m[1mreimport[22m | Preparing files to reimport...[39m[0m
[  13% ] [90m[1mreimport[22m | Preparing files to reimport...[39m[0m
[  13% ] [90m[1mreimport[22m | Preparing files to reimport...[39m[0m
[  13% ] [90m[1mreimport[22m | Preparing files to reimport...[39m[0m
[  13% ] [90m[1mreimport[22m | Preparing files to reimport...[39m[0m
[  13% ] [90m[1mreimport[22m | Preparing files to reimport...[39m[0m
[  13% ] [90m[1mreimport[22m | Preparing files to reimport...[39m[0m
[  13% ] [90m[1mreimport[22m | Preparing files to reimport...[39m[0m
[  13% ] [90m[1mreimport[22m | Preparing files to reimport...[39m[0m
[  13% ] [90m[1mreimport[22m | Preparing files to reimport...[39m[0m
[  13% ] [90m[1mreimport[22m | Preparing files to reimport...[39m[0m
[  13% ] [90m[1mreimport[22m | Preparing files to reimport...[39m[0m
[  13% ] [90m[1mreimport[22m | Preparing files to reimport...[39m[0m
[  13% ] [90m[1mreimport[22m | Preparing files to reimport...[39m[0m
[  13% ] [90m[1mreimport[22m | Preparing files to reimport...[39m[0m
[  13% ] [90m[1mreimport[22m | Preparing files to reimport...[39m[0m
[  13% ] [90m[1mreimport[22m | Preparing files to reimport...[39m[0m
[  13% ] [90m[1mreimport[22m | Preparing files to reimport...[39m[0m
[  13% ] [90m[1mreimport[22m | Preparing files to reimport...[39m[0m
[  14% ] [90m[1mreimport[22m | Preparing files to reimport...[39m[0m
[  14% ] [90m[1mreimport[22m | Preparing files to reimport...[39m[0m
[  14% ] [90m[1mreimport[22m | Preparing files to reimport...[39m[0m
[  14% ] [90m[1mreimport[22m | Preparing files to reimport...[39m[0m
[  14% ] [90m[1mreimport[22m | Preparing files to reimport...[39m[0m
[  14% ] [90m[1mreimport[22m | Preparing files to reimport...[39m[0m
[  14% ] [90m[1mreimport[22m | Preparing files to reimport...[39m[0m
[  14% ] [90m[1mreimport[22m | Preparing files to reimport...[39m[0m
[  14% ] [90m[1mreimport[22m | Preparing files to reimport...[39m[0m
[  14% ] [90m[1mreimport[22m | Preparing files to reimport...[39m[0m
[  14% ] [90m[1mreimport[22m | Preparing files to reimport...[39m[0m
[  14% ] [90m[1mreimport[22m | Preparing files to reimport...[39m[0m
[  14% ] [90m[1mreimport[22m | Preparing files to reimport...[39m[0m
[  14% ] [90m[1mreimport[22m | Preparing files to reimport...[39m[0m
[  14% ] [90m[1mreimport[22m | Preparing files to reimport...[39m[0m
[  14% ] [90m[1mreimport[22m | Preparing files to reimport...[39m[0m
[  14% ] [90m[1mreimport[22m | Preparing files to reimport...[39m[0m
[  14% ] [90m[1mreimport[22m | Preparing files to reimport...[39m[0m
[  14% ] [90m[1mreimport[22m | Preparing files to reimport...[39m[0m
[  14% ] [90m[1mreimport[22m | Preparing files to reimport...[39m[0m
[  14% ] [90m[1mreimport[22m | Preparing files to reimport...[39m[0m
[  14% ] [90m[1mreimport[22m | Preparing files to reimport...[39m[0m
[  14% ] [90m[1mreimport[22m | Preparing files to reimport...[39m[0m
[  14% ] [90m[1mreimport[22m | Preparing files to reimport...[39m[0m
[  14% ] [90m[1mreimport[22m | Preparing files to reimport...[39m[0m
[  14% ] [90m[1mreimport[22m | Preparing files to reimport...[39m[0m
[  14% ] [90m[1mreimport[22m | Preparing files to reimport...[39m[0m
[  14% ] [90m[1mreimport[22m | Preparing files to reimport...[39m[0m
[  14% ] [90m[1mreimport[22m | Preparing files to reimport...[39m[0m
[  14% ] [90m[1mreimport[22m | Preparing files to reimport...[39m[0m
[  15% ] [90m[1mreimport[22m | Preparing files to reimport...[39m[0m
[  15% ] [90m[1mreimport[22m | Preparing files to reimport...[39m[0m
[  15% ] [90m[1mreimport[22m | Preparing files to reimport...[39m[0m
[  15% ] [90m[1mreimport[22m | Preparing files to reimport...[39m[0m
[  15% ] [90m[1mreimport[22m | Preparing files to reimport...[39m[0m
[  15% ] [90m[1mreimport[22m | Preparing files to reimport...[39m[0m
[  15% ] [90m[1mreimport[22m | Preparing files to reimport...[39m[0m
[  15% ] [90m[1mreimport[22m | Preparing files to reimport...[39m[0m
[  15% ] [90m[1mreimport[22m | Preparing files to reimport...[39m[0m
[  15% ] [90m[1mreimport[22m | Preparing files to reimport...[39m[0m
[  15% ] [90m[1mreimport[22m | Preparing files to reimport...[39m[0m
[  15% ] [90m[1mreimport[22m | Preparing files to reimport...[39m[0m
[  15% ] [90m[1mreimport[22m | Preparing files to reimport...[39m[0m
[  15% ] [90m[1mreimport[22m | Preparing files to reimport...[39m[0m
[  15% ] [90m[1mreimport[22m | Preparing files to reimport...[39m[0m
[  15% ] [90m[1mreimport[22m | Preparing files to reimport...[39m[0m
[  15% ] [90m[1mreimport[22m | Preparing files to reimport...[39m[0m
[  15% ] [90m[1mreimport[22m | Preparing files to reimport...[39m[0m
[  15% ] [90m[1mreimport[22m | Preparing files to reimport...[39m[0m
[  15% ] [90m[1mreimport[22m | Preparing files to reimport...[39m[0m
[  15% ] [90m[1mreimport[22m | Preparing files to reimport...[39m[0m
[  15% ] [90m[1mreimport[22m | Preparing files to reimport...[39m[0m
[  15% ] [90m[1mreimport[22m | Preparing files to reimport...[39m[0m
[  15% ] [90m[1mreimport[22m | Preparing files to reimport...[39m[0m
[  15% ] [90m[1mreimport[22m | Preparing files to reimport...[39m[0m
[  15% ] [90m[1mreimport[22m | Preparing files to reimport...[39m[0m
[  15% ] [90m[1mreimport[22m | Preparing files to reimport...[39m[0m
[  15% ] [90m[1mreimport[22m | Preparing files to reimport...[39m[0m
[  15% ] [90m[1mreimport[22m | Preparing files to reimport...[39m[0m
[  15% ] [90m[1mreimport[22m | Preparing files to reimport...[39m[0m
[  16% ] [90m[1mreimport[22m | Preparing files to reimport...[39m[0m
[  16% ] [90m[1mreimport[22m | Preparing files to reimport...[39m[0m
[  16% ] [90m[1mreimport[22m | Preparing files to reimport...[39m[0m
[  16% ] [90m[1mreimport[22m | Preparing files to reimport...[39m[0m
[  16% ] [90m[1mreimport[22m | Preparing files to reimport...[39m[0m
[  16% ] [90m[1mreimport[22m | Preparing files to reimport...[39m[0m
[  16% ] [90m[1mreimport[22m | Preparing files to reimport...[39m[0m
[  16% ] [90m[1mreimport[22m | Preparing files to reimport...[39m[0m
[  16% ] [90m[1mreimport[22m | Preparing files to reimport...[39m[0m
[  16% ] [90m[1mreimport[22m | Preparing files to reimport...[39m[0m
[  16% ] [90m[1mreimport[22m | Preparing files to reimport...[39m[0m
[  16% ] [90m[1mreimport[22m | Preparing files to reimport...[39m[0m
[  16% ] [90m[1mreimport[22m | Preparing files to reimport...[39m[0m
[  16% ] [90m[1mreimport[22m | Preparing files to reimport...[39m[0m
[  16% ] [90m[1mreimport[22m | Preparing files to reimport...[39m[0m
[  16% ] [90m[1mreimport[22m | Preparing files to reimport...[39m[0m
[  16% ] [90m[1mreimport[22m | Preparing files to reimport...[39m[0m
[  16% ] [90m[1mreimport[22m | Preparing files to reimport...[39m[0m
[  16% ] [90m[1mreimport[22m | Preparing files to reimport...[39m[0m
[  16% ] [90m[1mreimport[22m | Preparing files to reimport...[39m[0m
[  16% ] [90m[1mreimport[22m | Preparing files to reimport...[39m[0m
[  16% ] [90m[1mreimport[22m | Preparing files to reimport...[39m[0m
[  16% ] [90m[1mreimport[22m | Preparing files to reimport...[39m[0m
[  16% ] [90m[1mreimport[22m | Preparing files to reimport...[39m[0m
[  16% ] [90m[1mreimport[22m | Preparing files to reimport...[39m[0m
[  16% ] [90m[1mreimport[22m | Preparing files to reimport...[39m[0m
[  16% ] [90m[1mreimport[22m | Preparing files to reimport...[39m[0m
[  16% ] [90m[1mreimport[22m | Preparing files to reimport...[39m[0m
[  16% ] [90m[1mreimport[22m | Preparing files to reimport...[39m[0m
[  16% ] [90m[1mreimport[22m | Preparing files to reimport...[39m[0m
[  17% ] [90m[1mreimport[22m | Preparing files to reimport...[39m[0m
[  17% ] [90m[1mreimport[22m | Preparing files to reimport...[39m[0m
[  17% ] [90m[1mreimport[22m | Preparing files to reimport...[39m[0m
[  17% ] [90m[1mreimport[22m | Preparing files to reimport...[39m[0m
[  17% ] [90m[1mreimport[22m | Preparing files to reimport...[39m[0m
[  17% ] [90m[1mreimport[22m | Preparing files to reimport...[39m[0m
[  17% ] [90m[1mreimport[22m | Preparing files to reimport...[39m[0m
[  17% ] [90m[1mreimport[22m | Preparing files to reimport...[39m[0m
[  17% ] [90m[1mreimport[22m | Preparing files to reimport...[39m[0m
[  17% ] [90m[1mreimport[22m | Preparing files to reimport...[39m[0m
[  17% ] [90m[1mreimport[22m | Preparing files to reimport...[39m[0m
[  17% ] [90m[1mreimport[22m | Preparing files to reimport...[39m[0m
[  17% ] [90m[1mreimport[22m | Preparing files to reimport...[39m[0m
[  17% ] [90m[1mreimport[22m | Preparing files to reimport...[39m[0m
[  17% ] [90m[1mreimport[22m | Preparing files to reimport...[39m[0m
[  17% ] [90m[1mreimport[22m | Preparing files to reimport...[39m[0m
[  17% ] [90m[1mreimport[22m | Preparing files to reimport...[39m[0m
[  17% ] [90m[1mreimport[22m | Preparing files to reimport...[39m[0m
[  17% ] [90m[1mreimport[22m | Preparing files to reimport...[39m[0m
[  17% ] [90m[1mreimport[22m | Preparing files to reimport...[39m[0m
[  17% ] [90m[1mreimport[22m | Preparing files to reimport...[39m[0m
[  17% ] [90m[1mreimport[22m | Preparing files to reimport...[39m[0m
[  17% ] [90m[1mreimport[22m | Preparing files to reimport...[39m[0m
[  17% ] [90m[1mreimport[22m | Preparing files to reimport...[39m[0m
[  17% ] [90m[1mreimport[22m | Preparing files to reimport...[39m[0m
[  17% ] [90m[1mreimport[22m | Preparing files to reimport...[39m[0m
[  17% ] [90m[1mreimport[22m | Preparing files to reimport...[39m[0m
[  17% ] [90m[1mreimport[22m | Preparing files to reimport...[39m[0m
[  17% ] [90m[1mreimport[22m | Preparing files to reimport...[39m[0m
[  17% ] [90m[1mreimport[22m | Preparing files to reimport...[39m[0m
[  18% ] [90m[1mreimport[22m | Preparing files to reimport...[39m[0m
[  18% ] [90m[1mreimport[22m | Preparing files to reimport...[39m[0m
[  18% ] [90m[1mreimport[22m | Preparing files to reimport...[39m[0m
[  18% ] [90m[1mreimport[22m | Preparing files to reimport...[39m[0m
[  18% ] [90m[1mreimport[22m | Preparing files to reimport...[39m[0m
[  18% ] [90m[1mreimport[22m | Preparing files to reimport...[39m[0m
[  18% ] [90m[1mreimport[22m | Preparing files to reimport...[39m[0m
[  18% ] [90m[1mreimport[22m | Preparing files to reimport...[39m[0m
[  18% ] [90m[1mreimport[22m | Preparing files to reimport...[39m[0m
[  18% ] [90m[1mreimport[22m | Preparing files to reimport...[39m[0m
[  18% ] [90m[1mreimport[22m | Preparing files to reimport...[39m[0m
[  18% ] [90m[1mreimport[22m | Preparing files to reimport...[39m[0m
[  18% ] [90m[1mreimport[22m | Preparing files to reimport...[39m[0m
[  18% ] [90m[1mreimport[22m | Preparing files to reimport...[39m[0m
[  18% ] [90m[1mreimport[22m | Preparing files to reimport...[39m[0m
[  18% ] [90m[1mreimport[22m | Preparing files to reimport...[39m[0m
[  18% ] [90m[1mreimport[22m | Preparing files to reimport...[39m[0m
[  18% ] [90m[1mreimport[22m | Preparing files to reimport...[39m[0m
[  18% ] [90m[1mreimport[22m | Preparing files to reimport...[39m[0m
[  18% ] [90m[1mreimport[22m | Preparing files to reimport...[39m[0m
[  18% ] [90m[1mreimport[22m | Preparing files to reimport...[39m[0m
[  18% ] [90m[1mreimport[22m | Preparing files to reimport...[39m[0m
[  18% ] [90m[1mreimport[22m | Preparing files to reimport...[39m[0m
[  18% ] [90m[1mreimport[22m | Preparing files to reimport...[39m[0m
[  18% ] [90m[1mreimport[22m | Preparing files to reimport...[39m[0m
[  18% ] [90m[1mreimport[22m | Preparing files to reimport...[39m[0m
[  18% ] [90m[1mreimport[22m | Preparing files to reimport...[39m[0m
[  18% ] [90m[1mreimport[22m | Preparing files to reimport...[39m[0m
[  18% ] [90m[1mreimport[22m | Preparing files to reimport...[39m[0m
[  18% ] [90m[1mreimport[22m | Preparing files to reimport...[39m[0m
[  19% ] [90m[1mreimport[22m | Preparing files to reimport...[39m[0m
[  19% ] [90m[1mreimport[22m | Preparing files to reimport...[39m[0m
[  19% ] [90m[1mreimport[22m | Preparing files to reimport...[39m[0m
[  19% ] [90m[1mreimport[22m | Preparing files to reimport...[39m[0m
[  19% ] [90m[1mreimport[22m | Preparing files to reimport...[39m[0m
[  19% ] [90m[1mreimport[22m | Preparing files to reimport...[39m[0m
[  19% ] [90m[1mreimport[22m | Preparing files to reimport...[39m[0m
[  19% ] [90m[1mreimport[22m | Preparing files to reimport...[39m[0m
[  19% ] [90m[1mreimport[22m | Preparing files to reimport...[39m[0m
[  19% ] [90m[1mreimport[22m | Preparing files to reimport...[39m[0m
[  19% ] [90m[1mreimport[22m | Preparing files to reimport...[39m[0m
[  19% ] [90m[1mreimport[22m | Preparing files to reimport...[39m[0m
[  19% ] [90m[1mreimport[22m | Preparing files to reimport...[39m[0m
[  19% ] [90m[1mreimport[22m | Preparing files to reimport...[39m[0m
[  19% ] [90m[1mreimport[22m | Preparing files to reimport...[39m[0m
[  19% ] [90m[1mreimport[22m | Preparing files to reimport...[39m[0m
[  19% ] [90m[1mreimport[22m | Preparing files to reimport...[39m[0m
[  19% ] [90m[1mreimport[22m | Preparing files to reimport...[39m[0m
[  19% ] [90m[1mreimport[22m | Preparing files to reimport...[39m[0m
[  19% ] [90m[1mreimport[22m | Preparing files to reimport...[39m[0m
[  19% ] [90m[1mreimport[22m | Preparing files to reimport...[39m[0m
[  19% ] [90m[1mreimport[22m | Preparing files to reimport...[39m[0m
[  19% ] [90m[1mreimport[22m | Preparing files to reimport...[39m[0m
[  19% ] [90m[1mreimport[22m | Preparing files to reimport...[39m[0m
[  19% ] [90m[1mreimport[22m | Preparing files to reimport...[39m[0m
[  19% ] [90m[1mreimport[22m | Preparing files to reimport...[39m[0m
[  19% ] [90m[1mreimport[22m | Preparing files to reimport...[39m[0m
[  19% ] [90m[1mreimport[22m | Preparing files to reimport...[39m[0m
[  19% ] [90m[1mreimport[22m | Preparing files to reimport...[39m[0m
[  19% ] [90m[1mreimport[22m | Preparing files to reimport...[39m[0m
[  20% ] [90m[1mreimport[22m | Preparing files to reimport...[39m[0m
[  20% ] [90m[1mreimport[22m | Preparing files to reimport...[39m[0m
[  20% ] [90m[1mreimport[22m | Preparing files to reimport...[39m[0m
[  20% ] [90m[1mreimport[22m | Preparing files to reimport...[39m[0m
[  20% ] [90m[1mreimport[22m | Preparing files to reimport...[39m[0m
[  20% ] [90m[1mreimport[22m | Preparing files to reimport...[39m[0m
[  20% ] [90m[1mreimport[22m | Preparing files to reimport...[39m[0m
[  20% ] [90m[1mreimport[22m | Preparing files to reimport...[39m[0m
[  20% ] [90m[1mreimport[22m | Preparing files to reimport...[39m[0m
[  20% ] [90m[1mreimport[22m | Preparing files to reimport...[39m[0m
[  20% ] [90m[1mreimport[22m | Preparing files to reimport...[39m[0m
[  20% ] [90m[1mreimport[22m | Preparing files to reimport...[39m[0m
[  20% ] [90m[1mreimport[22m | Preparing files to reimport...[39m[0m
[  20% ] [90m[1mreimport[22m | Preparing files to reimport...[39m[0m
[  20% ] [90m[1mreimport[22m | Preparing files to reimport...[39m[0m
[  20% ] [90m[1mreimport[22m | Preparing files to reimport...[39m[0m
[  20% ] [90m[1mreimport[22m | Preparing files to reimport...[39m[0m
[  20% ] [90m[1mreimport[22m | Preparing files to reimport...[39m[0m
[  20% ] [90m[1mreimport[22m | Preparing files to reimport...[39m[0m
[  20% ] [90m[1mreimport[22m | Preparing files to reimport...[39m[0m
[  20% ] [90m[1mreimport[22m | Preparing files to reimport...[39m[0m
[  20% ] [90m[1mreimport[22m | Preparing files to reimport...[39m[0m
[  20% ] [90m[1mreimport[22m | Preparing files to reimport...[39m[0m
[  20% ] [90m[1mreimport[22m | Preparing files to reimport...[39m[0m
[  20% ] [90m[1mreimport[22m | Preparing files to reimport...[39m[0m
[  20% ] [90m[1mreimport[22m | Preparing files to reimport...[39m[0m
[  20% ] [90m[1mreimport[22m | Preparing files to reimport...[39m[0m
[  20% ] [90m[1mreimport[22m | Preparing files to reimport...[39m[0m
[  20% ] [90m[1mreimport[22m | Preparing files to reimport...[39m[0m
[  20% ] [90m[1mreimport[22m | Preparing files to reimport...[39m[0m
[  21% ] [90m[1mreimport[22m | Preparing files to reimport...[39m[0m
[  21% ] [90m[1mreimport[22m | Preparing files to reimport...[39m[0m
[  21% ] [90m[1mreimport[22m | Preparing files to reimport...[39m[0m
[  21% ] [90m[1mreimport[22m | Preparing files to reimport...[39m[0m
[  21% ] [90m[1mreimport[22m | Preparing files to reimport...[39m[0m
[  21% ] [90m[1mreimport[22m | Preparing files to reimport...[39m[0m
[  21% ] [90m[1mreimport[22m | Preparing files to reimport...[39m[0m
[  21% ] [90m[1mreimport[22m | Preparing files to reimport...[39m[0m
[  21% ] [90m[1mreimport[22m | Preparing files to reimport...[39m[0m
[  21% ] [90m[1mreimport[22m | Preparing files to reimport...[39m[0m
[  21% ] [90m[1mreimport[22m | Preparing files to reimport...[39m[0m
[  21% ] [90m[1mreimport[22m | Preparing files to reimport...[39m[0m
[  21% ] [90m[1mreimport[22m | Preparing files to reimport...[39m[0m
[  21% ] [90m[1mreimport[22m | Preparing files to reimport...[39m[0m
[  21% ] [90m[1mreimport[22m | Preparing files to reimport...[39m[0m
[  21% ] [90m[1mreimport[22m | Preparing files to reimport...[39m[0m
[  21% ] [90m[1mreimport[22m | Preparing files to reimport...[39m[0m
[  21% ] [90m[1mreimport[22m | Preparing files to reimport...[39m[0m
[  21% ] [90m[1mreimport[22m | Preparing files to reimport...[39m[0m
[  21% ] [90m[1mreimport[22m | Preparing files to reimport...[39m[0m
[  21% ] [90m[1mreimport[22m | Preparing files to reimport...[39m[0m
[  21% ] [90m[1mreimport[22m | Preparing files to reimport...[39m[0m
[  21% ] [90m[1mreimport[22m | Preparing files to reimport...[39m[0m
[  21% ] [90m[1mreimport[22m | Preparing files to reimport...[39m[0m
[  21% ] [90m[1mreimport[22m | Preparing files to reimport...[39m[0m
[  21% ] [90m[1mreimport[22m | Preparing files to reimport...[39m[0m
[  21% ] [90m[1mreimport[22m | Preparing files to reimport...[39m[0m
[  21% ] [90m[1mreimport[22m | Preparing files to reimport...[39m[0m
[  21% ] [90m[1mreimport[22m | Preparing files to reimport...[39m[0m
[  21% ] [90m[1mreimport[22m | Preparing files to reimport...[39m[0m
[  22% ] [90m[1mreimport[22m | Preparing files to reimport...[39m[0m
[  22% ] [90m[1mreimport[22m | Preparing files to reimport...[39m[0m
[  22% ] [90m[1mreimport[22m | Preparing files to reimport...[39m[0m
[  22% ] [90m[1mreimport[22m | Preparing files to reimport...[39m[0m
[  22% ] [90m[1mreimport[22m | Preparing files to reimport...[39m[0m
[  22% ] [90m[1mreimport[22m | Preparing files to reimport...[39m[0m
[  22% ] [90m[1mreimport[22m | Preparing files to reimport...[39m[0m
[  22% ] [90m[1mreimport[22m | Preparing files to reimport...[39m[0m
[  22% ] [90m[1mreimport[22m | Preparing files to reimport...[39m[0m
[  22% ] [90m[1mreimport[22m | Preparing files to reimport...[39m[0m
[  22% ] [90m[1mreimport[22m | Preparing files to reimport...[39m[0m
[  22% ] [90m[1mreimport[22m | Preparing files to reimport...[39m[0m
[  22% ] [90m[1mreimport[22m | Preparing files to reimport...[39m[0m
[  22% ] [90m[1mreimport[22m | Preparing files to reimport...[39m[0m
[  22% ] [90m[1mreimport[22m | Preparing files to reimport...[39m[0m
[  22% ] [90m[1mreimport[22m | Preparing files to reimport...[39m[0m
[  22% ] [90m[1mreimport[22m | Preparing files to reimport...[39m[0m
[  22% ] [90m[1mreimport[22m | Preparing files to reimport...[39m[0m
[  22% ] [90m[1mreimport[22m | Preparing files to reimport...[39m[0m
[  22% ] [90m[1mreimport[22m | Preparing files to reimport...[39m[0m
[  22% ] [90m[1mreimport[22m | Preparing files to reimport...[39m[0m
[  22% ] [90m[1mreimport[22m | Preparing files to reimport...[39m[0m
[  22% ] [90m[1mreimport[22m | Preparing files to reimport...[39m[0m
[  22% ] [90m[1mreimport[22m | Preparing files to reimport...[39m[0m
[  22% ] [90m[1mreimport[22m | Preparing files to reimport...[39m[0m
[  22% ] [90m[1mreimport[22m | Preparing files to reimport...[39m[0m
[  22% ] [90m[1mreimport[22m | Preparing files to reimport...[39m[0m
[  22% ] [90m[1mreimport[22m | Preparing files to reimport...[39m[0m
[  22% ] [90m[1mreimport[22m | Preparing files to reimport...[39m[0m
[  22% ] [90m[1mreimport[22m | Preparing files to reimport...[39m[0m
[  23% ] [90m[1mreimport[22m | Preparing files to reimport...[39m[0m
[  23% ] [90m[1mreimport[22m | Preparing files to reimport...[39m[0m
[  23% ] [90m[1mreimport[22m | Preparing files to reimport...[39m[0m
[  23% ] [90m[1mreimport[22m | Preparing files to reimport...[39m[0m
[  23% ] [90m[1mreimport[22m | Preparing files to reimport...[39m[0m
[  23% ] [90m[1mreimport[22m | Preparing files to reimport...[39m[0m
[  23% ] [90m[1mreimport[22m | Preparing files to reimport...[39m[0m
[  23% ] [90m[1mreimport[22m | Preparing files to reimport...[39m[0m
[  23% ] [90m[1mreimport[22m | Preparing files to reimport...[39m[0m
[  23% ] [90m[1mreimport[22m | Preparing files to reimport...[39m[0m
[  23% ] [90m[1mreimport[22m | Preparing files to reimport...[39m[0m
[  23% ] [90m[1mreimport[22m | Preparing files to reimport...[39m[0m
[  23% ] [90m[1mreimport[22m | Preparing files to reimport...[39m[0m
[  23% ] [90m[1mreimport[22m | Preparing files to reimport...[39m[0m
[  23% ] [90m[1mreimport[22m | Preparing files to reimport...[39m[0m
[  23% ] [90m[1mreimport[22m | Preparing files to reimport...[39m[0m
[  23% ] [90m[1mreimport[22m | Preparing files to reimport...[39m[0m
[  23% ] [90m[1mreimport[22m | Preparing files to reimport...[39m[0m
[  23% ] [90m[1mreimport[22m | Preparing files to reimport...[39m[0m
[  23% ] [90m[1mreimport[22m | Preparing files to reimport...[39m[0m
[  23% ] [90m[1mreimport[22m | Preparing files to reimport...[39m[0m
[  23% ] [90m[1mreimport[22m | Preparing files to reimport...[39m[0m
[  23% ] [90m[1mreimport[22m | Preparing files to reimport...[39m[0m
[  23% ] [90m[1mreimport[22m | Preparing files to reimport...[39m[0m
[  23% ] [90m[1mreimport[22m | Preparing files to reimport...[39m[0m
[  23% ] [90m[1mreimport[22m | Preparing files to reimport...[39m[0m
[  23% ] [90m[1mreimport[22m | Preparing files to reimport...[39m[0m
[  23% ] [90m[1mreimport[22m | Preparing files to reimport...[39m[0m
[  23% ] [90m[1mreimport[22m | Preparing files to reimport...[39m[0m
[  23% ] [90m[1mreimport[22m | Preparing files to reimport...[39m[0m
[  24% ] [90m[1mreimport[22m | Preparing files to reimport...[39m[0m
[  24% ] [90m[1mreimport[22m | Preparing files to reimport...[39m[0m
[  24% ] [90m[1mreimport[22m | Preparing files to reimport...[39m[0m
[  24% ] [90m[1mreimport[22m | Preparing files to reimport...[39m[0m
[  24% ] [90m[1mreimport[22m | Preparing files to reimport...[39m[0m
[  24% ] [90m[1mreimport[22m | Preparing files to reimport...[39m[0m
[  24% ] [90m[1mreimport[22m | Preparing files to reimport...[39m[0m
[  24% ] [90m[1mreimport[22m | Preparing files to reimport...[39m[0m
[  24% ] [90m[1mreimport[22m | Preparing files to reimport...[39m[0m
[  24% ] [90m[1mreimport[22m | Preparing files to reimport...[39m[0m
[  24% ] [90m[1mreimport[22m | Preparing files to reimport...[39m[0m
[  24% ] [90m[1mreimport[22m | Preparing files to reimport...[39m[0m
[  24% ] [90m[1mreimport[22m | Preparing files to reimport...[39m[0m
[  24% ] [90m[1mreimport[22m | Preparing files to reimport...[39m[0m
[  24% ] [90m[1mreimport[22m | Preparing files to reimport...[39m[0m
[  24% ] [90m[1mreimport[22m | Preparing files to reimport...[39m[0m
[  24% ] [90m[1mreimport[22m | Preparing files to reimport...[39m[0m
[  24% ] [90m[1mreimport[22m | Preparing files to reimport...[39m[0m
[  24% ] [90m[1mreimport[22m | Preparing files to reimport...[39m[0m
[  24% ] [90m[1mreimport[22m | Preparing files to reimport...[39m[0m
[  24% ] [90m[1mreimport[22m | Preparing files to reimport...[39m[0m
[  24% ] [90m[1mreimport[22m | Preparing files to reimport...[39m[0m
[  24% ] [90m[1mreimport[22m | Preparing files to reimport...[39m[0m
[  24% ] [90m[1mreimport[22m | Preparing files to reimport...[39m[0m
[  24% ] [90m[1mreimport[22m | Preparing files to reimport...[39m[0m
[  24% ] [90m[1mreimport[22m | Preparing files to reimport...[39m[0m
[  24% ] [90m[1mreimport[22m | Preparing files to reimport...[39m[0m
[  24% ] [90m[1mreimport[22m | Preparing files to reimport...[39m[0m
[  24% ] [90m[1mreimport[22m | Preparing files to reimport...[39m[0m
[  25% ] [90m[1mreimport[22m | Preparing files to reimport...[39m[0m
[  25% ] [90m[1mreimport[22m | Preparing files to reimport...[39m[0m
[  25% ] [90m[1mreimport[22m | Preparing files to reimport...[39m[0m
[  25% ] [90m[1mreimport[22m | Preparing files to reimport...[39m[0m
[  25% ] [90m[1mreimport[22m | Preparing files to reimport...[39m[0m
[  25% ] [90m[1mreimport[22m | Preparing files to reimport...[39m[0m
[  25% ] [90m[1mreimport[22m | Preparing files to reimport...[39m[0m
[  25% ] [90m[1mreimport[22m | Preparing files to reimport...[39m[0m
[  25% ] [90m[1mreimport[22m | Preparing files to reimport...[39m[0m
[  25% ] [90m[1mreimport[22m | Preparing files to reimport...[39m[0m
[  25% ] [90m[1mreimport[22m | Preparing files to reimport...[39m[0m
[  25% ] [90m[1mreimport[22m | Preparing files to reimport...[39m[0m
[  25% ] [90m[1mreimport[22m | Preparing files to reimport...[39m[0m
[  25% ] [90m[1mreimport[22m | Preparing files to reimport...[39m[0m
[  25% ] [90m[1mreimport[22m | Preparing files to reimport...[39m[0m
[  25% ] [90m[1mreimport[22m | Preparing files to reimport...[39m[0m
[  25% ] [90m[1mreimport[22m | Preparing files to reimport...[39m[0m
[  25% ] [90m[1mreimport[22m | Preparing files to reimport...[39m[0m
[  25% ] [90m[1mreimport[22m | Preparing files to reimport...[39m[0m
[  25% ] [90m[1mreimport[22m | Preparing files to reimport...[39m[0m
[  25% ] [90m[1mreimport[22m | Preparing files to reimport...[39m[0m
[  25% ] [90m[1mreimport[22m | Preparing files to reimport...[39m[0m
[  25% ] [90m[1mreimport[22m | Preparing files to reimport...[39m[0m
[  25% ] [90m[1mreimport[22m | Preparing files to reimport...[39m[0m
[  25% ] [90m[1mreimport[22m | Preparing files to reimport...[39m[0m
[  25% ] [90m[1mreimport[22m | Preparing files to reimport...[39m[0m
[  25% ] [90m[1mreimport[22m | Preparing files to reimport...[39m[0m
[  25% ] [90m[1mreimport[22m | Preparing files to reimport...[39m[0m
[  25% ] [90m[1mreimport[22m | Preparing files to reimport...[39m[0m
[  25% ] [90m[1mreimport[22m | Preparing files to reimport...[39m[0m
[  26% ] [90m[1mreimport[22m | Preparing files to reimport...[39m[0m
[  26% ] [90m[1mreimport[22m | Preparing files to reimport...[39m[0m
[  26% ] [90m[1mreimport[22m | Preparing files to reimport...[39m[0m
[  26% ] [90m[1mreimport[22m | Preparing files to reimport...[39m[0m
[  26% ] [90m[1mreimport[22m | Preparing files to reimport...[39m[0m
[  26% ] [90m[1mreimport[22m | Preparing files to reimport...[39m[0m
[  26% ] [90m[1mreimport[22m | Preparing files to reimport...[39m[0m
[  26% ] [90m[1mreimport[22m | Preparing files to reimport...[39m[0m
[  26% ] [90m[1mreimport[22m | Preparing files to reimport...[39m[0m
[  26% ] [90m[1mreimport[22m | Preparing files to reimport...[39m[0m
[  26% ] [90m[1mreimport[22m | Preparing files to reimport...[39m[0m
[  26% ] [90m[1mreimport[22m | Preparing files to reimport...[39m[0m
[  26% ] [90m[1mreimport[22m | Preparing files to reimport...[39m[0m
[  26% ] [90m[1mreimport[22m | Preparing files to reimport...[39m[0m
[  26% ] [90m[1mreimport[22m | Preparing files to reimport...[39m[0m
[  26% ] [90m[1mreimport[22m | Preparing files to reimport...[39m[0m
[  26% ] [90m[1mreimport[22m | Preparing files to reimport...[39m[0m
[  26% ] [90m[1mreimport[22m | Preparing files to reimport...[39m[0m
[  26% ] [90m[1mreimport[22m | Preparing files to reimport...[39m[0m
[  26% ] [90m[1mreimport[22m | Preparing files to reimport...[39m[0m
[  26% ] [90m[1mreimport[22m | Preparing files to reimport...[39m[0m
[  26% ] [90m[1mreimport[22m | Preparing files to reimport...[39m[0m
[  26% ] [90m[1mreimport[22m | Preparing files to reimport...[39m[0m
[  26% ] [90m[1mreimport[22m | Preparing files to reimport...[39m[0m
[  26% ] [90m[1mreimport[22m | Preparing files to reimport...[39m[0m
[  26% ] [90m[1mreimport[22m | Preparing files to reimport...[39m[0m
[  26% ] [90m[1mreimport[22m | Preparing files to reimport...[39m[0m
[  26% ] [90m[1mreimport[22m | Preparing files to reimport...[39m[0m
[  26% ] [90m[1mreimport[22m | Preparing files to reimport...[39m[0m
[  26% ] [90m[1mreimport[22m | Preparing files to reimport...[39m[0m
[  27% ] [90m[1mreimport[22m | Preparing files to reimport...[39m[0m
[  27% ] [90m[1mreimport[22m | Preparing files to reimport...[39m[0m
[  27% ] [90m[1mreimport[22m | Preparing files to reimport...[39m[0m
[  27% ] [90m[1mreimport[22m | Preparing files to reimport...[39m[0m
[  27% ] [90m[1mreimport[22m | Preparing files to reimport...[39m[0m
[  27% ] [90m[1mreimport[22m | Preparing files to reimport...[39m[0m
[  27% ] [90m[1mreimport[22m | Preparing files to reimport...[39m[0m
[  27% ] [90m[1mreimport[22m | Preparing files to reimport...[39m[0m
[  27% ] [90m[1mreimport[22m | Preparing files to reimport...[39m[0m
[  27% ] [90m[1mreimport[22m | Preparing files to reimport...[39m[0m
[  27% ] [90m[1mreimport[22m | Preparing files to reimport...[39m[0m
[  27% ] [90m[1mreimport[22m | Preparing files to reimport...[39m[0m
[  27% ] [90m[1mreimport[22m | Preparing files to reimport...[39m[0m
[  27% ] [90m[1mreimport[22m | Preparing files to reimport...[39m[0m
[  27% ] [90m[1mreimport[22m | Preparing files to reimport...[39m[0m
[  27% ] [90m[1mreimport[22m | Preparing files to reimport...[39m[0m
[  27% ] [90m[1mreimport[22m | Preparing files to reimport...[39m[0m
[  27% ] [90m[1mreimport[22m | Preparing files to reimport...[39m[0m
[  27% ] [90m[1mreimport[22m | Preparing files to reimport...[39m[0m
[  27% ] [90m[1mreimport[22m | Preparing files to reimport...[39m[0m
[  27% ] [90m[1mreimport[22m | Preparing files to reimport...[39m[0m
[  27% ] [90m[1mreimport[22m | Preparing files to reimport...[39m[0m
[  27% ] [90m[1mreimport[22m | Preparing files to reimport...[39m[0m
[  27% ] [90m[1mreimport[22m | Preparing files to reimport...[39m[0m
[  27% ] [90m[1mreimport[22m | Preparing files to reimport...[39m[0m
[  27% ] [90m[1mreimport[22m | Preparing files to reimport...[39m[0m
[  27% ] [90m[1mreimport[22m | Preparing files to reimport...[39m[0m
[  27% ] [90m[1mreimport[22m | Preparing files to reimport...[39m[0m
[  27% ] [90m[1mreimport[22m | Preparing files to reimport...[39m[0m
[  27% ] [90m[1mreimport[22m | Preparing files to reimport...[39m[0m
[  28% ] [90m[1mreimport[22m | Preparing files to reimport...[39m[0m
[  28% ] [90m[1mreimport[22m | Preparing files to reimport...[39m[0m
[  28% ] [90m[1mreimport[22m | Preparing files to reimport...[39m[0m
[  28% ] [90m[1mreimport[22m | Preparing files to reimport...[39m[0m
[  28% ] [90m[1mreimport[22m | Preparing files to reimport...[39m[0m
[  28% ] [90m[1mreimport[22m | Preparing files to reimport...[39m[0m
[  28% ] [90m[1mreimport[22m | Preparing files to reimport...[39m[0m
[  28% ] [90m[1mreimport[22m | Preparing files to reimport...[39m[0m
[  28% ] [90m[1mreimport[22m | Preparing files to reimport...[39m[0m
[  28% ] [90m[1mreimport[22m | Preparing files to reimport...[39m[0m
[  28% ] [90m[1mreimport[22m | Preparing files to reimport...[39m[0m
[  28% ] [90m[1mreimport[22m | Preparing files to reimport...[39m[0m
[  28% ] [90m[1mreimport[22m | Preparing files to reimport...[39m[0m
[  28% ] [90m[1mreimport[22m | Preparing files to reimport...[39m[0m
[  28% ] [90m[1mreimport[22m | Preparing files to reimport...[39m[0m
[  28% ] [90m[1mreimport[22m | Preparing files to reimport...[39m[0m
[  28% ] [90m[1mreimport[22m | Preparing files to reimport...[39m[0m
[  28% ] [90m[1mreimport[22m | Preparing files to reimport...[39m[0m
[  28% ] [90m[1mreimport[22m | Preparing files to reimport...[39m[0m
[  28% ] [90m[1mreimport[22m | Preparing files to reimport...[39m[0m
[  28% ] [90m[1mreimport[22m | Preparing files to reimport...[39m[0m
[  28% ] [90m[1mreimport[22m | Preparing files to reimport...[39m[0m
[  28% ] [90m[1mreimport[22m | Preparing files to reimport...[39m[0m
[  28% ] [90m[1mreimport[22m | Preparing files to reimport...[39m[0m
[  28% ] [90m[1mreimport[22m | Preparing files to reimport...[39m[0m
[  28% ] [90m[1mreimport[22m | Preparing files to reimport...[39m[0m
[  28% ] [90m[1mreimport[22m | Preparing files to reimport...[39m[0m
[  28% ] [90m[1mreimport[22m | Preparing files to reimport...[39m[0m
[  28% ] [90m[1mreimport[22m | Preparing files to reimport...[39m[0m
[  28% ] [90m[1mreimport[22m | Preparing files to reimport...[39m[0m
[  29% ] [90m[1mreimport[22m | Preparing files to reimport...[39m[0m
[  29% ] [90m[1mreimport[22m | Preparing files to reimport...[39m[0m
[  29% ] [90m[1mreimport[22m | Preparing files to reimport...[39m[0m
[  29% ] [90m[1mreimport[22m | Preparing files to reimport...[39m[0m
[  29% ] [90m[1mreimport[22m | Preparing files to reimport...[39m[0m
[  29% ] [90m[1mreimport[22m | Preparing files to reimport...[39m[0m
[  29% ] [90m[1mreimport[22m | Preparing files to reimport...[39m[0m
[  29% ] [90m[1mreimport[22m | Preparing files to reimport...[39m[0m
[  29% ] [90m[1mreimport[22m | Preparing files to reimport...[39m[0m
[  29% ] [90m[1mreimport[22m | Preparing files to reimport...[39m[0m
[  29% ] [90m[1mreimport[22m | Preparing files to reimport...[39m[0m
[  29% ] [90m[1mreimport[22m | Preparing files to reimport...[39m[0m
[  29% ] [90m[1mreimport[22m | Preparing files to reimport...[39m[0m
[  29% ] [90m[1mreimport[22m | Preparing files to reimport...[39m[0m
[  29% ] [90m[1mreimport[22m | Preparing files to reimport...[39m[0m
[  29% ] [90m[1mreimport[22m | Preparing files to reimport...[39m[0m
[  29% ] [90m[1mreimport[22m | Preparing files to reimport...[39m[0m
[  29% ] [90m[1mreimport[22m | Preparing files to reimport...[39m[0m
[  29% ] [90m[1mreimport[22m | Preparing files to reimport...[39m[0m
[  29% ] [90m[1mreimport[22m | Preparing files to reimport...[39m[0m
[  29% ] [90m[1mreimport[22m | Preparing files to reimport...[39m[0m
[  29% ] [90m[1mreimport[22m | Preparing files to reimport...[39m[0m
[  29% ] [90m[1mreimport[22m | Preparing files to reimport...[39m[0m
[  29% ] [90m[1mreimport[22m | Preparing files to reimport...[39m[0m
[  29% ] [90m[1mreimport[22m | Preparing files to reimport...[39m[0m
[  29% ] [90m[1mreimport[22m | Preparing files to reimport...[39m[0m
[  29% ] [90m[1mreimport[22m | Preparing files to reimport...[39m[0m
[  29% ] [90m[1mreimport[22m | Preparing files to reimport...[39m[0m
[  29% ] [90m[1mreimport[22m | Preparing files to reimport...[39m[0m
[  29% ] [90m[1mreimport[22m | Preparing files to reimport...[39m[0m
[  30% ] [90m[1mreimport[22m | Preparing files to reimport...[39m[0m
[  30% ] [90m[1mreimport[22m | Preparing files to reimport...[39m[0m
[  30% ] [90m[1mreimport[22m | Preparing files to reimport...[39m[0m
[  30% ] [90m[1mreimport[22m | Preparing files to reimport...[39m[0m
[  30% ] [90m[1mreimport[22m | Preparing files to reimport...[39m[0m
[  30% ] [90m[1mreimport[22m | Preparing files to reimport...[39m[0m
[  30% ] [90m[1mreimport[22m | Preparing files to reimport...[39m[0m
[  30% ] [90m[1mreimport[22m | Preparing files to reimport...[39m[0m
[  30% ] [90m[1mreimport[22m | Preparing files to reimport...[39m[0m
[  30% ] [90m[1mreimport[22m | Preparing files to reimport...[39m[0m
[  30% ] [90m[1mreimport[22m | Preparing files to reimport...[39m[0m
[  30% ] [90m[1mreimport[22m | Preparing files to reimport...[39m[0m
[  30% ] [90m[1mreimport[22m | Preparing files to reimport...[39m[0m
[  30% ] [90m[1mreimport[22m | Preparing files to reimport...[39m[0m
[  30% ] [90m[1mreimport[22m | Preparing files to reimport...[39m[0m
[  30% ] [90m[1mreimport[22m | Preparing files to reimport...[39m[0m
[  30% ] [90m[1mreimport[22m | Preparing files to reimport...[39m[0m
[  30% ] [90m[1mreimport[22m | Preparing files to reimport...[39m[0m
[  30% ] [90m[1mreimport[22m | Preparing files to reimport...[39m[0m
[  30% ] [90m[1mreimport[22m | Preparing files to reimport...[39m[0m
[  30% ] [90m[1mreimport[22m | Preparing files to reimport...[39m[0m
[  30% ] [90m[1mreimport[22m | Preparing files to reimport...[39m[0m
[  30% ] [90m[1mreimport[22m | Preparing files to reimport...[39m[0m
[  30% ] [90m[1mreimport[22m | Preparing files to reimport...[39m[0m
[  30% ] [90m[1mreimport[22m | Preparing files to reimport...[39m[0m
[  30% ] [90m[1mreimport[22m | Preparing files to reimport...[39m[0m
[  30% ] [90m[1mreimport[22m | Preparing files to reimport...[39m[0m
[  30% ] [90m[1mreimport[22m | Preparing files to reimport...[39m[0m
[  30% ] [90m[1mreimport[22m | Preparing files to reimport...[39m[0m
[  30% ] [90m[1mreimport[22m | Preparing files to reimport...[39m[0m
[  31% ] [90m[1mreimport[22m | Preparing files to reimport...[39m[0m
[  31% ] [90m[1mreimport[22m | Preparing files to reimport...[39m[0m
[  31% ] [90m[1mreimport[22m | Preparing files to reimport...[39m[0m
[  31% ] [90m[1mreimport[22m | Preparing files to reimport...[39m[0m
[  31% ] [90m[1mreimport[22m | Preparing files to reimport...[39m[0m
[  31% ] [90m[1mreimport[22m | Preparing files to reimport...[39m[0m
[  31% ] [90m[1mreimport[22m | Preparing files to reimport...[39m[0m
[  31% ] [90m[1mreimport[22m | Preparing files to reimport...[39m[0m
[  31% ] [90m[1mreimport[22m | Preparing files to reimport...[39m[0m
[  31% ] [90m[1mreimport[22m | Preparing files to reimport...[39m[0m
[  31% ] [90m[1mreimport[22m | Preparing files to reimport...[39m[0m
[  31% ] [90m[1mreimport[22m | Preparing files to reimport...[39m[0m
[  31% ] [90m[1mreimport[22m | Preparing files to reimport...[39m[0m
[  31% ] [90m[1mreimport[22m | Preparing files to reimport...[39m[0m
[  31% ] [90m[1mreimport[22m | Preparing files to reimport...[39m[0m
[  31% ] [90m[1mreimport[22m | Preparing files to reimport...[39m[0m
[  31% ] [90m[1mreimport[22m | Preparing files to reimport...[39m[0m
[  31% ] [90m[1mreimport[22m | Preparing files to reimport...[39m[0m
[  31% ] [90m[1mreimport[22m | Preparing files to reimport...[39m[0m
[  31% ] [90m[1mreimport[22m | Preparing files to reimport...[39m[0m
[  31% ] [90m[1mreimport[22m | Preparing files to reimport...[39m[0m
[  31% ] [90m[1mreimport[22m | Preparing files to reimport...[39m[0m
[  31% ] [90m[1mreimport[22m | Preparing files to reimport...[39m[0m
[  31% ] [90m[1mreimport[22m | Preparing files to reimport...[39m[0m
[  31% ] [90m[1mreimport[22m | Preparing files to reimport...[39m[0m
[  31% ] [90m[1mreimport[22m | Preparing files to reimport...[39m[0m
[  31% ] [90m[1mreimport[22m | Preparing files to reimport...[39m[0m
[  31% ] [90m[1mreimport[22m | Preparing files to reimport...[39m[0m
[  31% ] [90m[1mreimport[22m | Preparing files to reimport...[39m[0m
[  31% ] [90m[1mreimport[22m | Preparing files to reimport...[39m[0m
[  32% ] [90m[1mreimport[22m | Preparing files to reimport...[39m[0m
[  32% ] [90m[1mreimport[22m | Preparing files to reimport...[39m[0m
[  32% ] [90m[1mreimport[22m | Preparing files to reimport...[39m[0m
[  32% ] [90m[1mreimport[22m | Preparing files to reimport...[39m[0m
[  32% ] [90m[1mreimport[22m | Preparing files to reimport...[39m[0m
[  32% ] [90m[1mreimport[22m | Preparing files to reimport...[39m[0m
[  32% ] [90m[1mreimport[22m | Preparing files to reimport...[39m[0m
[  32% ] [90m[1mreimport[22m | Preparing files to reimport...[39m[0m
[  32% ] [90m[1mreimport[22m | Preparing files to reimport...[39m[0m
[  32% ] [90m[1mreimport[22m | Preparing files to reimport...[39m[0m
[  32% ] [90m[1mreimport[22m | Preparing files to reimport...[39m[0m
[  32% ] [90m[1mreimport[22m | Preparing files to reimport...[39m[0m
[  32% ] [90m[1mreimport[22m | Preparing files to reimport...[39m[0m
[  32% ] [90m[1mreimport[22m | Preparing files to reimport...[39m[0m
[  32% ] [90m[1mreimport[22m | Preparing files to reimport...[39m[0m
[  32% ] [90m[1mreimport[22m | Preparing files to reimport...[39m[0m
[  32% ] [90m[1mreimport[22m | Preparing files to reimport...[39m[0m
[  32% ] [90m[1mreimport[22m | Preparing files to reimport...[39m[0m
[  32% ] [90m[1mreimport[22m | Preparing files to reimport...[39m[0m
[  32% ] [90m[1mreimport[22m | Preparing files to reimport...[39m[0m
[  32% ] [90m[1mreimport[22m | Preparing files to reimport...[39m[0m
[  32% ] [90m[1mreimport[22m | Preparing files to reimport...[39m[0m
[  32% ] [90m[1mreimport[22m | Preparing files to reimport...[39m[0m
[  32% ] [90m[1mreimport[22m | Preparing files to reimport...[39m[0m
[  32% ] [90m[1mreimport[22m | Preparing files to reimport...[39m[0m
[  32% ] [90m[1mreimport[22m | Preparing files to reimport...[39m[0m
[  32% ] [90m[1mreimport[22m | Preparing files to reimport...[39m[0m
[  32% ] [90m[1mreimport[22m | Preparing files to reimport...[39m[0m
[  32% ] [90m[1mreimport[22m | Preparing files to reimport...[39m[0m
[  32% ] [90m[1mreimport[22m | Preparing files to reimport...[39m[0m
[  33% ] [90m[1mreimport[22m | Preparing files to reimport...[39m[0m
[  33% ] [90m[1mreimport[22m | Preparing files to reimport...[39m[0m
[  33% ] [90m[1mreimport[22m | Preparing files to reimport...[39m[0m
[  33% ] [90m[1mreimport[22m | Preparing files to reimport...[39m[0m
[  33% ] [90m[1mreimport[22m | Preparing files to reimport...[39m[0m
[  33% ] [90m[1mreimport[22m | Preparing files to reimport...[39m[0m
[  33% ] [90m[1mreimport[22m | Preparing files to reimport...[39m[0m
[  33% ] [90m[1mreimport[22m | Preparing files to reimport...[39m[0m
[  33% ] [90m[1mreimport[22m | Preparing files to reimport...[39m[0m
[  33% ] [90m[1mreimport[22m | Preparing files to reimport...[39m[0m
[  33% ] [90m[1mreimport[22m | Preparing files to reimport...[39m[0m
[  33% ] [90m[1mreimport[22m | Preparing files to reimport...[39m[0m
[  33% ] [90m[1mreimport[22m | Preparing files to reimport...[39m[0m
[  33% ] [90m[1mreimport[22m | Preparing files to reimport...[39m[0m
[  33% ] [90m[1mreimport[22m | Preparing files to reimport...[39m[0m
[  33% ] [90m[1mreimport[22m | Preparing files to reimport...[39m[0m
[  33% ] [90m[1mreimport[22m | Preparing files to reimport...[39m[0m
[  33% ] [90m[1mreimport[22m | Preparing files to reimport...[39m[0m
[  33% ] [90m[1mreimport[22m | Preparing files to reimport...[39m[0m
[  33% ] [90m[1mreimport[22m | Preparing files to reimport...[39m[0m
[  33% ] [90m[1mreimport[22m | Preparing files to reimport...[39m[0m
[  33% ] [90m[1mreimport[22m | Preparing files to reimport...[39m[0m
[  33% ] [90m[1mreimport[22m | Preparing files to reimport...[39m[0m
[  33% ] [90m[1mreimport[22m | Preparing files to reimport...[39m[0m
[  33% ] [90m[1mreimport[22m | Preparing files to reimport...[39m[0m
[  33% ] [90m[1mreimport[22m | Preparing files to reimport...[39m[0m
[  33% ] [90m[1mreimport[22m | Preparing files to reimport...[39m[0m
[  33% ] [90m[1mreimport[22m | Preparing files to reimport...[39m[0m
[  33% ] [90m[1mreimport[22m | Preparing files to reimport...[39m[0m
[  33% ] [90m[1mreimport[22m | Preparing files to reimport...[39m[0m
[  34% ] [90m[1mreimport[22m | Preparing files to reimport...[39m[0m
[  34% ] [90m[1mreimport[22m | Preparing files to reimport...[39m[0m
[  34% ] [90m[1mreimport[22m | Preparing files to reimport...[39m[0m
[  34% ] [90m[1mreimport[22m | Preparing files to reimport...[39m[0m
[  34% ] [90m[1mreimport[22m | Preparing files to reimport...[39m[0m
[  34% ] [90m[1mreimport[22m | Preparing files to reimport...[39m[0m
[  34% ] [90m[1mreimport[22m | Preparing files to reimport...[39m[0m
[  34% ] [90m[1mreimport[22m | Preparing files to reimport...[39m[0m
[  34% ] [90m[1mreimport[22m | Preparing files to reimport...[39m[0m
[  34% ] [90m[1mreimport[22m | Preparing files to reimport...[39m[0m
[  34% ] [90m[1mreimport[22m | Preparing files to reimport...[39m[0m
[  34% ] [90m[1mreimport[22m | Preparing files to reimport...[39m[0m
[  34% ] [90m[1mreimport[22m | Preparing files to reimport...[39m[0m
[  34% ] [90m[1mreimport[22m | Preparing files to reimport...[39m[0m
[  34% ] [90m[1mreimport[22m | Preparing files to reimport...[39m[0m
[  34% ] [90m[1mreimport[22m | Preparing files to reimport...[39m[0m
[  34% ] [90m[1mreimport[22m | Preparing files to reimport...[39m[0m
[  34% ] [90m[1mreimport[22m | Preparing files to reimport...[39m[0m
[  34% ] [90m[1mreimport[22m | Preparing files to reimport...[39m[0m
[  34% ] [90m[1mreimport[22m | Preparing files to reimport...[39m[0m
[  34% ] [90m[1mreimport[22m | Preparing files to reimport...[39m[0m
[  34% ] [90m[1mreimport[22m | Preparing files to reimport...[39m[0m
[  34% ] [90m[1mreimport[22m | Preparing files to reimport...[39m[0m
[  34% ] [90m[1mreimport[22m | Preparing files to reimport...[39m[0m
[  34% ] [90m[1mreimport[22m | Preparing files to reimport...[39m[0m
[  34% ] [90m[1mreimport[22m | Preparing files to reimport...[39m[0m
[  34% ] [90m[1mreimport[22m | Preparing files to reimport...[39m[0m
[  34% ] [90m[1mreimport[22m | Preparing files to reimport...[39m[0m
[  34% ] [90m[1mreimport[22m | Preparing files to reimport...[39m[0m
[  34% ] [90m[1mreimport[22m | Preparing files to reimport...[39m[0m
[  35% ] [90m[1mreimport[22m | Preparing files to reimport...[39m[0m
[  35% ] [90m[1mreimport[22m | Preparing files to reimport...[39m[0m
[  35% ] [90m[1mreimport[22m | Preparing files to reimport...[39m[0m
[  35% ] [90m[1mreimport[22m | Preparing files to reimport...[39m[0m
[  35% ] [90m[1mreimport[22m | Preparing files to reimport...[39m[0m
[  35% ] [90m[1mreimport[22m | Preparing files to reimport...[39m[0m
[  35% ] [90m[1mreimport[22m | Preparing files to reimport...[39m[0m
[  35% ] [90m[1mreimport[22m | Preparing files to reimport...[39m[0m
[  35% ] [90m[1mreimport[22m | Preparing files to reimport...[39m[0m
[  35% ] [90m[1mreimport[22m | Preparing files to reimport...[39m[0m
[  35% ] [90m[1mreimport[22m | Preparing files to reimport...[39m[0m
[  35% ] [90m[1mreimport[22m | Preparing files to reimport...[39m[0m
[  35% ] [90m[1mreimport[22m | Preparing files to reimport...[39m[0m
[  35% ] [90m[1mreimport[22m | Preparing files to reimport...[39m[0m
[  35% ] [90m[1mreimport[22m | Preparing files to reimport...[39m[0m
[  35% ] [90m[1mreimport[22m | Preparing files to reimport...[39m[0m
[  35% ] [90m[1mreimport[22m | Preparing files to reimport...[39m[0m
[  35% ] [90m[1mreimport[22m | Preparing files to reimport...[39m[0m
[  35% ] [90m[1mreimport[22m | Preparing files to reimport...[39m[0m
[  35% ] [90m[1mreimport[22m | Preparing files to reimport...[39m[0m
[  35% ] [90m[1mreimport[22m | Preparing files to reimport...[39m[0m
[  35% ] [90m[1mreimport[22m | Preparing files to reimport...[39m[0m
[  35% ] [90m[1mreimport[22m | Preparing files to reimport...[39m[0m
[  35% ] [90m[1mreimport[22m | Preparing files to reimport...[39m[0m
[  35% ] [90m[1mreimport[22m | Preparing files to reimport...[39m[0m
[  35% ] [90m[1mreimport[22m | Preparing files to reimport...[39m[0m
[  35% ] [90m[1mreimport[22m | Preparing files to reimport...[39m[0m
[  35% ] [90m[1mreimport[22m | Preparing files to reimport...[39m[0m
[  35% ] [90m[1mreimport[22m | Preparing files to reimport...[39m[0m
[  35% ] [90m[1mreimport[22m | Preparing files to reimport...[39m[0m
[  36% ] [90m[1mreimport[22m | Preparing files to reimport...[39m[0m
[  36% ] [90m[1mreimport[22m | Preparing files to reimport...[39m[0m
[  36% ] [90m[1mreimport[22m | Preparing files to reimport...[39m[0m
[  36% ] [90m[1mreimport[22m | Preparing files to reimport...[39m[0m
[  36% ] [90m[1mreimport[22m | Preparing files to reimport...[39m[0m
[  36% ] [90m[1mreimport[22m | Preparing files to reimport...[39m[0m
[  36% ] [90m[1mreimport[22m | Preparing files to reimport...[39m[0m
[  36% ] [90m[1mreimport[22m | Preparing files to reimport...[39m[0m
[  36% ] [90m[1mreimport[22m | Preparing files to reimport...[39m[0m
[  36% ] [90m[1mreimport[22m | Preparing files to reimport...[39m[0m
[  36% ] [90m[1mreimport[22m | Preparing files to reimport...[39m[0m
[  36% ] [90m[1mreimport[22m | Preparing files to reimport...[39m[0m
[  36% ] [90m[1mreimport[22m | Preparing files to reimport...[39m[0m
[  36% ] [90m[1mreimport[22m | Preparing files to reimport...[39m[0m
[  36% ] [90m[1mreimport[22m | Preparing files to reimport...[39m[0m
[  36% ] [90m[1mreimport[22m | Preparing files to reimport...[39m[0m
[  36% ] [90m[1mreimport[22m | Preparing files to reimport...[39m[0m
[  36% ] [90m[1mreimport[22m | Preparing files to reimport...[39m[0m
[  36% ] [90m[1mreimport[22m | Preparing files to reimport...[39m[0m
[  36% ] [90m[1mreimport[22m | Preparing files to reimport...[39m[0m
[  36% ] [90m[1mreimport[22m | Preparing files to reimport...[39m[0m
[  36% ] [90m[1mreimport[22m | Preparing files to reimport...[39m[0m
[  36% ] [90m[1mreimport[22m | Preparing files to reimport...[39m[0m
[  36% ] [90m[1mreimport[22m | Preparing files to reimport...[39m[0m
[  36% ] [90m[1mreimport[22m | Preparing files to reimport...[39m[0m
[  36% ] [90m[1mreimport[22m | Preparing files to reimport...[39m[0m
[  36% ] [90m[1mreimport[22m | Preparing files to reimport...[39m[0m
[  36% ] [90m[1mreimport[22m | Preparing files to reimport...[39m[0m
[  36% ] [90m[1mreimport[22m | Preparing files to reimport...[39m[0m
[  36% ] [90m[1mreimport[22m | Preparing files to reimport...[39m[0m
[  37% ] [90m[1mreimport[22m | Preparing files to reimport...[39m[0m
[  37% ] [90m[1mreimport[22m | Preparing files to reimport...[39m[0m
[  37% ] [90m[1mreimport[22m | Preparing files to reimport...[39m[0m
[  37% ] [90m[1mreimport[22m | Preparing files to reimport...[39m[0m
[  37% ] [90m[1mreimport[22m | Preparing files to reimport...[39m[0m
[  37% ] [90m[1mreimport[22m | Preparing files to reimport...[39m[0m
[  37% ] [90m[1mreimport[22m | Preparing files to reimport...[39m[0m
[  37% ] [90m[1mreimport[22m | Preparing files to reimport...[39m[0m
[  37% ] [90m[1mreimport[22m | Preparing files to reimport...[39m[0m
[  37% ] [90m[1mreimport[22m | Preparing files to reimport...[39m[0m
[  37% ] [90m[1mreimport[22m | Preparing files to reimport...[39m[0m
[  37% ] [90m[1mreimport[22m | Preparing files to reimport...[39m[0m
[  37% ] [90m[1mreimport[22m | Preparing files to reimport...[39m[0m
[  37% ] [90m[1mreimport[22m | Preparing files to reimport...[39m[0m
[  37% ] [90m[1mreimport[22m | Preparing files to reimport...[39m[0m
[  37% ] [90m[1mreimport[22m | Preparing files to reimport...[39m[0m
[  37% ] [90m[1mreimport[22m | Preparing files to reimport...[39m[0m
[  37% ] [90m[1mreimport[22m | Preparing files to reimport...[39m[0m
[  37% ] [90m[1mreimport[22m | Preparing files to reimport...[39m[0m
[  37% ] [90m[1mreimport[22m | Preparing files to reimport...[39m[0m
[  37% ] [90m[1mreimport[22m | Preparing files to reimport...[39m[0m
[  37% ] [90m[1mreimport[22m | Preparing files to reimport...[39m[0m
[  37% ] [90m[1mreimport[22m | Preparing files to reimport...[39m[0m
[  37% ] [90m[1mreimport[22m | Preparing files to reimport...[39m[0m
[  37% ] [90m[1mreimport[22m | Preparing files to reimport...[39m[0m
[  37% ] [90m[1mreimport[22m | Preparing files to reimport...[39m[0m
[  37% ] [90m[1mreimport[22m | Preparing files to reimport...[39m[0m
[  37% ] [90m[1mreimport[22m | Preparing files to reimport...[39m[0m
[  37% ] [90m[1mreimport[22m | Preparing files to reimport...[39m[0m
[  38% ] [90m[1mreimport[22m | Preparing files to reimport...[39m[0m
[  38% ] [90m[1mreimport[22m | Preparing files to reimport...[39m[0m
[  38% ] [90m[1mreimport[22m | Preparing files to reimport...[39m[0m
[  38% ] [90m[1mreimport[22m | Preparing files to reimport...[39m[0m
[  38% ] [90m[1mreimport[22m | Preparing files to reimport...[39m[0m
[  38% ] [90m[1mreimport[22m | Preparing files to reimport...[39m[0m
[  38% ] [90m[1mreimport[22m | Preparing files to reimport...[39m[0m
[  38% ] [90m[1mreimport[22m | Preparing files to reimport...[39m[0m
[  38% ] [90m[1mreimport[22m | Preparing files to reimport...[39m[0m
[  38% ] [90m[1mreimport[22m | Preparing files to reimport...[39m[0m
[  38% ] [90m[1mreimport[22m | Preparing files to reimport...[39m[0m
[  38% ] [90m[1mreimport[22m | Preparing files to reimport...[39m[0m
[  38% ] [90m[1mreimport[22m | Preparing files to reimport...[39m[0m
[  38% ] [90m[1mreimport[22m | Preparing files to reimport...[39m[0m
[  38% ] [90m[1mreimport[22m | Preparing files to reimport...[39m[0m
[  38% ] [90m[1mreimport[22m | Preparing files to reimport...[39m[0m
[  38% ] [90m[1mreimport[22m | Preparing files to reimport...[39m[0m
[  38% ] [90m[1mreimport[22m | Preparing files to reimport...[39m[0m
[  38% ] [90m[1mreimport[22m | Preparing files to reimport...[39m[0m
[  38% ] [90m[1mreimport[22m | Preparing files to reimport...[39m[0m
[  38% ] [90m[1mreimport[22m | Preparing files to reimport...[39m[0m
[  38% ] [90m[1mreimport[22m | Preparing files to reimport...[39m[0m
[  38% ] [90m[1mreimport[22m | Preparing files to reimport...[39m[0m
[  38% ] [90m[1mreimport[22m | Preparing files to reimport...[39m[0m
[  38% ] [90m[1mreimport[22m | Preparing files to reimport...[39m[0m
[  38% ] [90m[1mreimport[22m | Preparing files to reimport...[39m[0m
[  38% ] [90m[1mreimport[22m | Preparing files to reimport...[39m[0m
[  38% ] [90m[1mreimport[22m | Preparing files to reimport...[39m[0m
[  38% ] [90m[1mreimport[22m | Preparing files to reimport...[39m[0m
[  38% ] [90m[1mreimport[22m | Preparing files to reimport...[39m[0m
[  39% ] [90m[1mreimport[22m | Preparing files to reimport...[39m[0m
[  39% ] [90m[1mreimport[22m | Preparing files to reimport...[39m[0m
[  39% ] [90m[1mreimport[22m | Preparing files to reimport...[39m[0m
[  39% ] [90m[1mreimport[22m | Preparing files to reimport...[39m[0m
[  39% ] [90m[1mreimport[22m | Preparing files to reimport...[39m[0m
[  39% ] [90m[1mreimport[22m | Preparing files to reimport...[39m[0m
[  39% ] [90m[1mreimport[22m | Preparing files to reimport...[39m[0m
[  39% ] [90m[1mreimport[22m | Preparing files to reimport...[39m[0m
[  39% ] [90m[1mreimport[22m | Preparing files to reimport...[39m[0m
[  39% ] [90m[1mreimport[22m | Preparing files to reimport...[39m[0m
[  39% ] [90m[1mreimport[22m | Preparing files to reimport...[39m[0m
[  39% ] [90m[1mreimport[22m | Preparing files to reimport...[39m[0m
[  39% ] [90m[1mreimport[22m | Preparing files to reimport...[39m[0m
[  39% ] [90m[1mreimport[22m | Preparing files to reimport...[39m[0m
[  39% ] [90m[1mreimport[22m | Preparing files to reimport...[39m[0m
[  39% ] [90m[1mreimport[22m | Preparing files to reimport...[39m[0m
[  39% ] [90m[1mreimport[22m | Preparing files to reimport...[39m[0m
[  39% ] [90m[1mreimport[22m | Preparing files to reimport...[39m[0m
[  39% ] [90m[1mreimport[22m | Preparing files to reimport...[39m[0m
[  39% ] [90m[1mreimport[22m | Preparing files to reimport...[39m[0m
[  39% ] [90m[1mreimport[22m | Preparing files to reimport...[39m[0m
[  39% ] [90m[1mreimport[22m | Preparing files to reimport...[39m[0m
[  39% ] [90m[1mreimport[22m | Preparing files to reimport...[39m[0m
[  39% ] [90m[1mreimport[22m | Preparing files to reimport...[39m[0m
[  39% ] [90m[1mreimport[22m | Preparing files to reimport...[39m[0m
[  39% ] [90m[1mreimport[22m | Preparing files to reimport...[39m[0m
[  39% ] [90m[1mreimport[22m | Preparing files to reimport...[39m[0m
[  39% ] [90m[1mreimport[22m | Preparing files to reimport...[39m[0m
[  39% ] [90m[1mreimport[22m | Preparing files to reimport...[39m[0m
[  39% ] [90m[1mreimport[22m | Preparing files to reimport...[39m[0m
[  40% ] [90m[1mreimport[22m | Preparing files to reimport...[39m[0m
[  40% ] [90m[1mreimport[22m | Preparing files to reimport...[39m[0m
[  40% ] [90m[1mreimport[22m | Preparing files to reimport...[39m[0m
[  40% ] [90m[1mreimport[22m | Preparing files to reimport...[39m[0m
[  40% ] [90m[1mreimport[22m | Preparing files to reimport...[39m[0m
[  40% ] [90m[1mreimport[22m | Preparing files to reimport...[39m[0m
[  40% ] [90m[1mreimport[22m | Preparing files to reimport...[39m[0m
[  40% ] [90m[1mreimport[22m | Preparing files to reimport...[39m[0m
[  40% ] [90m[1mreimport[22m | Preparing files to reimport...[39m[0m
[  40% ] [90m[1mreimport[22m | Preparing files to reimport...[39m[0m
[  40% ] [90m[1mreimport[22m | Preparing files to reimport...[39m[0m
[  40% ] [90m[1mreimport[22m | Preparing files to reimport...[39m[0m
[  40% ] [90m[1mreimport[22m | Preparing files to reimport...[39m[0m
[  40% ] [90m[1mreimport[22m | Preparing files to reimport...[39m[0m
[  40% ] [90m[1mreimport[22m | Preparing files to reimport...[39m[0m
[  40% ] [90m[1mreimport[22m | Preparing files to reimport...[39m[0m
[  40% ] [90m[1mreimport[22m | Preparing files to reimport...[39m[0m
[  40% ] [90m[1mreimport[22m | Preparing files to reimport...[39m[0m
[  40% ] [90m[1mreimport[22m | Preparing files to reimport...[39m[0m
[  40% ] [90m[1mreimport[22m | Preparing files to reimport...[39m[0m
[  40% ] [90m[1mreimport[22m | Preparing files to reimport...[39m[0m
[  40% ] [90m[1mreimport[22m | Preparing files to reimport...[39m[0m
[  40% ] [90m[1mreimport[22m | Preparing files to reimport...[39m[0m
[  40% ] [90m[1mreimport[22m | Preparing files to reimport...[39m[0m
[  40% ] [90m[1mreimport[22m | Preparing files to reimport...[39m[0m
[  40% ] [90m[1mreimport[22m | Preparing files to reimport...[39m[0m
[  40% ] [90m[1mreimport[22m | Preparing files to reimport...[39m[0m
[  40% ] [90m[1mreimport[22m | Preparing files to reimport...[39m[0m
[  40% ] [90m[1mreimport[22m | Preparing files to reimport...[39m[0m
[  40% ] [90m[1mreimport[22m | Preparing files to reimport...[39m[0m
[  41% ] [90m[1mreimport[22m | Preparing files to reimport...[39m[0m
[  41% ] [90m[1mreimport[22m | Preparing files to reimport...[39m[0m
[  41% ] [90m[1mreimport[22m | Preparing files to reimport...[39m[0m
[  41% ] [90m[1mreimport[22m | Preparing files to reimport...[39m[0m
[  41% ] [90m[1mreimport[22m | Preparing files to reimport...[39m[0m
[  41% ] [90m[1mreimport[22m | Preparing files to reimport...[39m[0m
[  41% ] [90m[1mreimport[22m | Preparing files to reimport...[39m[0m
[  41% ] [90m[1mreimport[22m | Preparing files to reimport...[39m[0m
[  41% ] [90m[1mreimport[22m | Preparing files to reimport...[39m[0m
[  41% ] [90m[1mreimport[22m | Preparing files to reimport...[39m[0m
[  41% ] [90m[1mreimport[22m | Preparing files to reimport...[39m[0m
[  41% ] [90m[1mreimport[22m | Preparing files to reimport...[39m[0m
[  41% ] [90m[1mreimport[22m | Preparing files to reimport...[39m[0m
[  41% ] [90m[1mreimport[22m | Preparing files to reimport...[39m[0m
[  41% ] [90m[1mreimport[22m | Preparing files to reimport...[39m[0m
[  41% ] [90m[1mreimport[22m | Preparing files to reimport...[39m[0m
[  41% ] [90m[1mreimport[22m | Preparing files to reimport...[39m[0m
[  41% ] [90m[1mreimport[22m | Preparing files to reimport...[39m[0m
[  41% ] [90m[1mreimport[22m | Preparing files to reimport...[39m[0m
[  41% ] [90m[1mreimport[22m | Preparing files to reimport...[39m[0m
[  41% ] [90m[1mreimport[22m | Preparing files to reimport...[39m[0m
[  41% ] [90m[1mreimport[22m | Preparing files to reimport...[39m[0m
[  41% ] [90m[1mreimport[22m | Preparing files to reimport...[39m[0m
[  41% ] [90m[1mreimport[22m | Preparing files to reimport...[39m[0m
[  41% ] [90m[1mreimport[22m | Preparing files to reimport...[39m[0m
[  41% ] [90m[1mreimport[22m | Preparing files to reimport...[39m[0m
[  41% ] [90m[1mreimport[22m | Preparing files to reimport...[39m[0m
[  41% ] [90m[1mreimport[22m | Preparing files to reimport...[39m[0m
[  41% ] [90m[1mreimport[22m | Preparing files to reimport...[39m[0m
[  41% ] [90m[1mreimport[22m | Preparing files to reimport...[39m[0m
[  42% ] [90m[1mreimport[22m | Preparing files to reimport...[39m[0m
[  42% ] [90m[1mreimport[22m | Preparing files to reimport...[39m[0m
[  42% ] [90m[1mreimport[22m | Preparing files to reimport...[39m[0m
[  42% ] [90m[1mreimport[22m | Preparing files to reimport...[39m[0m
[  42% ] [90m[1mreimport[22m | Preparing files to reimport...[39m[0m
[  42% ] [90m[1mreimport[22m | Preparing files to reimport...[39m[0m
[  42% ] [90m[1mreimport[22m | Preparing files to reimport...[39m[0m
[  42% ] [90m[1mreimport[22m | Preparing files to reimport...[39m[0m
[  42% ] [90m[1mreimport[22m | Preparing files to reimport...[39m[0m
[  42% ] [90m[1mreimport[22m | Preparing files to reimport...[39m[0m
[  42% ] [90m[1mreimport[22m | Preparing files to reimport...[39m[0m
[  42% ] [90m[1mreimport[22m | Preparing files to reimport...[39m[0m
[  42% ] [90m[1mreimport[22m | Preparing files to reimport...[39m[0m
[  42% ] [90m[1mreimport[22m | Preparing files to reimport...[39m[0m
[  42% ] [90m[1mreimport[22m | Preparing files to reimport...[39m[0m
[  42% ] [90m[1mreimport[22m | Preparing files to reimport...[39m[0m
[  42% ] [90m[1mreimport[22m | Preparing files to reimport...[39m[0m
[  42% ] [90m[1mreimport[22m | Preparing files to reimport...[39m[0m
[  42% ] [90m[1mreimport[22m | Preparing files to reimport...[39m[0m
[  42% ] [90m[1mreimport[22m | Preparing files to reimport...[39m[0m
[  42% ] [90m[1mreimport[22m | Preparing files to reimport...[39m[0m
[  42% ] [90m[1mreimport[22m | Preparing files to reimport...[39m[0m
[  42% ] [90m[1mreimport[22m | Preparing files to reimport...[39m[0m
[  42% ] [90m[1mreimport[22m | Preparing files to reimport...[39m[0m
[  42% ] [90m[1mreimport[22m | Preparing files to reimport...[39m[0m
[  42% ] [90m[1mreimport[22m | Preparing files to reimport...[39m[0m
[  42% ] [90m[1mreimport[22m | Preparing files to reimport...[39m[0m
[  42% ] [90m[1mreimport[22m | Preparing files to reimport...[39m[0m
[  42% ] [90m[1mreimport[22m | Preparing files to reimport...[39m[0m
[  42% ] [90m[1mreimport[22m | Preparing files to reimport...[39m[0m
[  43% ] [90m[1mreimport[22m | Preparing files to reimport...[39m[0m
[  43% ] [90m[1mreimport[22m | Preparing files to reimport...[39m[0m
[  43% ] [90m[1mreimport[22m | Preparing files to reimport...[39m[0m
[  43% ] [90m[1mreimport[22m | Preparing files to reimport...[39m[0m
[  43% ] [90m[1mreimport[22m | Preparing files to reimport...[39m[0m
[  43% ] [90m[1mreimport[22m | Preparing files to reimport...[39m[0m
[  43% ] [90m[1mreimport[22m | Preparing files to reimport...[39m[0m
[  43% ] [90m[1mreimport[22m | Preparing files to reimport...[39m[0m
[  43% ] [90m[1mreimport[22m | Preparing files to reimport...[39m[0m
[  43% ] [90m[1mreimport[22m | Preparing files to reimport...[39m[0m
[  43% ] [90m[1mreimport[22m | Preparing files to reimport...[39m[0m
[  43% ] [90m[1mreimport[22m | Preparing files to reimport...[39m[0m
[  43% ] [90m[1mreimport[22m | Preparing files to reimport...[39m[0m
[  43% ] [90m[1mreimport[22m | Preparing files to reimport...[39m[0m
[  43% ] [90m[1mreimport[22m | Preparing files to reimport...[39m[0m
[  43% ] [90m[1mreimport[22m | Preparing files to reimport...[39m[0m
[  43% ] [90m[1mreimport[22m | Preparing files to reimport...[39m[0m
[  43% ] [90m[1mreimport[22m | Preparing files to reimport...[39m[0m
[  43% ] [90m[1mreimport[22m | Preparing files to reimport...[39m[0m
[  43% ] [90m[1mreimport[22m | Preparing files to reimport...[39m[0m
[  43% ] [90m[1mreimport[22m | Preparing files to reimport...[39m[0m
[  43% ] [90m[1mreimport[22m | Preparing files to reimport...[39m[0m
[  43% ] [90m[1mreimport[22m | Preparing files to reimport...[39m[0m
[  43% ] [90m[1mreimport[22m | Preparing files to reimport...[39m[0m
[  43% ] [90m[1mreimport[22m | Preparing files to reimport...[39m[0m
[  43% ] [90m[1mreimport[22m | Preparing files to reimport...[39m[0m
[  43% ] [90m[1mreimport[22m | Preparing files to reimport...[39m[0m
[  43% ] [90m[1mreimport[22m | Preparing files to reimport...[39m[0m
[  43% ] [90m[1mreimport[22m | Preparing files to reimport...[39m[0m
[  43% ] [90m[1mreimport[22m | Preparing files to reimport...[39m[0m
[  44% ] [90m[1mreimport[22m | Preparing files to reimport...[39m[0m
[  44% ] [90m[1mreimport[22m | Preparing files to reimport...[39m[0m
[  44% ] [90m[1mreimport[22m | Preparing files to reimport...[39m[0m
[  44% ] [90m[1mreimport[22m | Preparing files to reimport...[39m[0m
[  44% ] [90m[1mreimport[22m | Preparing files to reimport...[39m[0m
[  44% ] [90m[1mreimport[22m | Preparing files to reimport...[39m[0m
[  44% ] [90m[1mreimport[22m | Preparing files to reimport...[39m[0m
[  44% ] [90m[1mreimport[22m | Preparing files to reimport...[39m[0m
[  44% ] [90m[1mreimport[22m | Preparing files to reimport...[39m[0m
[  44% ] [90m[1mreimport[22m | Preparing files to reimport...[39m[0m
[  44% ] [90m[1mreimport[22m | Preparing files to reimport...[39m[0m
[  44% ] [90m[1mreimport[22m | Preparing files to reimport...[39m[0m
[  44% ] [90m[1mreimport[22m | Preparing files to reimport...[39m[0m
[  44% ] [90m[1mreimport[22m | Preparing files to reimport...[39m[0m
[  44% ] [90m[1mreimport[22m | Preparing files to reimport...[39m[0m
[  44% ] [90m[1mreimport[22m | Preparing files to reimport...[39m[0m
[  44% ] [90m[1mreimport[22m | Preparing files to reimport...[39m[0m
[  44% ] [90m[1mreimport[22m | Preparing files to reimport...[39m[0m
[  44% ] [90m[1mreimport[22m | Preparing files to reimport...[39m[0m
[  44% ] [90m[1mreimport[22m | Preparing files to reimport...[39m[0m
[  44% ] [90m[1mreimport[22m | Preparing files to reimport...[39m[0m
[  44% ] [90m[1mreimport[22m | Preparing files to reimport...[39m[0m
[  44% ] [90m[1mreimport[22m | Preparing files to reimport...[39m[0m
[  44% ] [90m[1mreimport[22m | Preparing files to reimport...[39m[0m
[  44% ] [90m[1mreimport[22m | Preparing files to reimport...[39m[0m
[  44% ] [90m[1mreimport[22m | Preparing files to reimport...[39m[0m
[  44% ] [90m[1mreimport[22m | Preparing files to reimport...[39m[0m
[  44% ] [90m[1mreimport[22m | Preparing files to reimport...[39m[0m
[  44% ] [90m[1mreimport[22m | Preparing files to reimport...[39m[0m
[  44% ] [90m[1mreimport[22m | Preparing files to reimport...[39m[0m
[  45% ] [90m[1mreimport[22m | Preparing files to reimport...[39m[0m
[  45% ] [90m[1mreimport[22m | Preparing files to reimport...[39m[0m
[  45% ] [90m[1mreimport[22m | Preparing files to reimport...[39m[0m
[  45% ] [90m[1mreimport[22m | Preparing files to reimport...[39m[0m
[  45% ] [90m[1mreimport[22m | Preparing files to reimport...[39m[0m
[  45% ] [90m[1mreimport[22m | Preparing files to reimport...[39m[0m
[  45% ] [90m[1mreimport[22m | Preparing files to reimport...[39m[0m
[  45% ] [90m[1mreimport[22m | Preparing files to reimport...[39m[0m
[  45% ] [90m[1mreimport[22m | Preparing files to reimport...[39m[0m
[  45% ] [90m[1mreimport[22m | Preparing files to reimport...[39m[0m
[  45% ] [90m[1mreimport[22m | Preparing files to reimport...[39m[0m
[  45% ] [90m[1mreimport[22m | Preparing files to reimport...[39m[0m
[  45% ] [90m[1mreimport[22m | Preparing files to reimport...[39m[0m
[  45% ] [90m[1mreimport[22m | Preparing files to reimport...[39m[0m
[  45% ] [90m[1mreimport[22m | Preparing files to reimport...[39m[0m
[  45% ] [90m[1mreimport[22m | Preparing files to reimport...[39m[0m
[  45% ] [90m[1mreimport[22m | Preparing files to reimport...[39m[0m
[  45% ] [90m[1mreimport[22m | Preparing files to reimport...[39m[0m
[  45% ] [90m[1mreimport[22m | Preparing files to reimport...[39m[0m
[  45% ] [90m[1mreimport[22m | Preparing files to reimport...[39m[0m
[  45% ] [90m[1mreimport[22m | Preparing files to reimport...[39m[0m
[  45% ] [90m[1mreimport[22m | Preparing files to reimport...[39m[0m
[  45% ] [90m[1mreimport[22m | Preparing files to reimport...[39m[0m
[  45% ] [90m[1mreimport[22m | Preparing files to reimport...[39m[0m
[  45% ] [90m[1mreimport[22m | Preparing files to reimport...[39m[0m
[  45% ] [90m[1mreimport[22m | Preparing files to reimport...[39m[0m
[  45% ] [90m[1mreimport[22m | Preparing files to reimport...[39m[0m
[  45% ] [90m[1mreimport[22m | Preparing files to reimport...[39m[0m
[  45% ] [90m[1mreimport[22m | Preparing files to reimport...[39m[0m
[  45% ] [90m[1mreimport[22m | Preparing files to reimport...[39m[0m
[  46% ] [90m[1mreimport[22m | Preparing files to reimport...[39m[0m
[  46% ] [90m[1mreimport[22m | Preparing files to reimport...[39m[0m
[  46% ] [90m[1mreimport[22m | Preparing files to reimport...[39m[0m
[  46% ] [90m[1mreimport[22m | Preparing files to reimport...[39m[0m
[  46% ] [90m[1mreimport[22m | Preparing files to reimport...[39m[0m
[  46% ] [90m[1mreimport[22m | Preparing files to reimport...[39m[0m
[  46% ] [90m[1mreimport[22m | Preparing files to reimport...[39m[0m
[  46% ] [90m[1mreimport[22m | Preparing files to reimport...[39m[0m
[  46% ] [90m[1mreimport[22m | Preparing files to reimport...[39m[0m
[  46% ] [90m[1mreimport[22m | Preparing files to reimport...[39m[0m
[  46% ] [90m[1mreimport[22m | Preparing files to reimport...[39m[0m
[  46% ] [90m[1mreimport[22m | Preparing files to reimport...[39m[0m
[  46% ] [90m[1mreimport[22m | Preparing files to reimport...[39m[0m
[  46% ] [90m[1mreimport[22m | Preparing files to reimport...[39m[0m
[  46% ] [90m[1mreimport[22m | Preparing files to reimport...[39m[0m
[  46% ] [90m[1mreimport[22m | Preparing files to reimport...[39m[0m
[  46% ] [90m[1mreimport[22m | Preparing files to reimport...[39m[0m
[  46% ] [90m[1mreimport[22m | Preparing files to reimport...[39m[0m
[  46% ] [90m[1mreimport[22m | Preparing files to reimport...[39m[0m
[  46% ] [90m[1mreimport[22m | Preparing files to reimport...[39m[0m
[  46% ] [90m[1mreimport[22m | Preparing files to reimport...[39m[0m
[  46% ] [90m[1mreimport[22m | Preparing files to reimport...[39m[0m
[  46% ] [90m[1mreimport[22m | Preparing files to reimport...[39m[0m
[  46% ] [90m[1mreimport[22m | Preparing files to reimport...[39m[0m
[  46% ] [90m[1mreimport[22m | Preparing files to reimport...[39m[0m
[  46% ] [90m[1mreimport[22m | Preparing files to reimport...[39m[0m
[  46% ] [90m[1mreimport[22m | Preparing files to reimport...[39m[0m
[  46% ] [90m[1mreimport[22m | Preparing files to reimport...[39m[0m
[  46% ] [90m[1mreimport[22m | Preparing files to reimport...[39m[0m
[  46% ] [90m[1mreimport[22m | Preparing files to reimport...[39m[0m
[  47% ] [90m[1mreimport[22m | Preparing files to reimport...[39m[0m
[  47% ] [90m[1mreimport[22m | Preparing files to reimport...[39m[0m
[  47% ] [90m[1mreimport[22m | Preparing files to reimport...[39m[0m
[  47% ] [90m[1mreimport[22m | Preparing files to reimport...[39m[0m
[  47% ] [90m[1mreimport[22m | Preparing files to reimport...[39m[0m
[  47% ] [90m[1mreimport[22m | Preparing files to reimport...[39m[0m
[  47% ] [90m[1mreimport[22m | Preparing files to reimport...[39m[0m
[  47% ] [90m[1mreimport[22m | Preparing files to reimport...[39m[0m
[  47% ] [90m[1mreimport[22m | Preparing files to reimport...[39m[0m
[  47% ] [90m[1mreimport[22m | Preparing files to reimport...[39m[0m
[  47% ] [90m[1mreimport[22m | Preparing files to reimport...[39m[0m
[  47% ] [90m[1mreimport[22m | Preparing files to reimport...[39m[0m
[  47% ] [90m[1mreimport[22m | Preparing files to reimport...[39m[0m
[  47% ] [90m[1mreimport[22m | Preparing files to reimport...[39m[0m
[  47% ] [90m[1mreimport[22m | Preparing files to reimport...[39m[0m
[  47% ] [90m[1mreimport[22m | Preparing files to reimport...[39m[0m
[  47% ] [90m[1mreimport[22m | Preparing files to reimport...[39m[0m
[  47% ] [90m[1mreimport[22m | Preparing files to reimport...[39m[0m
[  47% ] [90m[1mreimport[22m | Preparing files to reimport...[39m[0m
[  47% ] [90m[1mreimport[22m | Preparing files to reimport...[39m[0m
[  47% ] [90m[1mreimport[22m | Preparing files to reimport...[39m[0m
[  47% ] [90m[1mreimport[22m | Preparing files to reimport...[39m[0m
[  47% ] [90m[1mreimport[22m | Preparing files to reimport...[39m[0m
[  47% ] [90m[1mreimport[22m | Preparing files to reimport...[39m[0m
[  47% ] [90m[1mreimport[22m | Preparing files to reimport...[39m[0m
[  47% ] [90m[1mreimport[22m | Preparing files to reimport...[39m[0m
[  47% ] [90m[1mreimport[22m | Preparing files to reimport...[39m[0m
[  47% ] [90m[1mreimport[22m | Preparing files to reimport...[39m[0m
[  47% ] [90m[1mreimport[22m | Preparing files to reimport...[39m[0m
[  47% ] [90m[1mreimport[22m | Preparing files to reimport...[39m[0m
[  48% ] [90m[1mreimport[22m | Preparing files to reimport...[39m[0m
[  48% ] [90m[1mreimport[22m | Preparing files to reimport...[39m[0m
[  48% ] [90m[1mreimport[22m | Preparing files to reimport...[39m[0m
[  48% ] [90m[1mreimport[22m | Preparing files to reimport...[39m[0m
[  48% ] [90m[1mreimport[22m | Preparing files to reimport...[39m[0m
[  48% ] [90m[1mreimport[22m | Preparing files to reimport...[39m[0m
[  48% ] [90m[1mreimport[22m | Preparing files to reimport...[39m[0m
[  48% ] [90m[1mreimport[22m | Preparing files to reimport...[39m[0m
[  48% ] [90m[1mreimport[22m | Preparing files to reimport...[39m[0m
[  48% ] [90m[1mreimport[22m | Preparing files to reimport...[39m[0m
[  48% ] [90m[1mreimport[22m | Preparing files to reimport...[39m[0m
[  48% ] [90m[1mreimport[22m | Preparing files to reimport...[39m[0m
[  48% ] [90m[1mreimport[22m | Preparing files to reimport...[39m[0m
[  48% ] [90m[1mreimport[22m | Preparing files to reimport...[39m[0m
[  48% ] [90m[1mreimport[22m | Preparing files to reimport...[39m[0m
[  48% ] [90m[1mreimport[22m | Preparing files to reimport...[39m[0m
[  48% ] [90m[1mreimport[22m | Preparing files to reimport...[39m[0m
[  48% ] [90m[1mreimport[22m | Preparing files to reimport...[39m[0m
[  48% ] [90m[1mreimport[22m | Preparing files to reimport...[39m[0m
[  48% ] [90m[1mreimport[22m | Preparing files to reimport...[39m[0m
[  48% ] [90m[1mreimport[22m | Preparing files to reimport...[39m[0m
[  48% ] [90m[1mreimport[22m | Preparing files to reimport...[39m[0m
[  48% ] [90m[1mreimport[22m | Preparing files to reimport...[39m[0m
[  48% ] [90m[1mreimport[22m | Preparing files to reimport...[39m[0m
[  48% ] [90m[1mreimport[22m | Preparing files to reimport...[39m[0m
[  48% ] [90m[1mreimport[22m | Preparing files to reimport...[39m[0m
[  48% ] [90m[1mreimport[22m | Preparing files to reimport...[39m[0m
[  48% ] [90m[1mreimport[22m | Preparing files to reimport...[39m[0m
[  48% ] [90m[1mreimport[22m | Preparing files to reimport...[39m[0m
[  48% ] [90m[1mreimport[22m | Preparing files to reimport...[39m[0m
[  49% ] [90m[1mreimport[22m | Preparing files to reimport...[39m[0m
[  49% ] [90m[1mreimport[22m | Preparing files to reimport...[39m[0m
[  49% ] [90m[1mreimport[22m | Preparing files to reimport...[39m[0m
[  49% ] [90m[1mreimport[22m | Preparing files to reimport...[39m[0m
[  49% ] [90m[1mreimport[22m | Preparing files to reimport...[39m[0m
[  49% ] [90m[1mreimport[22m | Preparing files to reimport...[39m[0m
[  49% ] [90m[1mreimport[22m | Preparing files to reimport...[39m[0m
[  49% ] [90m[1mreimport[22m | Preparing files to reimport...[39m[0m
[  49% ] [90m[1mreimport[22m | Preparing files to reimport...[39m[0m
[  49% ] [90m[1mreimport[22m | Preparing files to reimport...[39m[0m
[  49% ] [90m[1mreimport[22m | Preparing files to reimport...[39m[0m
[  49% ] [90m[1mreimport[22m | Preparing files to reimport...[39m[0m
[  49% ] [90m[1mreimport[22m | Preparing files to reimport...[39m[0m
[  49% ] [90m[1mreimport[22m | Preparing files to reimport...[39m[0m
[  49% ] [90m[1mreimport[22m | Preparing files to reimport...[39m[0m
[  49% ] [90m[1mreimport[22m | Preparing files to reimport...[39m[0m
[  49% ] [90m[1mreimport[22m | Preparing files to reimport...[39m[0m
[  49% ] [90m[1mreimport[22m | Preparing files to reimport...[39m[0m
[  49% ] [90m[1mreimport[22m | Preparing files to reimport...[39m[0m
[  49% ] [90m[1mreimport[22m | Preparing files to reimport...[39m[0m
[  49% ] [90m[1mreimport[22m | Preparing files to reimport...[39m[0m
[  49% ] [90m[1mreimport[22m | Preparing files to reimport...[39m[0m
[  49% ] [90m[1mreimport[22m | Preparing files to reimport...[39m[0m
[  49% ] [90m[1mreimport[22m | Preparing files to reimport...[39m[0m
[  49% ] [90m[1mreimport[22m | Preparing files to reimport...[39m[0m
[  49% ] [90m[1mreimport[22m | Preparing files to reimport...[39m[0m
[  49% ] [90m[1mreimport[22m | Preparing files to reimport...[39m[0m
[  49% ] [90m[1mreimport[22m | Preparing files to reimport...[39m[0m
[  49% ] [90m[1mreimport[22m | Preparing files to reimport...[39m[0m
[  50% ] [90m[1mreimport[22m | Preparing files to reimport...[39m[0m
[  50% ] [90m[1mreimport[22m | Preparing files to reimport...[39m[0m
[  50% ] [90m[1mreimport[22m | Preparing files to reimport...[39m[0m
[  50% ] [90m[1mreimport[22m | Preparing files to reimport...[39m[0m
[  50% ] [90m[1mreimport[22m | Preparing files to reimport...[39m[0m
[  50% ] [90m[1mreimport[22m | Preparing files to reimport...[39m[0m
[  50% ] [90m[1mreimport[22m | Preparing files to reimport...[39m[0m
[  50% ] [90m[1mreimport[22m | Preparing files to reimport...[39m[0m
[  50% ] [90m[1mreimport[22m | Preparing files to reimport...[39m[0m
[  50% ] [90m[1mreimport[22m | Preparing files to reimport...[39m[0m
[  50% ] [90m[1mreimport[22m | Preparing files to reimport...[39m[0m
[  50% ] [90m[1mreimport[22m | Preparing files to reimport...[39m[0m
[  50% ] [90m[1mreimport[22m | Preparing files to reimport...[39m[0m
[  50% ] [90m[1mreimport[22m | Preparing files to reimport...[39m[0m
[  50% ] [90m[1mreimport[22m | Preparing files to reimport...[39m[0m
[  50% ] [90m[1mreimport[22m | Preparing files to reimport...[39m[0m
[  50% ] [90m[1mreimport[22m | Preparing files to reimport...[39m[0m
[  50% ] [90m[1mreimport[22m | Preparing files to reimport...[39m[0m
[  50% ] [90m[1mreimport[22m | Preparing files to reimport...[39m[0m
[  50% ] [90m[1mreimport[22m | Preparing files to reimport...[39m[0m
[  50% ] [90m[1mreimport[22m | Preparing files to reimport...[39m[0m
[  50% ] [90m[1mreimport[22m | Preparing files to reimport...[39m[0m
[  50% ] [90m[1mreimport[22m | Preparing files to reimport...[39m[0m
[  50% ] [90m[1mreimport[22m | Preparing files to reimport...[39m[0m
[  50% ] [90m[1mreimport[22m | Preparing files to reimport...[39m[0m
[  50% ] [90m[1mreimport[22m | Preparing files to reimport...[39m[0m
[  50% ] [90m[1mreimport[22m | Preparing files to reimport...[39m[0m
[  50% ] [90m[1mreimport[22m | Preparing files to reimport...[39m[0m
[  50% ] [90m[1mreimport[22m | Preparing files to reimport...[39m[0m
[  50% ] [90m[1mreimport[22m | Preparing files to reimport...[39m[0m
[  51% ] [90m[1mreimport[22m | Preparing files to reimport...[39m[0m
[  51% ] [90m[1mreimport[22m | Preparing files to reimport...[39m[0m
[  51% ] [90m[1mreimport[22m | Preparing files to reimport...[39m[0m
[  51% ] [90m[1mreimport[22m | Preparing files to reimport...[39m[0m
[  51% ] [90m[1mreimport[22m | Preparing files to reimport...[39m[0m
[  51% ] [90m[1mreimport[22m | Preparing files to reimport...[39m[0m
[  51% ] [90m[1mreimport[22m | Preparing files to reimport...[39m[0m
[  51% ] [90m[1mreimport[22m | Preparing files to reimport...[39m[0m
[  51% ] [90m[1mreimport[22m | Preparing files to reimport...[39m[0m
[  51% ] [90m[1mreimport[22m | Preparing files to reimport...[39m[0m
[  51% ] [90m[1mreimport[22m | Preparing files to reimport...[39m[0m
[  51% ] [90m[1mreimport[22m | Preparing files to reimport...[39m[0m
[  51% ] [90m[1mreimport[22m | Preparing files to reimport...[39m[0m
[  51% ] [90m[1mreimport[22m | Preparing files to reimport...[39m[0m
[  51% ] [90m[1mreimport[22m | Preparing files to reimport...[39m[0m
[  51% ] [90m[1mreimport[22m | Preparing files to reimport...[39m[0m
[  51% ] [90m[1mreimport[22m | Preparing files to reimport...[39m[0m
[  51% ] [90m[1mreimport[22m | Preparing files to reimport...[39m[0m
[  51% ] [90m[1mreimport[22m | Preparing files to reimport...[39m[0m
[  51% ] [90m[1mreimport[22m | Preparing files to reimport...[39m[0m
[  51% ] [90m[1mreimport[22m | Preparing files to reimport...[39m[0m
[  51% ] [90m[1mreimport[22m | Preparing files to reimport...[39m[0m
[  51% ] [90m[1mreimport[22m | Preparing files to reimport...[39m[0m
[  51% ] [90m[1mreimport[22m | Preparing files to reimport...[39m[0m
[  51% ] [90m[1mreimport[22m | Preparing files to reimport...[39m[0m
[  51% ] [90m[1mreimport[22m | Preparing files to reimport...[39m[0m
[  51% ] [90m[1mreimport[22m | Preparing files to reimport...[39m[0m
[  51% ] [90m[1mreimport[22m | Preparing files to reimport...[39m[0m
[  51% ] [90m[1mreimport[22m | Preparing files to reimport...[39m[0m
[  51% ] [90m[1mreimport[22m | Preparing files to reimport...[39m[0m
[  52% ] [90m[1mreimport[22m | Preparing files to reimport...[39m[0m
[  52% ] [90m[1mreimport[22m | Preparing files to reimport...[39m[0m
[  52% ] [90m[1mreimport[22m | Preparing files to reimport...[39m[0m
[  52% ] [90m[1mreimport[22m | Preparing files to reimport...[39m[0m
[  52% ] [90m[1mreimport[22m | Preparing files to reimport...[39m[0m
[  52% ] [90m[1mreimport[22m | Preparing files to reimport...[39m[0m
[  52% ] [90m[1mreimport[22m | Preparing files to reimport...[39m[0m
[  52% ] [90m[1mreimport[22m | Preparing files to reimport...[39m[0m
[  52% ] [90m[1mreimport[22m | Preparing files to reimport...[39m[0m
[  52% ] [90m[1mreimport[22m | Preparing files to reimport...[39m[0m
[  52% ] [90m[1mreimport[22m | Preparing files to reimport...[39m[0m
[  52% ] [90m[1mreimport[22m | Preparing files to reimport...[39m[0m
[  52% ] [90m[1mreimport[22m | Preparing files to reimport...[39m[0m
[  52% ] [90m[1mreimport[22m | Preparing files to reimport...[39m[0m
[  52% ] [90m[1mreimport[22m | Preparing files to reimport...[39m[0m
[  52% ] [90m[1mreimport[22m | Preparing files to reimport...[39m[0m
[  52% ] [90m[1mreimport[22m | Preparing files to reimport...[39m[0m
[  52% ] [90m[1mreimport[22m | Preparing files to reimport...[39m[0m
[  52% ] [90m[1mreimport[22m | Preparing files to reimport...[39m[0m
[  52% ] [90m[1mreimport[22m | Preparing files to reimport...[39m[0m
[  52% ] [90m[1mreimport[22m | Preparing files to reimport...[39m[0m
[  52% ] [90m[1mreimport[22m | Preparing files to reimport...[39m[0m
[  52% ] [90m[1mreimport[22m | Preparing files to reimport...[39m[0m
[  52% ] [90m[1mreimport[22m | Preparing files to reimport...[39m[0m
[  52% ] [90m[1mreimport[22m | Preparing files to reimport...[39m[0m
[  52% ] [90m[1mreimport[22m | Preparing files to reimport...[39m[0m
[  52% ] [90m[1mreimport[22m | Preparing files to reimport...[39m[0m
[  52% ] [90m[1mreimport[22m | Preparing files to reimport...[39m[0m
[  52% ] [90m[1mreimport[22m | Preparing files to reimport...[39m[0m
[  52% ] [90m[1mreimport[22m | Preparing files to reimport...[39m[0m
[  53% ] [90m[1mreimport[22m | Preparing files to reimport...[39m[0m
[  53% ] [90m[1mreimport[22m | Preparing files to reimport...[39m[0m
[  53% ] [90m[1mreimport[22m | Preparing files to reimport...[39m[0m
[  53% ] [90m[1mreimport[22m | Preparing files to reimport...[39m[0m
[  53% ] [90m[1mreimport[22m | Preparing files to reimport...[39m[0m
[  53% ] [90m[1mreimport[22m | Preparing files to reimport...[39m[0m
[  53% ] [90m[1mreimport[22m | Preparing files to reimport...[39m[0m
[  53% ] [90m[1mreimport[22m | Preparing files to reimport...[39m[0m
[  53% ] [90m[1mreimport[22m | Preparing files to reimport...[39m[0m
[  53% ] [90m[1mreimport[22m | Preparing files to reimport...[39m[0m
[  53% ] [90m[1mreimport[22m | Preparing files to reimport...[39m[0m
[  53% ] [90m[1mreimport[22m | Preparing files to reimport...[39m[0m
[  53% ] [90m[1mreimport[22m | Preparing files to reimport...[39m[0m
[  53% ] [90m[1mreimport[22m | Preparing files to reimport...[39m[0m
[  53% ] [90m[1mreimport[22m | Preparing files to reimport...[39m[0m
[  53% ] [90m[1mreimport[22m | Preparing files to reimport...[39m[0m
[  53% ] [90m[1mreimport[22m | Preparing files to reimport...[39m[0m
[  53% ] [90m[1mreimport[22m | Preparing files to reimport...[39m[0m
[  53% ] [90m[1mreimport[22m | Preparing files to reimport...[39m[0m
[  53% ] [90m[1mreimport[22m | Preparing files to reimport...[39m[0m
[  53% ] [90m[1mreimport[22m | Preparing files to reimport...[39m[0m
[  53% ] [90m[1mreimport[22m | Preparing files to reimport...[39m[0m
[  53% ] [90m[1mreimport[22m | Preparing files to reimport...[39m[0m
[  53% ] [90m[1mreimport[22m | Preparing files to reimport...[39m[0m
[  53% ] [90m[1mreimport[22m | Preparing files to reimport...[39m[0m
[  53% ] [90m[1mreimport[22m | Preparing files to reimport...[39m[0m
[  53% ] [90m[1mreimport[22m | Preparing files to reimport...[39m[0m
[  53% ] [90m[1mreimport[22m | Preparing files to reimport...[39m[0m
[  53% ] [90m[1mreimport[22m | Preparing files to reimport...[39m[0m
[  53% ] [90m[1mreimport[22m | Preparing files to reimport...[39m[0m
[  54% ] [90m[1mreimport[22m | Preparing files to reimport...[39m[0m
[  54% ] [90m[1mreimport[22m | Preparing files to reimport...[39m[0m
[  54% ] [90m[1mreimport[22m | Preparing files to reimport...[39m[0m
[  54% ] [90m[1mreimport[22m | Preparing files to reimport...[39m[0m
[  54% ] [90m[1mreimport[22m | Preparing files to reimport...[39m[0m
[  54% ] [90m[1mreimport[22m | Preparing files to reimport...[39m[0m
[  54% ] [90m[1mreimport[22m | Preparing files to reimport...[39m[0m
[  54% ] [90m[1mreimport[22m | Preparing files to reimport...[39m[0m
[  54% ] [90m[1mreimport[22m | Preparing files to reimport...[39m[0m
[  54% ] [90m[1mreimport[22m | Preparing files to reimport...[39m[0m
[  54% ] [90m[1mreimport[22m | Preparing files to reimport...[39m[0m
[  54% ] [90m[1mreimport[22m | Preparing files to reimport...[39m[0m
[  54% ] [90m[1mreimport[22m | Preparing files to reimport...[39m[0m
[  54% ] [90m[1mreimport[22m | Preparing files to reimport...[39m[0m
[  54% ] [90m[1mreimport[22m | Preparing files to reimport...[39m[0m
[  54% ] [90m[1mreimport[22m | Preparing files to reimport...[39m[0m
[  54% ] [90m[1mreimport[22m | Preparing files to reimport...[39m[0m
[  54% ] [90m[1mreimport[22m | Preparing files to reimport...[39m[0m
[  54% ] [90m[1mreimport[22m | Preparing files to reimport...[39m[0m
[  54% ] [90m[1mreimport[22m | Preparing files to reimport...[39m[0m
[  54% ] [90m[1mreimport[22m | Preparing files to reimport...[39m[0m
[  54% ] [90m[1mreimport[22m | Preparing files to reimport...[39m[0m
[  54% ] [90m[1mreimport[22m | Preparing files to reimport...[39m[0m
[  54% ] [90m[1mreimport[22m | Preparing files to reimport...[39m[0m
[  54% ] [90m[1mreimport[22m | Preparing files to reimport...[39m[0m
[  54% ] [90m[1mreimport[22m | Preparing files to reimport...[39m[0m
[  54% ] [90m[1mreimport[22m | Preparing files to reimport...[39m[0m
[  54% ] [90m[1mreimport[22m | Preparing files to reimport...[39m[0m
[  54% ] [90m[1mreimport[22m | Preparing files to reimport...[39m[0m
[  54% ] [90m[1mreimport[22m | Preparing files to reimport...[39m[0m
[  55% ] [90m[1mreimport[22m | Preparing files to reimport...[39m[0m
[  55% ] [90m[1mreimport[22m | Preparing files to reimport...[39m[0m
[  55% ] [90m[1mreimport[22m | Preparing files to reimport...[39m[0m
[  55% ] [90m[1mreimport[22m | Preparing files to reimport...[39m[0m
[  55% ] [90m[1mreimport[22m | Preparing files to reimport...[39m[0m
[  55% ] [90m[1mreimport[22m | Preparing files to reimport...[39m[0m
[  55% ] [90m[1mreimport[22m | Preparing files to reimport...[39m[0m
[  55% ] [90m[1mreimport[22m | Preparing files to reimport...[39m[0m
[  55% ] [90m[1mreimport[22m | Preparing files to reimport...[39m[0m
[  55% ] [90m[1mreimport[22m | Preparing files to reimport...[39m[0m
[  55% ] [90m[1mreimport[22m | Preparing files to reimport...[39m[0m
[  55% ] [90m[1mreimport[22m | Preparing files to reimport...[39m[0m
[  55% ] [90m[1mreimport[22m | Preparing files to reimport...[39m[0m
[  55% ] [90m[1mreimport[22m | Preparing files to reimport...[39m[0m
[  55% ] [90m[1mreimport[22m | Preparing files to reimport...[39m[0m
[  55% ] [90m[1mreimport[22m | Preparing files to reimport...[39m[0m
[  55% ] [90m[1mreimport[22m | Preparing files to reimport...[39m[0m
[  55% ] [90m[1mreimport[22m | Preparing files to reimport...[39m[0m
[  55% ] [90m[1mreimport[22m | Preparing files to reimport...[39m[0m
[  55% ] [90m[1mreimport[22m | Preparing files to reimport...[39m[0m
[  55% ] [90m[1mreimport[22m | Preparing files to reimport...[39m[0m
[  55% ] [90m[1mreimport[22m | Preparing files to reimport...[39m[0m
[  55% ] [90m[1mreimport[22m | Preparing files to reimport...[39m[0m
[  55% ] [90m[1mreimport[22m | Preparing files to reimport...[39m[0m
[  55% ] [90m[1mreimport[22m | Preparing files to reimport...[39m[0m
[  55% ] [90m[1mreimport[22m | Preparing files to reimport...[39m[0m
[  55% ] [90m[1mreimport[22m | Preparing files to reimport...[39m[0m
[  55% ] [90m[1mreimport[22m | Preparing files to reimport...[39m[0m
[  55% ] [90m[1mreimport[22m | Preparing files to reimport...[39m[0m
[  55% ] [90m[1mreimport[22m | Preparing files to reimport...[39m[0m
[  56% ] [90m[1mreimport[22m | Preparing files to reimport...[39m[0m
[  56% ] [90m[1mreimport[22m | Preparing files to reimport...[39m[0m
[  56% ] [90m[1mreimport[22m | Preparing files to reimport...[39m[0m
[  56% ] [90m[1mreimport[22m | Preparing files to reimport...[39m[0m
[  56% ] [90m[1mreimport[22m | Preparing files to reimport...[39m[0m
[  56% ] [90m[1mreimport[22m | Preparing files to reimport...[39m[0m
[  56% ] [90m[1mreimport[22m | Preparing files to reimport...[39m[0m
[  56% ] [90m[1mreimport[22m | Preparing files to reimport...[39m[0m
[  56% ] [90m[1mreimport[22m | Preparing files to reimport...[39m[0m
[  56% ] [90m[1mreimport[22m | Preparing files to reimport...[39m[0m
[  56% ] [90m[1mreimport[22m | Preparing files to reimport...[39m[0m
[  56% ] [90m[1mreimport[22m | Preparing files to reimport...[39m[0m
[  56% ] [90m[1mreimport[22m | Preparing files to reimport...[39m[0m
[  56% ] [90m[1mreimport[22m | Preparing files to reimport...[39m[0m
[  56% ] [90m[1mreimport[22m | Preparing files to reimport...[39m[0m
[  56% ] [90m[1mreimport[22m | Preparing files to reimport...[39m[0m
[  56% ] [90m[1mreimport[22m | Preparing files to reimport...[39m[0m
[  56% ] [90m[1mreimport[22m | Preparing files to reimport...[39m[0m
[  56% ] [90m[1mreimport[22m | Preparing files to reimport...[39m[0m
[  56% ] [90m[1mreimport[22m | Preparing files to reimport...[39m[0m
[  56% ] [90m[1mreimport[22m | Preparing files to reimport...[39m[0m
[  56% ] [90m[1mreimport[22m | Preparing files to reimport...[39m[0m
[  56% ] [90m[1mreimport[22m | Preparing files to reimport...[39m[0m
[  56% ] [90m[1mreimport[22m | Preparing files to reimport...[39m[0m
[  56% ] [90m[1mreimport[22m | Preparing files to reimport...[39m[0m
[  56% ] [90m[1mreimport[22m | Preparing files to reimport...[39m[0m
[  56% ] [90m[1mreimport[22m | Preparing files to reimport...[39m[0m
[  56% ] [90m[1mreimport[22m | Preparing files to reimport...[39m[0m
[  56% ] [90m[1mreimport[22m | Preparing files to reimport...[39m[0m
[  56% ] [90m[1mreimport[22m | Preparing files to reimport...[39m[0m
[  57% ] [90m[1mreimport[22m | Preparing files to reimport...[39m[0m
[  57% ] [90m[1mreimport[22m | Preparing files to reimport...[39m[0m
[  57% ] [90m[1mreimport[22m | Preparing files to reimport...[39m[0m
[  57% ] [90m[1mreimport[22m | Preparing files to reimport...[39m[0m
[  57% ] [90m[1mreimport[22m | Preparing files to reimport...[39m[0m
[  57% ] [90m[1mreimport[22m | Preparing files to reimport...[39m[0m
[  57% ] [90m[1mreimport[22m | Preparing files to reimport...[39m[0m
[  57% ] [90m[1mreimport[22m | Preparing files to reimport...[39m[0m
[  57% ] [90m[1mreimport[22m | Preparing files to reimport...[39m[0m
[  57% ] [90m[1mreimport[22m | Preparing files to reimport...[39m[0m
[  57% ] [90m[1mreimport[22m | Preparing files to reimport...[39m[0m
[  57% ] [90m[1mreimport[22m | Preparing files to reimport...[39m[0m
[  57% ] [90m[1mreimport[22m | Preparing files to reimport...[39m[0m
[  57% ] [90m[1mreimport[22m | Preparing files to reimport...[39m[0m
[  57% ] [90m[1mreimport[22m | Preparing files to reimport...[39m[0m
[  57% ] [90m[1mreimport[22m | Preparing files to reimport...[39m[0m
[  57% ] [90m[1mreimport[22m | Preparing files to reimport...[39m[0m
[  57% ] [90m[1mreimport[22m | Preparing files to reimport...[39m[0m
[  57% ] [90m[1mreimport[22m | Preparing files to reimport...[39m[0m
[  57% ] [90m[1mreimport[22m | Preparing files to reimport...[39m[0m
[  57% ] [90m[1mreimport[22m | Preparing files to reimport...[39m[0m
[  57% ] [90m[1mreimport[22m | Preparing files to reimport...[39m[0m
[  57% ] [90m[1mreimport[22m | Preparing files to reimport...[39m[0m
[  57% ] [90m[1mreimport[22m | Preparing files to reimport...[39m[0m
[  57% ] [90m[1mreimport[22m | Preparing files to reimport...[39m[0m
[  57% ] [90m[1mreimport[22m | Preparing files to reimport...[39m[0m
[  57% ] [90m[1mreimport[22m | Preparing files to reimport...[39m[0m
[  57% ] [90m[1mreimport[22m | Preparing files to reimport...[39m[0m
[  57% ] [90m[1mreimport[22m | Preparing files to reimport...[39m[0m
[  57% ] [90m[1mreimport[22m | Preparing files to reimport...[39m[0m
[  58% ] [90m[1mreimport[22m | Preparing files to reimport...[39m[0m
[  58% ] [90m[1mreimport[22m | Preparing files to reimport...[39m[0m
[  58% ] [90m[1mreimport[22m | Preparing files to reimport...[39m[0m
[  58% ] [90m[1mreimport[22m | Preparing files to reimport...[39m[0m
[  58% ] [90m[1mreimport[22m | Preparing files to reimport...[39m[0m
[  58% ] [90m[1mreimport[22m | Preparing files to reimport...[39m[0m
[  58% ] [90m[1mreimport[22m | Preparing files to reimport...[39m[0m
[  58% ] [90m[1mreimport[22m | Preparing files to reimport...[39m[0m
[  58% ] [90m[1mreimport[22m | Preparing files to reimport...[39m[0m
[  58% ] [90m[1mreimport[22m | Preparing files to reimport...[39m[0m
[  58% ] [90m[1mreimport[22m | Preparing files to reimport...[39m[0m
[  58% ] [90m[1mreimport[22m | Preparing files to reimport...[39m[0m
[  58% ] [90m[1mreimport[22m | Preparing files to reimport...[39m[0m
[  58% ] [90m[1mreimport[22m | Preparing files to reimport...[39m[0m
[  58% ] [90m[1mreimport[22m | Preparing files to reimport...[39m[0m
[  58% ] [90m[1mreimport[22m | Preparing files to reimport...[39m[0m
[  58% ] [90m[1mreimport[22m | Preparing files to reimport...[39m[0m
[  58% ] [90m[1mreimport[22m | Preparing files to reimport...[39m[0m
[  58% ] [90m[1mreimport[22m | Preparing files to reimport...[39m[0m
[  58% ] [90m[1mreimport[22m | Preparing files to reimport...[39m[0m
[  58% ] [90m[1mreimport[22m | Preparing files to reimport...[39m[0m
[  58% ] [90m[1mreimport[22m | Preparing files to reimport...[39m[0m
[  58% ] [90m[1mreimport[22m | Preparing files to reimport...[39m[0m
[  58% ] [90m[1mreimport[22m | Preparing files to reimport...[39m[0m
[  58% ] [90m[1mreimport[22m | Preparing files to reimport...[39m[0m
[  58% ] [90m[1mreimport[22m | Preparing files to reimport...[39m[0m
[  58% ] [90m[1mreimport[22m | Preparing files to reimport...[39m[0m
[  58% ] [90m[1mreimport[22m | Preparing files to reimport...[39m[0m
[  58% ] [90m[1mreimport[22m | Preparing files to reimport...[39m[0m
[  58% ] [90m[1mreimport[22m | Preparing files to reimport...[39m[0m
[  59% ] [90m[1mreimport[22m | Preparing files to reimport...[39m[0m
[  59% ] [90m[1mreimport[22m | Preparing files to reimport...[39m[0m
[  59% ] [90m[1mreimport[22m | Preparing files to reimport...[39m[0m
[  59% ] [90m[1mreimport[22m | Preparing files to reimport...[39m[0m
[  59% ] [90m[1mreimport[22m | Preparing files to reimport...[39m[0m
[  59% ] [90m[1mreimport[22m | Preparing files to reimport...[39m[0m
[  59% ] [90m[1mreimport[22m | Preparing files to reimport...[39m[0m
[  59% ] [90m[1mreimport[22m | Preparing files to reimport...[39m[0m
[  59% ] [90m[1mreimport[22m | Preparing files to reimport...[39m[0m
[  59% ] [90m[1mreimport[22m | Preparing files to reimport...[39m[0m
[  59% ] [90m[1mreimport[22m | Preparing files to reimport...[39m[0m
[  59% ] [90m[1mreimport[22m | Preparing files to reimport...[39m[0m
[  59% ] [90m[1mreimport[22m | Preparing files to reimport...[39m[0m
[  59% ] [90m[1mreimport[22m | Preparing files to reimport...[39m[0m
[  59% ] [90m[1mreimport[22m | Preparing files to reimport...[39m[0m
[  59% ] [90m[1mreimport[22m | Preparing files to reimport...[39m[0m
[  59% ] [90m[1mreimport[22m | Preparing files to reimport...[39m[0m
[  59% ] [90m[1mreimport[22m | Preparing files to reimport...[39m[0m
[  59% ] [90m[1mreimport[22m | Preparing files to reimport...[39m[0m
[  59% ] [90m[1mreimport[22m | Preparing files to reimport...[39m[0m
[  59% ] [90m[1mreimport[22m | Preparing files to reimport...[39m[0m
[  59% ] [90m[1mreimport[22m | Preparing files to reimport...[39m[0m
[  59% ] [90m[1mreimport[22m | Preparing files to reimport...[39m[0m
[  59% ] [90m[1mreimport[22m | Preparing files to reimport...[39m[0m
[  59% ] [90m[1mreimport[22m | Preparing files to reimport...[39m[0m
[  59% ] [90m[1mreimport[22m | Preparing files to reimport...[39m[0m
[  59% ] [90m[1mreimport[22m | Preparing files to reimport...[39m[0m
[  59% ] [90m[1mreimport[22m | Preparing files to reimport...[39m[0m
[  59% ] [90m[1mreimport[22m | Preparing files to reimport...[39m[0m
[  59% ] [90m[1mreimport[22m | Preparing files to reimport...[39m[0m
[  60% ] [90m[1mreimport[22m | Preparing files to reimport...[39m[0m
[  60% ] [90m[1mreimport[22m | Preparing files to reimport...[39m[0m
[  60% ] [90m[1mreimport[22m | Preparing files to reimport...[39m[0m
[  60% ] [90m[1mreimport[22m | Preparing files to reimport...[39m[0m
[  60% ] [90m[1mreimport[22m | Preparing files to reimport...[39m[0m
[  60% ] [90m[1mreimport[22m | Preparing files to reimport...[39m[0m
[  60% ] [90m[1mreimport[22m | Preparing files to reimport...[39m[0m
[  60% ] [90m[1mreimport[22m | Preparing files to reimport...[39m[0m
[  60% ] [90m[1mreimport[22m | Preparing files to reimport...[39m[0m
[  60% ] [90m[1mreimport[22m | Preparing files to reimport...[39m[0m
[  60% ] [90m[1mreimport[22m | Preparing files to reimport...[39m[0m
[  60% ] [90m[1mreimport[22m | Preparing files to reimport...[39m[0m
[  60% ] [90m[1mreimport[22m | Preparing files to reimport...[39m[0m
[  60% ] [90m[1mreimport[22m | Preparing files to reimport...[39m[0m
[  60% ] [90m[1mreimport[22m | Preparing files to reimport...[39m[0m
[  60% ] [90m[1mreimport[22m | Preparing files to reimport...[39m[0m
[  60% ] [90m[1mreimport[22m | Preparing files to reimport...[39m[0m
[  60% ] [90m[1mreimport[22m | Preparing files to reimport...[39m[0m
[  60% ] [90m[1mreimport[22m | Preparing files to reimport...[39m[0m
[  60% ] [90m[1mreimport[22m | Preparing files to reimport...[39m[0m
[  60% ] [90m[1mreimport[22m | Preparing files to reimport...[39m[0m
[  60% ] [90m[1mreimport[22m | Preparing files to reimport...[39m[0m
[  60% ] [90m[1mreimport[22m | Preparing files to reimport...[39m[0m
[  60% ] [90m[1mreimport[22m | Preparing files to reimport...[39m[0m
[  60% ] [90m[1mreimport[22m | Preparing files to reimport...[39m[0m
[  60% ] [90m[1mreimport[22m | Preparing files to reimport...[39m[0m
[  60% ] [90m[1mreimport[22m | Preparing files to reimport...[39m[0m
[  60% ] [90m[1mreimport[22m | Preparing files to reimport...[39m[0m
[  60% ] [90m[1mreimport[22m | Preparing files to reimport...[39m[0m
[  60% ] [90m[1mreimport[22m | Preparing files to reimport...[39m[0m
[  61% ] [90m[1mreimport[22m | Preparing files to reimport...[39m[0m
[  61% ] [90m[1mreimport[22m | Preparing files to reimport...[39m[0m
[  61% ] [90m[1mreimport[22m | Preparing files to reimport...[39m[0m
[  61% ] [90m[1mreimport[22m | Preparing files to reimport...[39m[0m
[  61% ] [90m[1mreimport[22m | Preparing files to reimport...[39m[0m
[  61% ] [90m[1mreimport[22m | Preparing files to reimport...[39m[0m
[  61% ] [90m[1mreimport[22m | Preparing files to reimport...[39m[0m
[  61% ] [90m[1mreimport[22m | Preparing files to reimport...[39m[0m
[  61% ] [90m[1mreimport[22m | Preparing files to reimport...[39m[0m
[  61% ] [90m[1mreimport[22m | Preparing files to reimport...[39m[0m
[  61% ] [90m[1mreimport[22m | Preparing files to reimport...[39m[0m
[  61% ] [90m[1mreimport[22m | Preparing files to reimport...[39m[0m
[  61% ] [90m[1mreimport[22m | Preparing files to reimport...[39m[0m
[  61% ] [90m[1mreimport[22m | Preparing files to reimport...[39m[0m
[  61% ] [90m[1mreimport[22m | Preparing files to reimport...[39m[0m
[  61% ] [90m[1mreimport[22m | Preparing files to reimport...[39m[0m
[  61% ] [90m[1mreimport[22m | Preparing files to reimport...[39m[0m
[  61% ] [90m[1mreimport[22m | Preparing files to reimport...[39m[0m
[  61% ] [90m[1mreimport[22m | Preparing files to reimport...[39m[0m
[  61% ] [90m[1mreimport[22m | Preparing files to reimport...[39m[0m
[  61% ] [90m[1mreimport[22m | Preparing files to reimport...[39m[0m
[  61% ] [90m[1mreimport[22m | Preparing files to reimport...[39m[0m
[  61% ] [90m[1mreimport[22m | Preparing files to reimport...[39m[0m
[  61% ] [90m[1mreimport[22m | Preparing files to reimport...[39m[0m
[  61% ] [90m[1mreimport[22m | Preparing files to reimport...[39m[0m
[  61% ] [90m[1mreimport[22m | Preparing files to reimport...[39m[0m
[  61% ] [90m[1mreimport[22m | Preparing files to reimport...[39m[0m
[  61% ] [90m[1mreimport[22m | Preparing files to reimport...[39m[0m
[  61% ] [90m[1mreimport[22m | Preparing files to reimport...[39m[0m
[  61% ] [90m[1mreimport[22m | Preparing files to reimport...[39m[0m
[  62% ] [90m[1mreimport[22m | Preparing files to reimport...[39m[0m
[  62% ] [90m[1mreimport[22m | Preparing files to reimport...[39m[0m
[  62% ] [90m[1mreimport[22m | Preparing files to reimport...[39m[0m
[  62% ] [90m[1mreimport[22m | Preparing files to reimport...[39m[0m
[  62% ] [90m[1mreimport[22m | Preparing files to reimport...[39m[0m
[  62% ] [90m[1mreimport[22m | Preparing files to reimport...[39m[0m
[  62% ] [90m[1mreimport[22m | Preparing files to reimport...[39m[0m
[  62% ] [90m[1mreimport[22m | Preparing files to reimport...[39m[0m
[  62% ] [90m[1mreimport[22m | Preparing files to reimport...[39m[0m
[  62% ] [90m[1mreimport[22m | Preparing files to reimport...[39m[0m
[  62% ] [90m[1mreimport[22m | Preparing files to reimport...[39m[0m
[  62% ] [90m[1mreimport[22m | Preparing files to reimport...[39m[0m
[  62% ] [90m[1mreimport[22m | Preparing files to reimport...[39m[0m
[  62% ] [90m[1mreimport[22m | Preparing files to reimport...[39m[0m
[  62% ] [90m[1mreimport[22m | Preparing files to reimport...[39m[0m
[  62% ] [90m[1mreimport[22m | Preparing files to reimport...[39m[0m
[  62% ] [90m[1mreimport[22m | Preparing files to reimport...[39m[0m
[  62% ] [90m[1mreimport[22m | Preparing files to reimport...[39m[0m
[  62% ] [90m[1mreimport[22m | Preparing files to reimport...[39m[0m
[  62% ] [90m[1mreimport[22m | Preparing files to reimport...[39m[0m
[  62% ] [90m[1mreimport[22m | Preparing files to reimport...[39m[0m
[  62% ] [90m[1mreimport[22m | Preparing files to reimport...[39m[0m
[  62% ] [90m[1mreimport[22m | Preparing files to reimport...[39m[0m
[  62% ] [90m[1mreimport[22m | Preparing files to reimport...[39m[0m
[  62% ] [90m[1mreimport[22m | Preparing files to reimport...[39m[0m
[  62% ] [90m[1mreimport[22m | Preparing files to reimport...[39m[0m
[  62% ] [90m[1mreimport[22m | Preparing files to reimport...[39m[0m
[  62% ] [90m[1mreimport[22m | Preparing files to reimport...[39m[0m
[  62% ] [90m[1mreimport[22m | Preparing files to reimport...[39m[0m
[  63% ] [90m[1mreimport[22m | Preparing files to reimport...[39m[0m
[  63% ] [90m[1mreimport[22m | Preparing files to reimport...[39m[0m
[  63% ] [90m[1mreimport[22m | Preparing files to reimport...[39m[0m
[  63% ] [90m[1mreimport[22m | Preparing files to reimport...[39m[0m
[  63% ] [90m[1mreimport[22m | Preparing files to reimport...[39m[0m
[  63% ] [90m[1mreimport[22m | Preparing files to reimport...[39m[0m
[  63% ] [90m[1mreimport[22m | Preparing files to reimport...[39m[0m
[  63% ] [90m[1mreimport[22m | Preparing files to reimport...[39m[0m
[  63% ] [90m[1mreimport[22m | Preparing files to reimport...[39m[0m
[  63% ] [90m[1mreimport[22m | Preparing files to reimport...[39m[0m
[  63% ] [90m[1mreimport[22m | Preparing files to reimport...[39m[0m
[  63% ] [90m[1mreimport[22m | Preparing files to reimport...[39m[0m
[  63% ] [90m[1mreimport[22m | Preparing files to reimport...[39m[0m
[  63% ] [90m[1mreimport[22m | Preparing files to reimport...[39m[0m
[  63% ] [90m[1mreimport[22m | Preparing files to reimport...[39m[0m
[  63% ] [90m[1mreimport[22m | Preparing files to reimport...[39m[0m
[  63% ] [90m[1mreimport[22m | Preparing files to reimport...[39m[0m
[  63% ] [90m[1mreimport[22m | Preparing files to reimport...[39m[0m
[  63% ] [90m[1mreimport[22m | Preparing files to reimport...[39m[0m
[  63% ] [90m[1mreimport[22m | Preparing files to reimport...[39m[0m
[  63% ] [90m[1mreimport[22m | Preparing files to reimport...[39m[0m
[  63% ] [90m[1mreimport[22m | Preparing files to reimport...[39m[0m
[  63% ] [90m[1mreimport[22m | Preparing files to reimport...[39m[0m
[  63% ] [90m[1mreimport[22m | Preparing files to reimport...[39m[0m
[  63% ] [90m[1mreimport[22m | Preparing files to reimport...[39m[0m
[  63% ] [90m[1mreimport[22m | Preparing files to reimport...[39m[0m
[  63% ] [90m[1mreimport[22m | Preparing files to reimport...[39m[0m
[  63% ] [90m[1mreimport[22m | Preparing files to reimport...[39m[0m
[  63% ] [90m[1mreimport[22m | Preparing files to reimport...[39m[0m
[  63% ] [90m[1mreimport[22m | Preparing files to reimport...[39m[0m
[  64% ] [90m[1mreimport[22m | Preparing files to reimport...[39m[0m
[  64% ] [90m[1mreimport[22m | Preparing files to reimport...[39m[0m
[  64% ] [90m[1mreimport[22m | Preparing files to reimport...[39m[0m
[  64% ] [90m[1mreimport[22m | Preparing files to reimport...[39m[0m
[  64% ] [90m[1mreimport[22m | Preparing files to reimport...[39m[0m
[  64% ] [90m[1mreimport[22m | Preparing files to reimport...[39m[0m
[  64% ] [90m[1mreimport[22m | Preparing files to reimport...[39m[0m
[  64% ] [90m[1mreimport[22m | Preparing files to reimport...[39m[0m
[  64% ] [90m[1mreimport[22m | Preparing files to reimport...[39m[0m
[  64% ] [90m[1mreimport[22m | Preparing files to reimport...[39m[0m
[  64% ] [90m[1mreimport[22m | Preparing files to reimport...[39m[0m
[  64% ] [90m[1mreimport[22m | Preparing files to reimport...[39m[0m
[  64% ] [90m[1mreimport[22m | Preparing files to reimport...[39m[0m
[  64% ] [90m[1mreimport[22m | Preparing files to reimport...[39m[0m
[  64% ] [90m[1mreimport[22m | Preparing files to reimport...[39m[0m
[  64% ] [90m[1mreimport[22m | Preparing files to reimport...[39m[0m
[  64% ] [90m[1mreimport[22m | Preparing files to reimport...[39m[0m
[  64% ] [90m[1mreimport[22m | Preparing files to reimport...[39m[0m
[  64% ] [90m[1mreimport[22m | Preparing files to reimport...[39m[0m
[  64% ] [90m[1mreimport[22m | Preparing files to reimport...[39m[0m
[  64% ] [90m[1mreimport[22m | Preparing files to reimport...[39m[0m
[  64% ] [90m[1mreimport[22m | Preparing files to reimport...[39m[0m
[  64% ] [90m[1mreimport[22m | Preparing files to reimport...[39m[0m
[  64% ] [90m[1mreimport[22m | Preparing files to reimport...[39m[0m
[  64% ] [90m[1mreimport[22m | Preparing files to reimport...[39m[0m
[  64% ] [90m[1mreimport[22m | Preparing files to reimport...[39m[0m
[  64% ] [90m[1mreimport[22m | Preparing files to reimport...[39m[0m
[  64% ] [90m[1mreimport[22m | Preparing files to reimport...[39m[0m
[  64% ] [90m[1mreimport[22m | Preparing files to reimport...[39m[0m
[  64% ] [90m[1mreimport[22m | Preparing files to reimport...[39m[0m
[  65% ] [90m[1mreimport[22m | Preparing files to reimport...[39m[0m
[  65% ] [90m[1mreimport[22m | Preparing files to reimport...[39m[0m
[  65% ] [90m[1mreimport[22m | Preparing files to reimport...[39m[0m
[  65% ] [90m[1mreimport[22m | Preparing files to reimport...[39m[0m
[  65% ] [90m[1mreimport[22m | Preparing files to reimport...[39m[0m
[  65% ] [90m[1mreimport[22m | Preparing files to reimport...[39m[0m
[  65% ] [90m[1mreimport[22m | Preparing files to reimport...[39m[0m
[  65% ] [90m[1mreimport[22m | Preparing files to reimport...[39m[0m
[  65% ] [90m[1mreimport[22m | Preparing files to reimport...[39m[0m
[  65% ] [90m[1mreimport[22m | Preparing files to reimport...[39m[0m
[  65% ] [90m[1mreimport[22m | Preparing files to reimport...[39m[0m
[  65% ] [90m[1mreimport[22m | Preparing files to reimport...[39m[0m
[  65% ] [90m[1mreimport[22m | Preparing files to reimport...[39m[0m
[  65% ] [90m[1mreimport[22m | Preparing files to reimport...[39m[0m
[  65% ] [90m[1mreimport[22m | Preparing files to reimport...[39m[0m
[  65% ] [90m[1mreimport[22m | Preparing files to reimport...[39m[0m
[  65% ] [90m[1mreimport[22m | Preparing files to reimport...[39m[0m
[  65% ] [90m[1mreimport[22m | Preparing files to reimport...[39m[0m
[  65% ] [90m[1mreimport[22m | Preparing files to reimport...[39m[0m
[  65% ] [90m[1mreimport[22m | Preparing files to reimport...[39m[0m
[  65% ] [90m[1mreimport[22m | Preparing files to reimport...[39m[0m
[  65% ] [90m[1mreimport[22m | Preparing files to reimport...[39m[0m
[  65% ] [90m[1mreimport[22m | Preparing files to reimport...[39m[0m
[  65% ] [90m[1mreimport[22m | Preparing files to reimport...[39m[0m
[  65% ] [90m[1mreimport[22m | Preparing files to reimport...[39m[0m
[  65% ] [90m[1mreimport[22m | Preparing files to reimport...[39m[0m
[  65% ] [90m[1mreimport[22m | Preparing files to reimport...[39m[0m
[  65% ] [90m[1mreimport[22m | Preparing files to reimport...[39m[0m
[  65% ] [90m[1mreimport[22m | Preparing files to reimport...[39m[0m
[  65% ] [90m[1mreimport[22m | Preparing files to reimport...[39m[0m
[  66% ] [90m[1mreimport[22m | Preparing files to reimport...[39m[0m
[  66% ] [90m[1mreimport[22m | Preparing files to reimport...[39m[0m
[  66% ] [90m[1mreimport[22m | Preparing files to reimport...[39m[0m
[  66% ] [90m[1mreimport[22m | Preparing files to reimport...[39m[0m
[  66% ] [90m[1mreimport[22m | Preparing files to reimport...[39m[0m
[  66% ] [90m[1mreimport[22m | Preparing files to reimport...[39m[0m
[  66% ] [90m[1mreimport[22m | Preparing files to reimport...[39m[0m
[  66% ] [90m[1mreimport[22m | Preparing files to reimport...[39m[0m
[  66% ] [90m[1mreimport[22m | Preparing files to reimport...[39m[0m
[  66% ] [90m[1mreimport[22m | Preparing files to reimport...[39m[0m
[  66% ] [90m[1mreimport[22m | Preparing files to reimport...[39m[0m
[  66% ] [90m[1mreimport[22m | Preparing files to reimport...[39m[0m
[  66% ] [90m[1mreimport[22m | Preparing files to reimport...[39m[0m
[  66% ] [90m[1mreimport[22m | Preparing files to reimport...[39m[0m
[  66% ] [90m[1mreimport[22m | Preparing files to reimport...[39m[0m
[  66% ] [90m[1mreimport[22m | Preparing files to reimport...[39m[0m
[  66% ] [90m[1mreimport[22m | Preparing files to reimport...[39m[0m
[  66% ] [90m[1mreimport[22m | Preparing files to reimport...[39m[0m
[  66% ] [90m[1mreimport[22m | Preparing files to reimport...[39m[0m
[  66% ] [90m[1mreimport[22m | Preparing files to reimport...[39m[0m
[  66% ] [90m[1mreimport[22m | Preparing files to reimport...[39m[0m
[  66% ] [90m[1mreimport[22m | Preparing files to reimport...[39m[0m
[  66% ] [90m[1mreimport[22m | Preparing files to reimport...[39m[0m
[  66% ] [90m[1mreimport[22m | Preparing files to reimport...[39m[0m
[  66% ] [90m[1mreimport[22m | Preparing files to reimport...[39m[0m
[  66% ] [90m[1mreimport[22m | Preparing files to reimport...[39m[0m
[  66% ] [90m[1mreimport[22m | Preparing files to reimport...[39m[0m
[  66% ] [90m[1mreimport[22m | Preparing files to reimport...[39m[0m
[  66% ] [90m[1mreimport[22m | Preparing files to reimport...[39m[0m
[  66% ] [90m[1mreimport[22m | Preparing files to reimport...[39m[0m
[  67% ] [90m[1mreimport[22m | Preparing files to reimport...[39m[0m
[  67% ] [90m[1mreimport[22m | Preparing files to reimport...[39m[0m
[  67% ] [90m[1mreimport[22m | Preparing files to reimport...[39m[0m
[  67% ] [90m[1mreimport[22m | Preparing files to reimport...[39m[0m
[  67% ] [90m[1mreimport[22m | Preparing files to reimport...[39m[0m
[  67% ] [90m[1mreimport[22m | Preparing files to reimport...[39m[0m
[  67% ] [90m[1mreimport[22m | Preparing files to reimport...[39m[0m
[  67% ] [90m[1mreimport[22m | Preparing files to reimport...[39m[0m
[  67% ] [90m[1mreimport[22m | Preparing files to reimport...[39m[0m
[  67% ] [90m[1mreimport[22m | Preparing files to reimport...[39m[0m
[  67% ] [90m[1mreimport[22m | Preparing files to reimport...[39m[0m
[  67% ] [90m[1mreimport[22m | Preparing files to reimport...[39m[0m
[  67% ] [90m[1mreimport[22m | Preparing files to reimport...[39m[0m
[  67% ] [90m[1mreimport[22m | Preparing files to reimport...[39m[0m
[  67% ] [90m[1mreimport[22m | Preparing files to reimport...[39m[0m
[  67% ] [90m[1mreimport[22m | Preparing files to reimport...[39m[0m
[  67% ] [90m[1mreimport[22m | Preparing files to reimport...[39m[0m
[  67% ] [90m[1mreimport[22m | Preparing files to reimport...[39m[0m
[  67% ] [90m[1mreimport[22m | Preparing files to reimport...[39m[0m
[  67% ] [90m[1mreimport[22m | Preparing files to reimport...[39m[0m
[  67% ] [90m[1mreimport[22m | Preparing files to reimport...[39m[0m
[  67% ] [90m[1mreimport[22m | Preparing files to reimport...[39m[0m
[  67% ] [90m[1mreimport[22m | Preparing files to reimport...[39m[0m
[  67% ] [90m[1mreimport[22m | Preparing files to reimport...[39m[0m
[  67% ] [90m[1mreimport[22m | Preparing files to reimport...[39m[0m
[  67% ] [90m[1mreimport[22m | Preparing files to reimport...[39m[0m
[  67% ] [90m[1mreimport[22m | Preparing files to reimport...[39m[0m
[  67% ] [90m[1mreimport[22m | Preparing files to reimport...[39m[0m
[  67% ] [90m[1mreimport[22m | Preparing files to reimport...[39m[0m
[  67% ] [90m[1mreimport[22m | Preparing files to reimport...[39m[0m
[  68% ] [90m[1mreimport[22m | Preparing files to reimport...[39m[0m
[  68% ] [90m[1mreimport[22m | Preparing files to reimport...[39m[0m
[  68% ] [90m[1mreimport[22m | Preparing files to reimport...[39m[0m
[  68% ] [90m[1mreimport[22m | Preparing files to reimport...[39m[0m
[  68% ] [90m[1mreimport[22m | Preparing files to reimport...[39m[0m
[  68% ] [90m[1mreimport[22m | Preparing files to reimport...[39m[0m
[  68% ] [90m[1mreimport[22m | Preparing files to reimport...[39m[0m
[  68% ] [90m[1mreimport[22m | Preparing files to reimport...[39m[0m
[  68% ] [90m[1mreimport[22m | Preparing files to reimport...[39m[0m
[  68% ] [90m[1mreimport[22m | Preparing files to reimport...[39m[0m
[  68% ] [90m[1mreimport[22m | Preparing files to reimport...[39m[0m
[  68% ] [90m[1mreimport[22m | Preparing files to reimport...[39m[0m
[  68% ] [90m[1mreimport[22m | Preparing files to reimport...[39m[0m
[  68% ] [90m[1mreimport[22m | Preparing files to reimport...[39m[0m
[  68% ] [90m[1mreimport[22m | Preparing files to reimport...[39m[0m
[  68% ] [90m[1mreimport[22m | Preparing files to reimport...[39m[0m
[  68% ] [90m[1mreimport[22m | Preparing files to reimport...[39m[0m
[  68% ] [90m[1mreimport[22m | Preparing files to reimport...[39m[0m
[  68% ] [90m[1mreimport[22m | Preparing files to reimport...[39m[0m
[  68% ] [90m[1mreimport[22m | Preparing files to reimport...[39m[0m
[  68% ] [90m[1mreimport[22m | Preparing files to reimport...[39m[0m
[  68% ] [90m[1mreimport[22m | Preparing files to reimport...[39m[0m
[  68% ] [90m[1mreimport[22m | Preparing files to reimport...[39m[0m
[  68% ] [90m[1mreimport[22m | Preparing files to reimport...[39m[0m
[  68% ] [90m[1mreimport[22m | Preparing files to reimport...[39m[0m
[  68% ] [90m[1mreimport[22m | Preparing files to reimport...[39m[0m
[  68% ] [90m[1mreimport[22m | Preparing files to reimport...[39m[0m
[  68% ] [90m[1mreimport[22m | Preparing files to reimport...[39m[0m
[  68% ] [90m[1mreimport[22m | Preparing files to reimport...[39m[0m
[  68% ] [90m[1mreimport[22m | Preparing files to reimport...[39m[0m
[  69% ] [90m[1mreimport[22m | Preparing files to reimport...[39m[0m
[  69% ] [90m[1mreimport[22m | Preparing files to reimport...[39m[0m
[  69% ] [90m[1mreimport[22m | Preparing files to reimport...[39m[0m
[  69% ] [90m[1mreimport[22m | Preparing files to reimport...[39m[0m
[  69% ] [90m[1mreimport[22m | Preparing files to reimport...[39m[0m
[  69% ] [90m[1mreimport[22m | Preparing files to reimport...[39m[0m
[  69% ] [90m[1mreimport[22m | Preparing files to reimport...[39m[0m
[  69% ] [90m[1mreimport[22m | Preparing files to reimport...[39m[0m
[  69% ] [90m[1mreimport[22m | Preparing files to reimport...[39m[0m
[  69% ] [90m[1mreimport[22m | Preparing files to reimport...[39m[0m
[  69% ] [90m[1mreimport[22m | Preparing files to reimport...[39m[0m
[  69% ] [90m[1mreimport[22m | Preparing files to reimport...[39m[0m
[  69% ] [90m[1mreimport[22m | Preparing files to reimport...[39m[0m
[  69% ] [90m[1mreimport[22m | Preparing files to reimport...[39m[0m
[  69% ] [90m[1mreimport[22m | Preparing files to reimport...[39m[0m
[  69% ] [90m[1mreimport[22m | Preparing files to reimport...[39m[0m
[  69% ] [90m[1mreimport[22m | Preparing files to reimport...[39m[0m
[  69% ] [90m[1mreimport[22m | Preparing files to reimport...[39m[0m
[  69% ] [90m[1mreimport[22m | Preparing files to reimport...[39m[0m
[  69% ] [90m[1mreimport[22m | Preparing files to reimport...[39m[0m
[  69% ] [90m[1mreimport[22m | Preparing files to reimport...[39m[0m
[  69% ] [90m[1mreimport[22m | Preparing files to reimport...[39m[0m
[  69% ] [90m[1mreimport[22m | Preparing files to reimport...[39m[0m
[  69% ] [90m[1mreimport[22m | Preparing files to reimport...[39m[0m
[  69% ] [90m[1mreimport[22m | Preparing files to reimport...[39m[0m
[  69% ] [90m[1mreimport[22m | Preparing files to reimport...[39m[0m
[  69% ] [90m[1mreimport[22m | Preparing files to reimport...[39m[0m
[  69% ] [90m[1mreimport[22m | Preparing files to reimport...[39m[0m
[  69% ] [90m[1mreimport[22m | Preparing files to reimport...[39m[0m
[  69% ] [90m[1mreimport[22m | Preparing files to reimport...[39m[0m
[  70% ] [90m[1mreimport[22m | Preparing files to reimport...[39m[0m
[  70% ] [90m[1mreimport[22m | Preparing files to reimport...[39m[0m
[  70% ] [90m[1mreimport[22m | Preparing files to reimport...[39m[0m
[  70% ] [90m[1mreimport[22m | Preparing files to reimport...[39m[0m
[  70% ] [90m[1mreimport[22m | Preparing files to reimport...[39m[0m
[  70% ] [90m[1mreimport[22m | Preparing files to reimport...[39m[0m
[  70% ] [90m[1mreimport[22m | Preparing files to reimport...[39m[0m
[  70% ] [90m[1mreimport[22m | Preparing files to reimport...[39m[0m
[  70% ] [90m[1mreimport[22m | Preparing files to reimport...[39m[0m
[  70% ] [90m[1mreimport[22m | Preparing files to reimport...[39m[0m
[  70% ] [90m[1mreimport[22m | Preparing files to reimport...[39m[0m
[  70% ] [90m[1mreimport[22m | Preparing files to reimport...[39m[0m
[  70% ] [90m[1mreimport[22m | Preparing files to reimport...[39m[0m
[  70% ] [90m[1mreimport[22m | Preparing files to reimport...[39m[0m
[  70% ] [90m[1mreimport[22m | Preparing files to reimport...[39m[0m
[  70% ] [90m[1mreimport[22m | Preparing files to reimport...[39m[0m
[  70% ] [90m[1mreimport[22m | Preparing files to reimport...[39m[0m
[  70% ] [90m[1mreimport[22m | Preparing files to reimport...[39m[0m
[  70% ] [90m[1mreimport[22m | Preparing files to reimport...[39m[0m
[  70% ] [90m[1mreimport[22m | Preparing files to reimport...[39m[0m
[  70% ] [90m[1mreimport[22m | Preparing files to reimport...[39m[0m
[  70% ] [90m[1mreimport[22m | Preparing files to reimport...[39m[0m
[  70% ] [90m[1mreimport[22m | Preparing files to reimport...[39m[0m
[  70% ] [90m[1mreimport[22m | Preparing files to reimport...[39m[0m
[  70% ] [90m[1mreimport[22m | Preparing files to reimport...[39m[0m
[  70% ] [90m[1mreimport[22m | Preparing files to reimport...[39m[0m
[  70% ] [90m[1mreimport[22m | Preparing files to reimport...[39m[0m
[  70% ] [90m[1mreimport[22m | Preparing files to reimport...[39m[0m
[  70% ] [90m[1mreimport[22m | Preparing files to reimport...[39m[0m
[  70% ] [90m[1mreimport[22m | Preparing files to reimport...[39m[0m
[  71% ] [90m[1mreimport[22m | Preparing files to reimport...[39m[0m
[  71% ] [90m[1mreimport[22m | Preparing files to reimport...[39m[0m
[  71% ] [90m[1mreimport[22m | Preparing files to reimport...[39m[0m
[  71% ] [90m[1mreimport[22m | Preparing files to reimport...[39m[0m
[  71% ] [90m[1mreimport[22m | Preparing files to reimport...[39m[0m
[  71% ] [90m[1mreimport[22m | Preparing files to reimport...[39m[0m
[  71% ] [90m[1mreimport[22m | Preparing files to reimport...[39m[0m
[  71% ] [90m[1mreimport[22m | Preparing files to reimport...[39m[0m
[  71% ] [90m[1mreimport[22m | Preparing files to reimport...[39m[0m
[  71% ] [90m[1mreimport[22m | Preparing files to reimport...[39m[0m
[  71% ] [90m[1mreimport[22m | Preparing files to reimport...[39m[0m
[  71% ] [90m[1mreimport[22m | Preparing files to reimport...[39m[0m
[  71% ] [90m[1mreimport[22m | Preparing files to reimport...[39m[0m
[  71% ] [90m[1mreimport[22m | Preparing files to reimport...[39m[0m
[  71% ] [90m[1mreimport[22m | Preparing files to reimport...[39m[0m
[  71% ] [90m[1mreimport[22m | Preparing files to reimport...[39m[0m
[  71% ] [90m[1mreimport[22m | Preparing files to reimport...[39m[0m
[  71% ] [90m[1mreimport[22m | Preparing files to reimport...[39m[0m
[  71% ] [90m[1mreimport[22m | Preparing files to reimport...[39m[0m
[  71% ] [90m[1mreimport[22m | Preparing files to reimport...[39m[0m
[  71% ] [90m[1mreimport[22m | Preparing files to reimport...[39m[0m
[  71% ] [90m[1mreimport[22m | Preparing files to reimport...[39m[0m
[  71% ] [90m[1mreimport[22m | Preparing files to reimport...[39m[0m
[  71% ] [90m[1mreimport[22m | Preparing files to reimport...[39m[0m
[  71% ] [90m[1mreimport[22m | Preparing files to reimport...[39m[0m
[  71% ] [90m[1mreimport[22m | Preparing files to reimport...[39m[0m
[  71% ] [90m[1mreimport[22m | Preparing files to reimport...[39m[0m
[  71% ] [90m[1mreimport[22m | Preparing files to reimport...[39m[0m
[  71% ] [90m[1mreimport[22m | Preparing files to reimport...[39m[0m
[  71% ] [90m[1mreimport[22m | Preparing files to reimport...[39m[0m
[  72% ] [90m[1mreimport[22m | Preparing files to reimport...[39m[0m
[  72% ] [90m[1mreimport[22m | Preparing files to reimport...[39m[0m
[  72% ] [90m[1mreimport[22m | Preparing files to reimport...[39m[0m
[  72% ] [90m[1mreimport[22m | Preparing files to reimport...[39m[0m
[  72% ] [90m[1mreimport[22m | Preparing files to reimport...[39m[0m
[  72% ] [90m[1mreimport[22m | Preparing files to reimport...[39m[0m
[  72% ] [90m[1mreimport[22m | Preparing files to reimport...[39m[0m
[  72% ] [90m[1mreimport[22m | Preparing files to reimport...[39m[0m
[  72% ] [90m[1mreimport[22m | Preparing files to reimport...[39m[0m
[  72% ] [90m[1mreimport[22m | Preparing files to reimport...[39m[0m
[  72% ] [90m[1mreimport[22m | Preparing files to reimport...[39m[0m
[  72% ] [90m[1mreimport[22m | Preparing files to reimport...[39m[0m
[  72% ] [90m[1mreimport[22m | Preparing files to reimport...[39m[0m
[  72% ] [90m[1mreimport[22m | Preparing files to reimport...[39m[0m
[  72% ] [90m[1mreimport[22m | Preparing files to reimport...[39m[0m
[  72% ] [90m[1mreimport[22m | Preparing files to reimport...[39m[0m
[  72% ] [90m[1mreimport[22m | Preparing files to reimport...[39m[0m
[  72% ] [90m[1mreimport[22m | Preparing files to reimport...[39m[0m
[  72% ] [90m[1mreimport[22m | Preparing files to reimport...[39m[0m
[  72% ] [90m[1mreimport[22m | Preparing files to reimport...[39m[0m
[  72% ] [90m[1mreimport[22m | Preparing files to reimport...[39m[0m
[  72% ] [90m[1mreimport[22m | Preparing files to reimport...[39m[0m
[  72% ] [90m[1mreimport[22m | Preparing files to reimport...[39m[0m
[  72% ] [90m[1mreimport[22m | Preparing files to reimport...[39m[0m
[  72% ] [90m[1mreimport[22m | Preparing files to reimport...[39m[0m
[  72% ] [90m[1mreimport[22m | Preparing files to reimport...[39m[0m
[  72% ] [90m[1mreimport[22m | Preparing files to reimport...[39m[0m
[  72% ] [90m[1mreimport[22m | Preparing files to reimport...[39m[0m
[  72% ] [90m[1mreimport[22m | Preparing files to reimport...[39m[0m
[  72% ] [90m[1mreimport[22m | Preparing files to reimport...[39m[0m
[  73% ] [90m[1mreimport[22m | Preparing files to reimport...[39m[0m
[  73% ] [90m[1mreimport[22m | Preparing files to reimport...[39m[0m
[  73% ] [90m[1mreimport[22m | Preparing files to reimport...[39m[0m
[  73% ] [90m[1mreimport[22m | Preparing files to reimport...[39m[0m
[  73% ] [90m[1mreimport[22m | Preparing files to reimport...[39m[0m
[  73% ] [90m[1mreimport[22m | Preparing files to reimport...[39m[0m
[  73% ] [90m[1mreimport[22m | Preparing files to reimport...[39m[0m
[  73% ] [90m[1mreimport[22m | Preparing files to reimport...[39m[0m
[  73% ] [90m[1mreimport[22m | Preparing files to reimport...[39m[0m
[  73% ] [90m[1mreimport[22m | Preparing files to reimport...[39m[0m
[  73% ] [90m[1mreimport[22m | Preparing files to reimport...[39m[0m
[  73% ] [90m[1mreimport[22m | Preparing files to reimport...[39m[0m
[  73% ] [90m[1mreimport[22m | Preparing files to reimport...[39m[0m
[  73% ] [90m[1mreimport[22m | Preparing files to reimport...[39m[0m
[  73% ] [90m[1mreimport[22m | Preparing files to reimport...[39m[0m
[  73% ] [90m[1mreimport[22m | Preparing files to reimport...[39m[0m
[  73% ] [90m[1mreimport[22m | Preparing files to reimport...[39m[0m
[  73% ] [90m[1mreimport[22m | Preparing files to reimport...[39m[0m
[  73% ] [90m[1mreimport[22m | Preparing files to reimport...[39m[0m
[  73% ] [90m[1mreimport[22m | Preparing files to reimport...[39m[0m
[  73% ] [90m[1mreimport[22m | Preparing files to reimport...[39m[0m
[  73% ] [90m[1mreimport[22m | Preparing files to reimport...[39m[0m
[  73% ] [90m[1mreimport[22m | Preparing files to reimport...[39m[0m
[  73% ] [90m[1mreimport[22m | Preparing files to reimport...[39m[0m
[  73% ] [90m[1mreimport[22m | Preparing files to reimport...[39m[0m
[  73% ] [90m[1mreimport[22m | Preparing files to reimport...[39m[0m
[  73% ] [90m[1mreimport[22m | Preparing files to reimport...[39m[0m
[  73% ] [90m[1mreimport[22m | Preparing files to reimport...[39m[0m
[  73% ] [90m[1mreimport[22m | Preparing files to reimport...[39m[0m
[  73% ] [90m[1mreimport[22m | Preparing files to reimport...[39m[0m
[  74% ] [90m[1mreimport[22m | Preparing files to reimport...[39m[0m
[  74% ] [90m[1mreimport[22m | Preparing files to reimport...[39m[0m
[  74% ] [90m[1mreimport[22m | Preparing files to reimport...[39m[0m
[  74% ] [90m[1mreimport[22m | Preparing files to reimport...[39m[0m
[  74% ] [90m[1mreimport[22m | Preparing files to reimport...[39m[0m
[  74% ] [90m[1mreimport[22m | Preparing files to reimport...[39m[0m
[  74% ] [90m[1mreimport[22m | Preparing files to reimport...[39m[0m
[  74% ] [90m[1mreimport[22m | Preparing files to reimport...[39m[0m
[  74% ] [90m[1mreimport[22m | Preparing files to reimport...[39m[0m
[  74% ] [90m[1mreimport[22m | Preparing files to reimport...[39m[0m
[  74% ] [90m[1mreimport[22m | Preparing files to reimport...[39m[0m
[  74% ] [90m[1mreimport[22m | Preparing files to reimport...[39m[0m
[  74% ] [90m[1mreimport[22m | Preparing files to reimport...[39m[0m
[  74% ] [90m[1mreimport[22m | Preparing files to reimport...[39m[0m
[  74% ] [90m[1mreimport[22m | Preparing files to reimport...[39m[0m
[  74% ] [90m[1mreimport[22m | Preparing files to reimport...[39m[0m
[  74% ] [90m[1mreimport[22m | Preparing files to reimport...[39m[0m
[  74% ] [90m[1mreimport[22m | Preparing files to reimport...[39m[0m
[  74% ] [90m[1mreimport[22m | Preparing files to reimport...[39m[0m
[  74% ] [90m[1mreimport[22m | Preparing files to reimport...[39m[0m
[  74% ] [90m[1mreimport[22m | Preparing files to reimport...[39m[0m
[  74% ] [90m[1mreimport[22m | Preparing files to reimport...[39m[0m
[  74% ] [90m[1mreimport[22m | Preparing files to reimport...[39m[0m
[  74% ] [90m[1mreimport[22m | Preparing files to reimport...[39m[0m
[  74% ] [90m[1mreimport[22m | Preparing files to reimport...[39m[0m
[  74% ] [90m[1mreimport[22m | Preparing files to reimport...[39m[0m
[  74% ] [90m[1mreimport[22m | Preparing files to reimport...[39m[0m
[  74% ] [90m[1mreimport[22m | Preparing files to reimport...[39m[0m
[  74% ] [90m[1mreimport[22m | Preparing files to reimport...[39m[0m
[  75% ] [90m[1mreimport[22m | Preparing files to reimport...[39m[0m
[  75% ] [90m[1mreimport[22m | Preparing files to reimport...[39m[0m
[  75% ] [90m[1mreimport[22m | Preparing files to reimport...[39m[0m
[  75% ] [90m[1mreimport[22m | Preparing files to reimport...[39m[0m
[  75% ] [90m[1mreimport[22m | Preparing files to reimport...[39m[0m
[  75% ] [90m[1mreimport[22m | Preparing files to reimport...[39m[0m
[  75% ] [90m[1mreimport[22m | Preparing files to reimport...[39m[0m
[  75% ] [90m[1mreimport[22m | Preparing files to reimport...[39m[0m
[  75% ] [90m[1mreimport[22m | Preparing files to reimport...[39m[0m
[  75% ] [90m[1mreimport[22m | Preparing files to reimport...[39m[0m
[  75% ] [90m[1mreimport[22m | Preparing files to reimport...[39m[0m
[  75% ] [90m[1mreimport[22m | Preparing files to reimport...[39m[0m
[  75% ] [90m[1mreimport[22m | Preparing files to reimport...[39m[0m
[  75% ] [90m[1mreimport[22m | Preparing files to reimport...[39m[0m
[  75% ] [90m[1mreimport[22m | Preparing files to reimport...[39m[0m
[  75% ] [90m[1mreimport[22m | Preparing files to reimport...[39m[0m
[  75% ] [90m[1mreimport[22m | Preparing files to reimport...[39m[0m
[  75% ] [90m[1mreimport[22m | Preparing files to reimport...[39m[0m
[  75% ] [90m[1mreimport[22m | Preparing files to reimport...[39m[0m
[  75% ] [90m[1mreimport[22m | Preparing files to reimport...[39m[0m
[  75% ] [90m[1mreimport[22m | Preparing files to reimport...[39m[0m
[  75% ] [90m[1mreimport[22m | Preparing files to reimport...[39m[0m
[  75% ] [90m[1mreimport[22m | Preparing files to reimport...[39m[0m
[  75% ] [90m[1mreimport[22m | Preparing files to reimport...[39m[0m
[  75% ] [90m[1mreimport[22m | Preparing files to reimport...[39m[0m
[  75% ] [90m[1mreimport[22m | Preparing files to reimport...[39m[0m
[  75% ] [90m[1mreimport[22m | Preparing files to reimport...[39m[0m
[  75% ] [90m[1mreimport[22m | Preparing files to reimport...[39m[0m
[  75% ] [90m[1mreimport[22m | Preparing files to reimport...[39m[0m
[  75% ] [90m[1mreimport[22m | Preparing files to reimport...[39m[0m
[  76% ] [90m[1mreimport[22m | Preparing files to reimport...[39m[0m
[  76% ] [90m[1mreimport[22m | Preparing files to reimport...[39m[0m
[  76% ] [90m[1mreimport[22m | Preparing files to reimport...[39m[0m
[  76% ] [90m[1mreimport[22m | Preparing files to reimport...[39m[0m
[  76% ] [90m[1mreimport[22m | Preparing files to reimport...[39m[0m
[  76% ] [90m[1mreimport[22m | Preparing files to reimport...[39m[0m
[  76% ] [90m[1mreimport[22m | Preparing files to reimport...[39m[0m
[  76% ] [90m[1mreimport[22m | Preparing files to reimport...[39m[0m
[  76% ] [90m[1mreimport[22m | Preparing files to reimport...[39m[0m
[  76% ] [90m[1mreimport[22m | Preparing files to reimport...[39m[0m
[  76% ] [90m[1mreimport[22m | Preparing files to reimport...[39m[0m
[  76% ] [90m[1mreimport[22m | Preparing files to reimport...[39m[0m
[  76% ] [90m[1mreimport[22m | Preparing files to reimport...[39m[0m
[  76% ] [90m[1mreimport[22m | Preparing files to reimport...[39m[0m
[  76% ] [90m[1mreimport[22m | Preparing files to reimport...[39m[0m
[  76% ] [90m[1mreimport[22m | Preparing files to reimport...[39m[0m
[  76% ] [90m[1mreimport[22m | Preparing files to reimport...[39m[0m
[  76% ] [90m[1mreimport[22m | Preparing files to reimport...[39m[0m
[  76% ] [90m[1mreimport[22m | Preparing files to reimport...[39m[0m
[  76% ] [90m[1mreimport[22m | Preparing files to reimport...[39m[0m
[  76% ] [90m[1mreimport[22m | Preparing files to reimport...[39m[0m
[  76% ] [90m[1mreimport[22m | Preparing files to reimport...[39m[0m
[  76% ] [90m[1mreimport[22m | Preparing files to reimport...[39m[0m
[  76% ] [90m[1mreimport[22m | Preparing files to reimport...[39m[0m
[  76% ] [90m[1mreimport[22m | Preparing files to reimport...[39m[0m
[  76% ] [90m[1mreimport[22m | Preparing files to reimport...[39m[0m
[  76% ] [90m[1mreimport[22m | Preparing files to reimport...[39m[0m
[  76% ] [90m[1mreimport[22m | Preparing files to reimport...[39m[0m
[  76% ] [90m[1mreimport[22m | Preparing files to reimport...[39m[0m
[  76% ] [90m[1mreimport[22m | Preparing files to reimport...[39m[0m
[  77% ] [90m[1mreimport[22m | Preparing files to reimport...[39m[0m
[  77% ] [90m[1mreimport[22m | Preparing files to reimport...[39m[0m
[  77% ] [90m[1mreimport[22m | Preparing files to reimport...[39m[0m
[  77% ] [90m[1mreimport[22m | Preparing files to reimport...[39m[0m
[  77% ] [90m[1mreimport[22m | Preparing files to reimport...[39m[0m
[  77% ] [90m[1mreimport[22m | Preparing files to reimport...[39m[0m
[  77% ] [90m[1mreimport[22m | Preparing files to reimport...[39m[0m
[  77% ] [90m[1mreimport[22m | Preparing files to reimport...[39m[0m
[  77% ] [90m[1mreimport[22m | Preparing files to reimport...[39m[0m
[  77% ] [90m[1mreimport[22m | Preparing files to reimport...[39m[0m
[  77% ] [90m[1mreimport[22m | Preparing files to reimport...[39m[0m
[  77% ] [90m[1mreimport[22m | Preparing files to reimport...[39m[0m
[  77% ] [90m[1mreimport[22m | Preparing files to reimport...[39m[0m
[  77% ] [90m[1mreimport[22m | Preparing files to reimport...[39m[0m
[  77% ] [90m[1mreimport[22m | Preparing files to reimport...[39m[0m
[  77% ] [90m[1mreimport[22m | Preparing files to reimport...[39m[0m
[  77% ] [90m[1mreimport[22m | Preparing files to reimport...[39m[0m
[  77% ] [90m[1mreimport[22m | Preparing files to reimport...[39m[0m
[  77% ] [90m[1mreimport[22m | Preparing files to reimport...[39m[0m
[  77% ] [90m[1mreimport[22m | Preparing files to reimport...[39m[0m
[  77% ] [90m[1mreimport[22m | Preparing files to reimport...[39m[0m
[  77% ] [90m[1mreimport[22m | Preparing files to reimport...[39m[0m
[  77% ] [90m[1mreimport[22m | Preparing files to reimport...[39m[0m
[  77% ] [90m[1mreimport[22m | Preparing files to reimport...[39m[0m
[  77% ] [90m[1mreimport[22m | Preparing files to reimport...[39m[0m
[  77% ] [90m[1mreimport[22m | Preparing files to reimport...[39m[0m
[  77% ] [90m[1mreimport[22m | Preparing files to reimport...[39m[0m
[  77% ] [90m[1mreimport[22m | Preparing files to reimport...[39m[0m
[  77% ] [90m[1mreimport[22m | Preparing files to reimport...[39m[0m
[  77% ] [90m[1mreimport[22m | Preparing files to reimport...[39m[0m
[  78% ] [90m[1mreimport[22m | Preparing files to reimport...[39m[0m
[  78% ] [90m[1mreimport[22m | Preparing files to reimport...[39m[0m
[  78% ] [90m[1mreimport[22m | Preparing files to reimport...[39m[0m
[  78% ] [90m[1mreimport[22m | Preparing files to reimport...[39m[0m
[  78% ] [90m[1mreimport[22m | Preparing files to reimport...[39m[0m
[  78% ] [90m[1mreimport[22m | Preparing files to reimport...[39m[0m
[  78% ] [90m[1mreimport[22m | Preparing files to reimport...[39m[0m
[  78% ] [90m[1mreimport[22m | Preparing files to reimport...[39m[0m
[  78% ] [90m[1mreimport[22m | Preparing files to reimport...[39m[0m
[  78% ] [90m[1mreimport[22m | Preparing files to reimport...[39m[0m
[  78% ] [90m[1mreimport[22m | Preparing files to reimport...[39m[0m
[  78% ] [90m[1mreimport[22m | Preparing files to reimport...[39m[0m
[  78% ] [90m[1mreimport[22m | Preparing files to reimport...[39m[0m
[  78% ] [90m[1mreimport[22m | Preparing files to reimport...[39m[0m
[  78% ] [90m[1mreimport[22m | Preparing files to reimport...[39m[0m
[  78% ] [90m[1mreimport[22m | Preparing files to reimport...[39m[0m
[  78% ] [90m[1mreimport[22m | Preparing files to reimport...[39m[0m
[  78% ] [90m[1mreimport[22m | Preparing files to reimport...[39m[0m
[  78% ] [90m[1mreimport[22m | Preparing files to reimport...[39m[0m
[  78% ] [90m[1mreimport[22m | Preparing files to reimport...[39m[0m
[  78% ] [90m[1mreimport[22m | Preparing files to reimport...[39m[0m
[  78% ] [90m[1mreimport[22m | Preparing files to reimport...[39m[0m
[  78% ] [90m[1mreimport[22m | Preparing files to reimport...[39m[0m
[  78% ] [90m[1mreimport[22m | Preparing files to reimport...[39m[0m
[  78% ] [90m[1mreimport[22m | Preparing files to reimport...[39m[0m
[  78% ] [90m[1mreimport[22m | Preparing files to reimport...[39m[0m
[  78% ] [90m[1mreimport[22m | Preparing files to reimport...[39m[0m
[  78% ] [90m[1mreimport[22m | Preparing files to reimport...[39m[0m
[  78% ] [90m[1mreimport[22m | Preparing files to reimport...[39m[0m
[  78% ] [90m[1mreimport[22m | Preparing files to reimport...[39m[0m
[  79% ] [90m[1mreimport[22m | Preparing files to reimport...[39m[0m
[  79% ] [90m[1mreimport[22m | Preparing files to reimport...[39m[0m
[  79% ] [90m[1mreimport[22m | Preparing files to reimport...[39m[0m
[  79% ] [90m[1mreimport[22m | Preparing files to reimport...[39m[0m
[  79% ] [90m[1mreimport[22m | Preparing files to reimport...[39m[0m
[  79% ] [90m[1mreimport[22m | Preparing files to reimport...[39m[0m
[  79% ] [90m[1mreimport[22m | Preparing files to reimport...[39m[0m
[  79% ] [90m[1mreimport[22m | Preparing files to reimport...[39m[0m
[  79% ] [90m[1mreimport[22m | Preparing files to reimport...[39m[0m
[  79% ] [90m[1mreimport[22m | Preparing files to reimport...[39m[0m
[  79% ] [90m[1mreimport[22m | Preparing files to reimport...[39m[0m
[  79% ] [90m[1mreimport[22m | Preparing files to reimport...[39m[0m
[  79% ] [90m[1mreimport[22m | Preparing files to reimport...[39m[0m
[  79% ] [90m[1mreimport[22m | Preparing files to reimport...[39m[0m
[  79% ] [90m[1mreimport[22m | Preparing files to reimport...[39m[0m
[  79% ] [90m[1mreimport[22m | Preparing files to reimport...[39m[0m
[  79% ] [90m[1mreimport[22m | Preparing files to reimport...[39m[0m
[  79% ] [90m[1mreimport[22m | Preparing files to reimport...[39m[0m
[  79% ] [90m[1mreimport[22m | Preparing files to reimport...[39m[0m
[  79% ] [90m[1mreimport[22m | Preparing files to reimport...[39m[0m
[  79% ] [90m[1mreimport[22m | Preparing files to reimport...[39m[0m
[  79% ] [90m[1mreimport[22m | Preparing files to reimport...[39m[0m
[  79% ] [90m[1mreimport[22m | Preparing files to reimport...[39m[0m
[  79% ] [90m[1mreimport[22m | Preparing files to reimport...[39m[0m
[  79% ] [90m[1mreimport[22m | Preparing files to reimport...[39m[0m
[  79% ] [90m[1mreimport[22m | Preparing files to reimport...[39m[0m
[  79% ] [90m[1mreimport[22m | Preparing files to reimport...[39m[0m
[  79% ] [90m[1mreimport[22m | Preparing files to reimport...[39m[0m
[  79% ] [90m[1mreimport[22m | Preparing files to reimport...[39m[0m
[  79% ] [90m[1mreimport[22m | Preparing files to reimport...[39m[0m
[  80% ] [90m[1mreimport[22m | Preparing files to reimport...[39m[0m
[  80% ] [90m[1mreimport[22m | Preparing files to reimport...[39m[0m
[  80% ] [90m[1mreimport[22m | Preparing files to reimport...[39m[0m
[  80% ] [90m[1mreimport[22m | Preparing files to reimport...[39m[0m
[  80% ] [90m[1mreimport[22m | Preparing files to reimport...[39m[0m
[  80% ] [90m[1mreimport[22m | Preparing files to reimport...[39m[0m
[  80% ] [90m[1mreimport[22m | Preparing files to reimport...[39m[0m
[  80% ] [90m[1mreimport[22m | Preparing files to reimport...[39m[0m
[  80% ] [90m[1mreimport[22m | Preparing files to reimport...[39m[0m
[  80% ] [90m[1mreimport[22m | Preparing files to reimport...[39m[0m
[  80% ] [90m[1mreimport[22m | Preparing files to reimport...[39m[0m
[  80% ] [90m[1mreimport[22m | Preparing files to reimport...[39m[0m
[  80% ] [90m[1mreimport[22m | Preparing files to reimport...[39m[0m
[  80% ] [90m[1mreimport[22m | Preparing files to reimport...[39m[0m
[  80% ] [90m[1mreimport[22m | Preparing files to reimport...[39m[0m
[  80% ] [90m[1mreimport[22m | Preparing files to reimport...[39m[0m
[  80% ] [90m[1mreimport[22m | Preparing files to reimport...[39m[0m
[  80% ] [90m[1mreimport[22m | Preparing files to reimport...[39m[0m
[  80% ] [90m[1mreimport[22m | Preparing files to reimport...[39m[0m
[  80% ] [90m[1mreimport[22m | Preparing files to reimport...[39m[0m
[  80% ] [90m[1mreimport[22m | Preparing files to reimport...[39m[0m
[  80% ] [90m[1mreimport[22m | Preparing files to reimport...[39m[0m
[  80% ] [90m[1mreimport[22m | Preparing files to reimport...[39m[0m
[  80% ] [90m[1mreimport[22m | Preparing files to reimport...[39m[0m
[  80% ] [90m[1mreimport[22m | Preparing files to reimport...[39m[0m
[  80% ] [90m[1mreimport[22m | Preparing files to reimport...[39m[0m
[  80% ] [90m[1mreimport[22m | Preparing files to reimport...[39m[0m
[  80% ] [90m[1mreimport[22m | Preparing files to reimport...[39m[0m
[  80% ] [90m[1mreimport[22m | Preparing files to reimport...[39m[0m
[  80% ] [90m[1mreimport[22m | Preparing files to reimport...[39m[0m
[  81% ] [90m[1mreimport[22m | Preparing files to reimport...[39m[0m
[  81% ] [90m[1mreimport[22m | Preparing files to reimport...[39m[0m
[  81% ] [90m[1mreimport[22m | Preparing files to reimport...[39m[0m
[  81% ] [90m[1mreimport[22m | Preparing files to reimport...[39m[0m
[  81% ] [90m[1mreimport[22m | Preparing files to reimport...[39m[0m
[  81% ] [90m[1mreimport[22m | Preparing files to reimport...[39m[0m
[  81% ] [90m[1mreimport[22m | Preparing files to reimport...[39m[0m
[  81% ] [90m[1mreimport[22m | Preparing files to reimport...[39m[0m
[  81% ] [90m[1mreimport[22m | Preparing files to reimport...[39m[0m
[  81% ] [90m[1mreimport[22m | Preparing files to reimport...[39m[0m
[  81% ] [90m[1mreimport[22m | Preparing files to reimport...[39m[0m
[  81% ] [90m[1mreimport[22m | Preparing files to reimport...[39m[0m
[  81% ] [90m[1mreimport[22m | Preparing files to reimport...[39m[0m
[  81% ] [90m[1mreimport[22m | Preparing files to reimport...[39m[0m
[  81% ] [90m[1mreimport[22m | Preparing files to reimport...[39m[0m
[  81% ] [90m[1mreimport[22m | Preparing files to reimport...[39m[0m
[  81% ] [90m[1mreimport[22m | Preparing files to reimport...[39m[0m
[  81% ] [90m[1mreimport[22m | Preparing files to reimport...[39m[0m
[  81% ] [90m[1mreimport[22m | Preparing files to reimport...[39m[0m
[  81% ] [90m[1mreimport[22m | Preparing files to reimport...[39m[0m
[  81% ] [90m[1mreimport[22m | Preparing files to reimport...[39m[0m
[  81% ] [90m[1mreimport[22m | Preparing files to reimport...[39m[0m
[  81% ] [90m[1mreimport[22m | Preparing files to reimport...[39m[0m
[  81% ] [90m[1mreimport[22m | Preparing files to reimport...[39m[0m
[  81% ] [90m[1mreimport[22m | Preparing files to reimport...[39m[0m
[  81% ] [90m[1mreimport[22m | Preparing files to reimport...[39m[0m
[  81% ] [90m[1mreimport[22m | Preparing files to reimport...[39m[0m
[  81% ] [90m[1mreimport[22m | Preparing files to reimport...[39m[0m
[  81% ] [90m[1mreimport[22m | Preparing files to reimport...[39m[0m
[  81% ] [90m[1mreimport[22m | Preparing files to reimport...[39m[0m
[  82% ] [90m[1mreimport[22m | Preparing files to reimport...[39m[0m
[  82% ] [90m[1mreimport[22m | Preparing files to reimport...[39m[0m
[  82% ] [90m[1mreimport[22m | Preparing files to reimport...[39m[0m
[  82% ] [90m[1mreimport[22m | Preparing files to reimport...[39m[0m
[  82% ] [90m[1mreimport[22m | Preparing files to reimport...[39m[0m
[  82% ] [90m[1mreimport[22m | Preparing files to reimport...[39m[0m
[  82% ] [90m[1mreimport[22m | Preparing files to reimport...[39m[0m
[  82% ] [90m[1mreimport[22m | Preparing files to reimport...[39m[0m
[  82% ] [90m[1mreimport[22m | Preparing files to reimport...[39m[0m
[  82% ] [90m[1mreimport[22m | Preparing files to reimport...[39m[0m
[  82% ] [90m[1mreimport[22m | Preparing files to reimport...[39m[0m
[  82% ] [90m[1mreimport[22m | Preparing files to reimport...[39m[0m
[  82% ] [90m[1mreimport[22m | Preparing files to reimport...[39m[0m
[  82% ] [90m[1mreimport[22m | Preparing files to reimport...[39m[0m
[  82% ] [90m[1mreimport[22m | Preparing files to reimport...[39m[0m
[  82% ] [90m[1mreimport[22m | Preparing files to reimport...[39m[0m
[  82% ] [90m[1mreimport[22m | Preparing files to reimport...[39m[0m
[  82% ] [90m[1mreimport[22m | Preparing files to reimport...[39m[0m
[  82% ] [90m[1mreimport[22m | Preparing files to reimport...[39m[0m
[  82% ] [90m[1mreimport[22m | Preparing files to reimport...[39m[0m
[  82% ] [90m[1mreimport[22m | Preparing files to reimport...[39m[0m
[  82% ] [90m[1mreimport[22m | Preparing files to reimport...[39m[0m
[  82% ] [90m[1mreimport[22m | Preparing files to reimport...[39m[0m
[  82% ] [90m[1mreimport[22m | Preparing files to reimport...[39m[0m
[  82% ] [90m[1mreimport[22m | Preparing files to reimport...[39m[0m
[  82% ] [90m[1mreimport[22m | Preparing files to reimport...[39m[0m
[  82% ] [90m[1mreimport[22m | Preparing files to reimport...[39m[0m
[  82% ] [90m[1mreimport[22m | Preparing files to reimport...[39m[0m
[  82% ] [90m[1mreimport[22m | Preparing files to reimport...[39m[0m
[  82% ] [90m[1mreimport[22m | Preparing files to reimport...[39m[0m
[  83% ] [90m[1mreimport[22m | Preparing files to reimport...[39m[0m
[  83% ] [90m[1mreimport[22m | Preparing files to reimport...[39m[0m
[  83% ] [90m[1mreimport[22m | Preparing files to reimport...[39m[0m
[  83% ] [90m[1mreimport[22m | Preparing files to reimport...[39m[0m
[  83% ] [90m[1mreimport[22m | Preparing files to reimport...[39m[0m
[  83% ] [90m[1mreimport[22m | Preparing files to reimport...[39m[0m
[  83% ] [90m[1mreimport[22m | Preparing files to reimport...[39m[0m
[  83% ] [90m[1mreimport[22m | Preparing files to reimport...[39m[0m
[  83% ] [90m[1mreimport[22m | Preparing files to reimport...[39m[0m
[  83% ] [90m[1mreimport[22m | Preparing files to reimport...[39m[0m
[  83% ] [90m[1mreimport[22m | Preparing files to reimport...[39m[0m
[  83% ] [90m[1mreimport[22m | Preparing files to reimport...[39m[0m
[  83% ] [90m[1mreimport[22m | Preparing files to reimport...[39m[0m
[  83% ] [90m[1mreimport[22m | Preparing files to reimport...[39m[0m
[  83% ] [90m[1mreimport[22m | Preparing files to reimport...[39m[0m
[  83% ] [90m[1mreimport[22m | Preparing files to reimport...[39m[0m
[  83% ] [90m[1mreimport[22m | Preparing files to reimport...[39m[0m
[  83% ] [90m[1mreimport[22m | Preparing files to reimport...[39m[0m
[  83% ] [90m[1mreimport[22m | Preparing files to reimport...[39m[0m
[  83% ] [90m[1mreimport[22m | Preparing files to reimport...[39m[0m
[  83% ] [90m[1mreimport[22m | Preparing files to reimport...[39m[0m
[  83% ] [90m[1mreimport[22m | Preparing files to reimport...[39m[0m
[  83% ] [90m[1mreimport[22m | Preparing files to reimport...[39m[0m
[  83% ] [90m[1mreimport[22m | Preparing files to reimport...[39m[0m
[  83% ] [90m[1mreimport[22m | Preparing files to reimport...[39m[0m
[  83% ] [90m[1mreimport[22m | Preparing files to reimport...[39m[0m
[  83% ] [90m[1mreimport[22m | Preparing files to reimport...[39m[0m
[  83% ] [90m[1mreimport[22m | Preparing files to reimport...[39m[0m
[  83% ] [90m[1mreimport[22m | Preparing files to reimport...[39m[0m
[  83% ] [90m[1mreimport[22m | Preparing files to reimport...[39m[0m
[  84% ] [90m[1mreimport[22m | Preparing files to reimport...[39m[0m
[  84% ] [90m[1mreimport[22m | Preparing files to reimport...[39m[0m
[  84% ] [90m[1mreimport[22m | Preparing files to reimport...[39m[0m
[  84% ] [90m[1mreimport[22m | Preparing files to reimport...[39m[0m
[  84% ] [90m[1mreimport[22m | Preparing files to reimport...[39m[0m
[  84% ] [90m[1mreimport[22m | Preparing files to reimport...[39m[0m
[  84% ] [90m[1mreimport[22m | Preparing files to reimport...[39m[0m
[  84% ] [90m[1mreimport[22m | Preparing files to reimport...[39m[0m
[  84% ] [90m[1mreimport[22m | Preparing files to reimport...[39m[0m
[  84% ] [90m[1mreimport[22m | Preparing files to reimport...[39m[0m
[  84% ] [90m[1mreimport[22m | Preparing files to reimport...[39m[0m
[  84% ] [90m[1mreimport[22m | Preparing files to reimport...[39m[0m
[  84% ] [90m[1mreimport[22m | Preparing files to reimport...[39m[0m
[  84% ] [90m[1mreimport[22m | Preparing files to reimport...[39m[0m
[  84% ] [90m[1mreimport[22m | Preparing files to reimport...[39m[0m
[  84% ] [90m[1mreimport[22m | Preparing files to reimport...[39m[0m
[  84% ] [90m[1mreimport[22m | Preparing files to reimport...[39m[0m
[  84% ] [90m[1mreimport[22m | Preparing files to reimport...[39m[0m
[  84% ] [90m[1mreimport[22m | Preparing files to reimport...[39m[0m
[  84% ] [90m[1mreimport[22m | Preparing files to reimport...[39m[0m
[  84% ] [90m[1mreimport[22m | Preparing files to reimport...[39m[0m
[  84% ] [90m[1mreimport[22m | Preparing files to reimport...[39m[0m
[  84% ] [90m[1mreimport[22m | Preparing files to reimport...[39m[0m
[  84% ] [90m[1mreimport[22m | Preparing files to reimport...[39m[0m
[  84% ] [90m[1mreimport[22m | Preparing files to reimport...[39m[0m
[  84% ] [90m[1mreimport[22m | Preparing files to reimport...[39m[0m
[  84% ] [90m[1mreimport[22m | Preparing files to reimport...[39m[0m
[  84% ] [90m[1mreimport[22m | Preparing files to reimport...[39m[0m
[  84% ] [90m[1mreimport[22m | Preparing files to reimport...[39m[0m
[  84% ] [90m[1mreimport[22m | Preparing files to reimport...[39m[0m
[  85% ] [90m[1mreimport[22m | Preparing files to reimport...[39m[0m
[  85% ] [90m[1mreimport[22m | Preparing files to reimport...[39m[0m
[  85% ] [90m[1mreimport[22m | Preparing files to reimport...[39m[0m
[  85% ] [90m[1mreimport[22m | Preparing files to reimport...[39m[0m
[  85% ] [90m[1mreimport[22m | Preparing files to reimport...[39m[0m
[  85% ] [90m[1mreimport[22m | Preparing files to reimport...[39m[0m
[  85% ] [90m[1mreimport[22m | Preparing files to reimport...[39m[0m
[  85% ] [90m[1mreimport[22m | Preparing files to reimport...[39m[0m
[  85% ] [90m[1mreimport[22m | Preparing files to reimport...[39m[0m
[  85% ] [90m[1mreimport[22m | Preparing files to reimport...[39m[0m
[  85% ] [90m[1mreimport[22m | Preparing files to reimport...[39m[0m
[  85% ] [90m[1mreimport[22m | Preparing files to reimport...[39m[0m
[  85% ] [90m[1mreimport[22m | Preparing files to reimport...[39m[0m
[  85% ] [90m[1mreimport[22m | Preparing files to reimport...[39m[0m
[  85% ] [90m[1mreimport[22m | Preparing files to reimport...[39m[0m
[  85% ] [90m[1mreimport[22m | Preparing files to reimport...[39m[0m
[  85% ] [90m[1mreimport[22m | Preparing files to reimport...[39m[0m
[  85% ] [90m[1mreimport[22m | Preparing files to reimport...[39m[0m
[  85% ] [90m[1mreimport[22m | Preparing files to reimport...[39m[0m
[  85% ] [90m[1mreimport[22m | Preparing files to reimport...[39m[0m
[  85% ] [90m[1mreimport[22m | Preparing files to reimport...[39m[0m
[  85% ] [90m[1mreimport[22m | Preparing files to reimport...[39m[0m
[  85% ] [90m[1mreimport[22m | Preparing files to reimport...[39m[0m
[  85% ] [90m[1mreimport[22m | Preparing files to reimport...[39m[0m
[  85% ] [90m[1mreimport[22m | Preparing files to reimport...[39m[0m
[  85% ] [90m[1mreimport[22m | Preparing files to reimport...[39m[0m
[  85% ] [90m[1mreimport[22m | Preparing files to reimport...[39m[0m
[  85% ] [90m[1mreimport[22m | Preparing files to reimport...[39m[0m
[  85% ] [90m[1mreimport[22m | Preparing files to reimport...[39m[0m
[  85% ] [90m[1mreimport[22m | Preparing files to reimport...[39m[0m
[  86% ] [90m[1mreimport[22m | Preparing files to reimport...[39m[0m
[  86% ] [90m[1mreimport[22m | Preparing files to reimport...[39m[0m
[  86% ] [90m[1mreimport[22m | Preparing files to reimport...[39m[0m
[  86% ] [90m[1mreimport[22m | Preparing files to reimport...[39m[0m
[  86% ] [90m[1mreimport[22m | Preparing files to reimport...[39m[0m
[  86% ] [90m[1mreimport[22m | Preparing files to reimport...[39m[0m
[  86% ] [90m[1mreimport[22m | Preparing files to reimport...[39m[0m
[  86% ] [90m[1mreimport[22m | Preparing files to reimport...[39m[0m
[  86% ] [90m[1mreimport[22m | Preparing files to reimport...[39m[0m
[  86% ] [90m[1mreimport[22m | Preparing files to reimport...[39m[0m
[  86% ] [90m[1mreimport[22m | Preparing files to reimport...[39m[0m
[  86% ] [90m[1mreimport[22m | Preparing files to reimport...[39m[0m
[  86% ] [90m[1mreimport[22m | Preparing files to reimport...[39m[0m
[  86% ] [90m[1mreimport[22m | Preparing files to reimport...[39m[0m
[  86% ] [90m[1mreimport[22m | Preparing files to reimport...[39m[0m
[  86% ] [90m[1mreimport[22m | Preparing files to reimport...[39m[0m
[  86% ] [90m[1mreimport[22m | Preparing files to reimport...[39m[0m
[  86% ] [90m[1mreimport[22m | Preparing files to reimport...[39m[0m
[  86% ] [90m[1mreimport[22m | Preparing files to reimport...[39m[0m
[  86% ] [90m[1mreimport[22m | Preparing files to reimport...[39m[0m
[  86% ] [90m[1mreimport[22m | Preparing files to reimport...[39m[0m
[  86% ] [90m[1mreimport[22m | Preparing files to reimport...[39m[0m
[  86% ] [90m[1mreimport[22m | Preparing files to reimport...[39m[0m
[  86% ] [90m[1mreimport[22m | Preparing files to reimport...[39m[0m
[  86% ] [90m[1mreimport[22m | Preparing files to reimport...[39m[0m
[  86% ] [90m[1mreimport[22m | Preparing files to reimport...[39m[0m
[  86% ] [90m[1mreimport[22m | Preparing files to reimport...[39m[0m
[  86% ] [90m[1mreimport[22m | Preparing files to reimport...[39m[0m
[  86% ] [90m[1mreimport[22m | Preparing files to reimport...[39m[0m
[  86% ] [90m[1mreimport[22m | Preparing files to reimport...[39m[0m
[  87% ] [90m[1mreimport[22m | Preparing files to reimport...[39m[0m
[  87% ] [90m[1mreimport[22m | Preparing files to reimport...[39m[0m
[  87% ] [90m[1mreimport[22m | Preparing files to reimport...[39m[0m
[  87% ] [90m[1mreimport[22m | Preparing files to reimport...[39m[0m
[  87% ] [90m[1mreimport[22m | Preparing files to reimport...[39m[0m
[  87% ] [90m[1mreimport[22m | Preparing files to reimport...[39m[0m
[  87% ] [90m[1mreimport[22m | Preparing files to reimport...[39m[0m
[  87% ] [90m[1mreimport[22m | Preparing files to reimport...[39m[0m
[  87% ] [90m[1mreimport[22m | Preparing files to reimport...[39m[0m
[  87% ] [90m[1mreimport[22m | Preparing files to reimport...[39m[0m
[  87% ] [90m[1mreimport[22m | Preparing files to reimport...[39m[0m
[  87% ] [90m[1mreimport[22m | Preparing files to reimport...[39m[0m
[  87% ] [90m[1mreimport[22m | Preparing files to reimport...[39m[0m
[  87% ] [90m[1mreimport[22m | Preparing files to reimport...[39m[0m
[  87% ] [90m[1mreimport[22m | Preparing files to reimport...[39m[0m
[  87% ] [90m[1mreimport[22m | Preparing files to reimport...[39m[0m
[  87% ] [90m[1mreimport[22m | Preparing files to reimport...[39m[0m
[  87% ] [90m[1mreimport[22m | Preparing files to reimport...[39m[0m
[  87% ] [90m[1mreimport[22m | Preparing files to reimport...[39m[0m
[  87% ] [90m[1mreimport[22m | Preparing files to reimport...[39m[0m
[  87% ] [90m[1mreimport[22m | Preparing files to reimport...[39m[0m
[  87% ] [90m[1mreimport[22m | Preparing files to reimport...[39m[0m
[  87% ] [90m[1mreimport[22m | Preparing files to reimport...[39m[0m
[  87% ] [90m[1mreimport[22m | Preparing files to reimport...[39m[0m
[  87% ] [90m[1mreimport[22m | Preparing files to reimport...[39m[0m
[  87% ] [90m[1mreimport[22m | Preparing files to reimport...[39m[0m
[  87% ] [90m[1mreimport[22m | Preparing files to reimport...[39m[0m
[  87% ] [90m[1mreimport[22m | Preparing files to reimport...[39m[0m
[  87% ] [90m[1mreimport[22m | Preparing files to reimport...[39m[0m
[  88% ] [90m[1mreimport[22m | Preparing files to reimport...[39m[0m
[  88% ] [90m[1mreimport[22m | Preparing files to reimport...[39m[0m
[  88% ] [90m[1mreimport[22m | Preparing files to reimport...[39m[0m
[  88% ] [90m[1mreimport[22m | Preparing files to reimport...[39m[0m
[  88% ] [90m[1mreimport[22m | Preparing files to reimport...[39m[0m
[  88% ] [90m[1mreimport[22m | Preparing files to reimport...[39m[0m
[  88% ] [90m[1mreimport[22m | Preparing files to reimport...[39m[0m
[  88% ] [90m[1mreimport[22m | Preparing files to reimport...[39m[0m
[  88% ] [90m[1mreimport[22m | Preparing files to reimport...[39m[0m
[  88% ] [90m[1mreimport[22m | Preparing files to reimport...[39m[0m
[  88% ] [90m[1mreimport[22m | Preparing files to reimport...[39m[0m
[  88% ] [90m[1mreimport[22m | Preparing files to reimport...[39m[0m
[  88% ] [90m[1mreimport[22m | Preparing files to reimport...[39m[0m
[  88% ] [90m[1mreimport[22m | Preparing files to reimport...[39m[0m
[  88% ] [90m[1mreimport[22m | Preparing files to reimport...[39m[0m
[  88% ] [90m[1mreimport[22m | Preparing files to reimport...[39m[0m
[  88% ] [90m[1mreimport[22m | Preparing files to reimport...[39m[0m
[  88% ] [90m[1mreimport[22m | Preparing files to reimport...[39m[0m
[  88% ] [90m[1mreimport[22m | Preparing files to reimport...[39m[0m
[  88% ] [90m[1mreimport[22m | Preparing files to reimport...[39m[0m
[  88% ] [90m[1mreimport[22m | Preparing files to reimport...[39m[0m
[  88% ] [90m[1mreimport[22m | Preparing files to reimport...[39m[0m
[  88% ] [90m[1mreimport[22m | Preparing files to reimport...[39m[0m
[  88% ] [90m[1mreimport[22m | Preparing files to reimport...[39m[0m
[  88% ] [90m[1mreimport[22m | Preparing files to reimport...[39m[0m
[  88% ] [90m[1mreimport[22m | Preparing files to reimport...[39m[0m
[  88% ] [90m[1mreimport[22m | Preparing files to reimport...[39m[0m
[  88% ] [90m[1mreimport[22m | Preparing files to reimport...[39m[0m
[  88% ] [90m[1mreimport[22m | Preparing files to reimport...[39m[0m
[  88% ] [90m[1mreimport[22m | Preparing files to reimport...[39m[0m
[  89% ] [90m[1mreimport[22m | Preparing files to reimport...[39m[0m
[  89% ] [90m[1mreimport[22m | Preparing files to reimport...[39m[0m
[  89% ] [90m[1mreimport[22m | Preparing files to reimport...[39m[0m
[  89% ] [90m[1mreimport[22m | Preparing files to reimport...[39m[0m
[  89% ] [90m[1mreimport[22m | Preparing files to reimport...[39m[0m
[  89% ] [90m[1mreimport[22m | Preparing files to reimport...[39m[0m
[  89% ] [90m[1mreimport[22m | Preparing files to reimport...[39m[0m
[  89% ] [90m[1mreimport[22m | Preparing files to reimport...[39m[0m
[  89% ] [90m[1mreimport[22m | Preparing files to reimport...[39m[0m
[  89% ] [90m[1mreimport[22m | Preparing files to reimport...[39m[0m
[  89% ] [90m[1mreimport[22m | Preparing files to reimport...[39m[0m
[  89% ] [90m[1mreimport[22m | Preparing files to reimport...[39m[0m
[  89% ] [90m[1mreimport[22m | Preparing files to reimport...[39m[0m
[  89% ] [90m[1mreimport[22m | Preparing files to reimport...[39m[0m
[  89% ] [90m[1mreimport[22m | Preparing files to reimport...[39m[0m
[  89% ] [90m[1mreimport[22m | Preparing files to reimport...[39m[0m
[  89% ] [90m[1mreimport[22m | Preparing files to reimport...[39m[0m
[  89% ] [90m[1mreimport[22m | Preparing files to reimport...[39m[0m
[  89% ] [90m[1mreimport[22m | Preparing files to reimport...[39m[0m
[  89% ] [90m[1mreimport[22m | Preparing files to reimport...[39m[0m
[  89% ] [90m[1mreimport[22m | Preparing files to reimport...[39m[0m
[  89% ] [90m[1mreimport[22m | Preparing files to reimport...[39m[0m
[  89% ] [90m[1mreimport[22m | Preparing files to reimport...[39m[0m
[  89% ] [90m[1mreimport[22m | Preparing files to reimport...[39m[0m
[  89% ] [90m[1mreimport[22m | Preparing files to reimport...[39m[0m
[  89% ] [90m[1mreimport[22m | Preparing files to reimport...[39m[0m
[  89% ] [90m[1mreimport[22m | Preparing files to reimport...[39m[0m
[  89% ] [90m[1mreimport[22m | Preparing files to reimport...[39m[0m
[  89% ] [90m[1mreimport[22m | Preparing files to reimport...[39m[0m
[  89% ] [90m[1mreimport[22m | Preparing files to reimport...[39m[0m
[  90% ] [90m[1mreimport[22m | Preparing files to reimport...[39m[0m
[  90% ] [90m[1mreimport[22m | Preparing files to reimport...[39m[0m
[  90% ] [90m[1mreimport[22m | Preparing files to reimport...[39m[0m
[  90% ] [90m[1mreimport[22m | Preparing files to reimport...[39m[0m
[  90% ] [90m[1mreimport[22m | Preparing files to reimport...[39m[0m
[  90% ] [90m[1mreimport[22m | Preparing files to reimport...[39m[0m
[  90% ] [90m[1mreimport[22m | Preparing files to reimport...[39m[0m
[  90% ] [90m[1mreimport[22m | Preparing files to reimport...[39m[0m
[  90% ] [90m[1mreimport[22m | Preparing files to reimport...[39m[0m
[  90% ] [90m[1mreimport[22m | Preparing files to reimport...[39m[0m
[  90% ] [90m[1mreimport[22m | Preparing files to reimport...[39m[0m
[  90% ] [90m[1mreimport[22m | Preparing files to reimport...[39m[0m
[  90% ] [90m[1mreimport[22m | Preparing files to reimport...[39m[0m
[  90% ] [90m[1mreimport[22m | Preparing files to reimport...[39m[0m
[  90% ] [90m[1mreimport[22m | Preparing files to reimport...[39m[0m
[  90% ] [90m[1mreimport[22m | Preparing files to reimport...[39m[0m
[  90% ] [90m[1mreimport[22m | Preparing files to reimport...[39m[0m
[  90% ] [90m[1mreimport[22m | Preparing files to reimport...[39m[0m
[  90% ] [90m[1mreimport[22m | Preparing files to reimport...[39m[0m
[  90% ] [90m[1mreimport[22m | Preparing files to reimport...[39m[0m
[  90% ] [90m[1mreimport[22m | Preparing files to reimport...[39m[0m
[  90% ] [90m[1mreimport[22m | Preparing files to reimport...[39m[0m
[  90% ] [90m[1mreimport[22m | Preparing files to reimport...[39m[0m
[  90% ] [90m[1mreimport[22m | Preparing files to reimport...[39m[0m
[  90% ] [90m[1mreimport[22m | Preparing files to reimport...[39m[0m
[  90% ] [90m[1mreimport[22m | Preparing files to reimport...[39m[0m
[  90% ] [90m[1mreimport[22m | Preparing files to reimport...[39m[0m
[  90% ] [90m[1mreimport[22m | Preparing files to reimport...[39m[0m
[  90% ] [90m[1mreimport[22m | Preparing files to reimport...[39m[0m
[  90% ] [90m[1mreimport[22m | Preparing files to reimport...[39m[0m
[  91% ] [90m[1mreimport[22m | Preparing files to reimport...[39m[0m
[  91% ] [90m[1mreimport[22m | Preparing files to reimport...[39m[0m
[  91% ] [90m[1mreimport[22m | Preparing files to reimport...[39m[0m
[  91% ] [90m[1mreimport[22m | Preparing files to reimport...[39m[0m
[  91% ] [90m[1mreimport[22m | Preparing files to reimport...[39m[0m
[  91% ] [90m[1mreimport[22m | Preparing files to reimport...[39m[0m
[  91% ] [90m[1mreimport[22m | Preparing files to reimport...[39m[0m
[  91% ] [90m[1mreimport[22m | Preparing files to reimport...[39m[0m
[  91% ] [90m[1mreimport[22m | Preparing files to reimport...[39m[0m
[  91% ] [90m[1mreimport[22m | Preparing files to reimport...[39m[0m
[  91% ] [90m[1mreimport[22m | Preparing files to reimport...[39m[0m
[  91% ] [90m[1mreimport[22m | Preparing files to reimport...[39m[0m
[  91% ] [90m[1mreimport[22m | Preparing files to reimport...[39m[0m
[  91% ] [90m[1mreimport[22m | Preparing files to reimport...[39m[0m
[  91% ] [90m[1mreimport[22m | Preparing files to reimport...[39m[0m
[  91% ] [90m[1mreimport[22m | Preparing files to reimport...[39m[0m
[  91% ] [90m[1mreimport[22m | Preparing files to reimport...[39m[0m
[  91% ] [90m[1mreimport[22m | Preparing files to reimport...[39m[0m
[  91% ] [90m[1mreimport[22m | Preparing files to reimport...[39m[0m
[  91% ] [90m[1mreimport[22m | Preparing files to reimport...[39m[0m
[  91% ] [90m[1mreimport[22m | Preparing files to reimport...[39m[0m
[  91% ] [90m[1mreimport[22m | Preparing files to reimport...[39m[0m
[  91% ] [90m[1mreimport[22m | Preparing files to reimport...[39m[0m
[  91% ] [90m[1mreimport[22m | Preparing files to reimport...[39m[0m
[  91% ] [90m[1mreimport[22m | Preparing files to reimport...[39m[0m
[  91% ] [90m[1mreimport[22m | Preparing files to reimport...[39m[0m
[  91% ] [90m[1mreimport[22m | Preparing files to reimport...[39m[0m
[  91% ] [90m[1mreimport[22m | Preparing files to reimport...[39m[0m
[  91% ] [90m[1mreimport[22m | Preparing files to reimport...[39m[0m
[  91% ] [90m[1mreimport[22m | Preparing files to reimport...[39m[0m
[  92% ] [90m[1mreimport[22m | Preparing files to reimport...[39m[0m
[  92% ] [90m[1mreimport[22m | Preparing files to reimport...[39m[0m
[  92% ] [90m[1mreimport[22m | Preparing files to reimport...[39m[0m
[  92% ] [90m[1mreimport[22m | Preparing files to reimport...[39m[0m
[  92% ] [90m[1mreimport[22m | Preparing files to reimport...[39m[0m
[  92% ] [90m[1mreimport[22m | Preparing files to reimport...[39m[0m
[  92% ] [90m[1mreimport[22m | Preparing files to reimport...[39m[0m
[  92% ] [90m[1mreimport[22m | Preparing files to reimport...[39m[0m
[  92% ] [90m[1mreimport[22m | Preparing files to reimport...[39m[0m
[  92% ] [90m[1mreimport[22m | Preparing files to reimport...[39m[0m
[  92% ] [90m[1mreimport[22m | Preparing files to reimport...[39m[0m
[  92% ] [90m[1mreimport[22m | Preparing files to reimport...[39m[0m
[  92% ] [90m[1mreimport[22m | Preparing files to reimport...[39m[0m
[  92% ] [90m[1mreimport[22m | Preparing files to reimport...[39m[0m
[  92% ] [90m[1mreimport[22m | Preparing files to reimport...[39m[0m
[  92% ] [90m[1mreimport[22m | Preparing files to reimport...[39m[0m
[  92% ] [90m[1mreimport[22m | Preparing files to reimport...[39m[0m
[  92% ] [90m[1mreimport[22m | Preparing files to reimport...[39m[0m
[  92% ] [90m[1mreimport[22m | Preparing files to reimport...[39m[0m
[  92% ] [90m[1mreimport[22m | Preparing files to reimport...[39m[0m
[  92% ] [90m[1mreimport[22m | Preparing files to reimport...[39m[0m
[  92% ] [90m[1mreimport[22m | Preparing files to reimport...[39m[0m
[  92% ] [90m[1mreimport[22m | Preparing files to reimport...[39m[0m
[  92% ] [90m[1mreimport[22m | Preparing files to reimport...[39m[0m
[  92% ] [90m[1mreimport[22m | Preparing files to reimport...[39m[0m
[  92% ] [90m[1mreimport[22m | Preparing files to reimport...[39m[0m
[  92% ] [90m[1mreimport[22m | Preparing files to reimport...[39m[0m
[  92% ] [90m[1mreimport[22m | Preparing files to reimport...[39m[0m
[  92% ] [90m[1mreimport[22m | Preparing files to reimport...[39m[0m
[  92% ] [90m[1mreimport[22m | Preparing files to reimport...[39m[0m
[  93% ] [90m[1mreimport[22m | Preparing files to reimport...[39m[0m
[  93% ] [90m[1mreimport[22m | Preparing files to reimport...[39m[0m
[  93% ] [90m[1mreimport[22m | Preparing files to reimport...[39m[0m
[  93% ] [90m[1mreimport[22m | Preparing files to reimport...[39m[0m
[  93% ] [90m[1mreimport[22m | Preparing files to reimport...[39m[0m
[  93% ] [90m[1mreimport[22m | Preparing files to reimport...[39m[0m
[  93% ] [90m[1mreimport[22m | Preparing files to reimport...[39m[0m
[  93% ] [90m[1mreimport[22m | Preparing files to reimport...[39m[0m
[  93% ] [90m[1mreimport[22m | Preparing files to reimport...[39m[0m
[  93% ] [90m[1mreimport[22m | Preparing files to reimport...[39m[0m
[  93% ] [90m[1mreimport[22m | Preparing files to reimport...[39m[0m
[  93% ] [90m[1mreimport[22m | Preparing files to reimport...[39m[0m
[  93% ] [90m[1mreimport[22m | Preparing files to reimport...[39m[0m
[  93% ] [90m[1mreimport[22m | Preparing files to reimport...[39m[0m
[  93% ] [90m[1mreimport[22m | Preparing files to reimport...[39m[0m
[  93% ] [90m[1mreimport[22m | Preparing files to reimport...[39m[0m
[  93% ] [90m[1mreimport[22m | Preparing files to reimport...[39m[0m
[  93% ] [90m[1mreimport[22m | Preparing files to reimport...[39m[0m
[  93% ] [90m[1mreimport[22m | Preparing files to reimport...[39m[0m
[  93% ] [90m[1mreimport[22m | Preparing files to reimport...[39m[0m
[  93% ] [90m[1mreimport[22m | Preparing files to reimport...[39m[0m
[  93% ] [90m[1mreimport[22m | Preparing files to reimport...[39m[0m
[  93% ] [90m[1mreimport[22m | Preparing files to reimport...[39m[0m
[  93% ] [90m[1mreimport[22m | Preparing files to reimport...[39m[0m
[  93% ] [90m[1mreimport[22m | Preparing files to reimport...[39m[0m
[  93% ] [90m[1mreimport[22m | Preparing files to reimport...[39m[0m
[  93% ] [90m[1mreimport[22m | Preparing files to reimport...[39m[0m
[  93% ] [90m[1mreimport[22m | Preparing files to reimport...[39m[0m
[  93% ] [90m[1mreimport[22m | Preparing files to reimport...[39m[0m
[  93% ] [90m[1mreimport[22m | Preparing files to reimport...[39m[0m
[  94% ] [90m[1mreimport[22m | Preparing files to reimport...[39m[0m
[  94% ] [90m[1mreimport[22m | Preparing files to reimport...[39m[0m
[  94% ] [90m[1mreimport[22m | Preparing files to reimport...[39m[0m
[  94% ] [90m[1mreimport[22m | Preparing files to reimport...[39m[0m
[  94% ] [90m[1mreimport[22m | Preparing files to reimport...[39m[0m
[  94% ] [90m[1mreimport[22m | Preparing files to reimport...[39m[0m
[  94% ] [90m[1mreimport[22m | Preparing files to reimport...[39m[0m
[  94% ] [90m[1mreimport[22m | Preparing files to reimport...[39m[0m
[  94% ] [90m[1mreimport[22m | Preparing files to reimport...[39m[0m
[  94% ] [90m[1mreimport[22m | Preparing files to reimport...[39m[0m
[  94% ] [90m[1mreimport[22m | Preparing files to reimport...[39m[0m
[  94% ] [90m[1mreimport[22m | Preparing files to reimport...[39m[0m
[  94% ] [90m[1mreimport[22m | Preparing files to reimport...[39m[0m
[  94% ] [90m[1mreimport[22m | Preparing files to reimport...[39m[0m
[  94% ] [90m[1mreimport[22m | Preparing files to reimport...[39m[0m
[  94% ] [90m[1mreimport[22m | Preparing files to reimport...[39m[0m
[  94% ] [90m[1mreimport[22m | Preparing files to reimport...[39m[0m
[  94% ] [90m[1mreimport[22m | Preparing files to reimport...[39m[0m
[  94% ] [90m[1mreimport[22m | Preparing files to reimport...[39m[0m
[  94% ] [90m[1mreimport[22m | Preparing files to reimport...[39m[0m
[  94% ] [90m[1mreimport[22m | Preparing files to reimport...[39m[0m
[  94% ] [90m[1mreimport[22m | Preparing files to reimport...[39m[0m
[  94% ] [90m[1mreimport[22m | Preparing files to reimport...[39m[0m
[  94% ] [90m[1mreimport[22m | Preparing files to reimport...[39m[0m
[  94% ] [90m[1mreimport[22m | Preparing files to reimport...[39m[0m
[  94% ] [90m[1mreimport[22m | Preparing files to reimport...[39m[0m
[  94% ] [90m[1mreimport[22m | Preparing files to reimport...[39m[0m
[  94% ] [90m[1mreimport[22m | Preparing files to reimport...[39m[0m
[  94% ] [90m[1mreimport[22m | Preparing files to reimport...[39m[0m
[  94% ] [90m[1mreimport[22m | Preparing files to reimport...[39m[0m
[  95% ] [90m[1mreimport[22m | Preparing files to reimport...[39m[0m
[  95% ] [90m[1mreimport[22m | Preparing files to reimport...[39m[0m
[  95% ] [90m[1mreimport[22m | Preparing files to reimport...[39m[0m
[  95% ] [90m[1mreimport[22m | Preparing files to reimport...[39m[0m
[  95% ] [90m[1mreimport[22m | Preparing files to reimport...[39m[0m
[  95% ] [90m[1mreimport[22m | Preparing files to reimport...[39m[0m
[  95% ] [90m[1mreimport[22m | Preparing files to reimport...[39m[0m
[  95% ] [90m[1mreimport[22m | Preparing files to reimport...[39m[0m
[  95% ] [90m[1mreimport[22m | Preparing files to reimport...[39m[0m
[  95% ] [90m[1mreimport[22m | Preparing files to reimport...[39m[0m
[  95% ] [90m[1mreimport[22m | Preparing files to reimport...[39m[0m
[  95% ] [90m[1mreimport[22m | Preparing files to reimport...[39m[0m
[  95% ] [90m[1mreimport[22m | Preparing files to reimport...[39m[0m
[  95% ] [90m[1mreimport[22m | Preparing files to reimport...[39m[0m
[  95% ] [90m[1mreimport[22m | Preparing files to reimport...[39m[0m
[  95% ] [90m[1mreimport[22m | Preparing files to reimport...[39m[0m
[  95% ] [90m[1mreimport[22m | Preparing files to reimport...[39m[0m
[  95% ] [90m[1mreimport[22m | Preparing files to reimport...[39m[0m
[  95% ] [90m[1mreimport[22m | Preparing files to reimport...[39m[0m
[  95% ] [90m[1mreimport[22m | Preparing files to reimport...[39m[0m
[  95% ] [90m[1mreimport[22m | Preparing files to reimport...[39m[0m
[  95% ] [90m[1mreimport[22m | Preparing files to reimport...[39m[0m
[  95% ] [90m[1mreimport[22m | Preparing files to reimport...[39m[0m
[  95% ] [90m[1mreimport[22m | Preparing files to reimport...[39m[0m
[  95% ] [90m[1mreimport[22m | Preparing files to reimport...[39m[0m
[  95% ] [90m[1mreimport[22m | Preparing files to reimport...[39m[0m
[  95% ] [90m[1mreimport[22m | Preparing files to reimport...[39m[0m
[  95% ] [90m[1mreimport[22m | Preparing files to reimport...[39m[0m
[  95% ] [90m[1mreimport[22m | Preparing files to reimport...[39m[0m
[  95% ] [90m[1mreimport[22m | Preparing files to reimport...[39m[0m
[  96% ] [90m[1mreimport[22m | Preparing files to reimport...[39m[0m
[  96% ] [90m[1mreimport[22m | Preparing files to reimport...[39m[0m
[  96% ] [90m[1mreimport[22m | Preparing files to reimport...[39m[0m
[  96% ] [90m[1mreimport[22m | Preparing files to reimport...[39m[0m
[  96% ] [90m[1mreimport[22m | Preparing files to reimport...[39m[0m
[  96% ] [90m[1mreimport[22m | Preparing files to reimport...[39m[0m
[  96% ] [90m[1mreimport[22m | Preparing files to reimport...[39m[0m
[  96% ] [90m[1mreimport[22m | Preparing files to reimport...[39m[0m
[  96% ] [90m[1mreimport[22m | Preparing files to reimport...[39m[0m
[  96% ] [90m[1mreimport[22m | Preparing files to reimport...[39m[0m
[  96% ] [90m[1mreimport[22m | Preparing files to reimport...[39m[0m
[  96% ] [90m[1mreimport[22m | Preparing files to reimport...[39m[0m
[  96% ] [90m[1mreimport[22m | Preparing files to reimport...[39m[0m
[  96% ] [90m[1mreimport[22m | Preparing files to reimport...[39m[0m
[  96% ] [90m[1mreimport[22m | Preparing files to reimport...[39m[0m
[  96% ] [90m[1mreimport[22m | Preparing files to reimport...[39m[0m
[  96% ] [90m[1mreimport[22m | Preparing files to reimport...[39m[0m
[  96% ] [90m[1mreimport[22m | Preparing files to reimport...[39m[0m
[  96% ] [90m[1mreimport[22m | Preparing files to reimport...[39m[0m
[  96% ] [90m[1mreimport[22m | Preparing files to reimport...[39m[0m
[  96% ] [90m[1mreimport[22m | Preparing files to reimport...[39m[0m
[  96% ] [90m[1mreimport[22m | Preparing files to reimport...[39m[0m
[  96% ] [90m[1mreimport[22m | Preparing files to reimport...[39m[0m
[  96% ] [90m[1mreimport[22m | Preparing files to reimport...[39m[0m
[  96% ] [90m[1mreimport[22m | Preparing files to reimport...[39m[0m
[  96% ] [90m[1mreimport[22m | Preparing files to reimport...[39m[0m
[  96% ] [90m[1mreimport[22m | Preparing files to reimport...[39m[0m
[  96% ] [90m[1mreimport[22m | Preparing files to reimport...[39m[0m
[  96% ] [90m[1mreimport[22m | Preparing files to reimport...[39m[0m
[  96% ] [90m[1mreimport[22m | Preparing files to reimport...[39m[0m
[  97% ] [90m[1mreimport[22m | Preparing files to reimport...[39m[0m
[  97% ] [90m[1mreimport[22m | Preparing files to reimport...[39m[0m
[  97% ] [90m[1mreimport[22m | Preparing files to reimport...[39m[0m
[  97% ] [90m[1mreimport[22m | Preparing files to reimport...[39m[0m
[  97% ] [90m[1mreimport[22m | Preparing files to reimport...[39m[0m
[  97% ] [90m[1mreimport[22m | Preparing files to reimport...[39m[0m
[  97% ] [90m[1mreimport[22m | Preparing files to reimport...[39m[0m
[  97% ] [90m[1mreimport[22m | Preparing files to reimport...[39m[0m
[  97% ] [90m[1mreimport[22m | Preparing files to reimport...[39m[0m
[  97% ] [90m[1mreimport[22m | Preparing files to reimport...[39m[0m
[  97% ] [90m[1mreimport[22m | Preparing files to reimport...[39m[0m
[  97% ] [90m[1mreimport[22m | Preparing files to reimport...[39m[0m
[  97% ] [90m[1mreimport[22m | Preparing files to reimport...[39m[0m
[  97% ] [90m[1mreimport[22m | Preparing files to reimport...[39m[0m
[  97% ] [90m[1mreimport[22m | Preparing files to reimport...[39m[0m
[  97% ] [90m[1mreimport[22m | Preparing files to reimport...[39m[0m
[  97% ] [90m[1mreimport[22m | Preparing files to reimport...[39m[0m
[  97% ] [90m[1mreimport[22m | Preparing files to reimport...[39m[0m
[  97% ] [90m[1mreimport[22m | Preparing files to reimport...[39m[0m
[  97% ] [90m[1mreimport[22m | Preparing files to reimport...[39m[0m
[  97% ] [90m[1mreimport[22m | Preparing files to reimport...[39m[0m
[  97% ] [90m[1mreimport[22m | Preparing files to reimport...[39m[0m
[  97% ] [90m[1mreimport[22m | Preparing files to reimport...[39m[0m
[  97% ] [90m[1mreimport[22m | Preparing files to reimport...[39m[0m
[  97% ] [90m[1mreimport[22m | Preparing files to reimport...[39m[0m
[  97% ] [90m[1mreimport[22m | Preparing files to reimport...[39m[0m
[  97% ] [90m[1mreimport[22m | Preparing files to reimport...[39m[0m
[  97% ] [90m[1mreimport[22m | Preparing files to reimport...[39m[0m
[  97% ] [90m[1mreimport[22m | Preparing files to reimport...[39m[0m
[  97% ] [90m[1mreimport[22m | Preparing files to reimport...[39m[0m
[  98% ] [90m[1mreimport[22m | Preparing files to reimport...[39m[0m
[  98% ] [90m[1mreimport[22m | Preparing files to reimport...[39m[0m
[  98% ] [90m[1mreimport[22m | Preparing files to reimport...[39m[0m
[  98% ] [90m[1mreimport[22m | Preparing files to reimport...[39m[0m
[  98% ] [90m[1mreimport[22m | Preparing files to reimport...[39m[0m
[  98% ] [90m[1mreimport[22m | Preparing files to reimport...[39m[0m
[  98% ] [90m[1mreimport[22m | Preparing files to reimport...[39m[0m
[  98% ] [90m[1mreimport[22m | Preparing files to reimport...[39m[0m
[  98% ] [90m[1mreimport[22m | Preparing files to reimport...[39m[0m
[  98% ] [90m[1mreimport[22m | Preparing files to reimport...[39m[0m
[  98% ] [90m[1mreimport[22m | Preparing files to reimport...[39m[0m
[  98% ] [90m[1mreimport[22m | Preparing files to reimport...[39m[0m
[  98% ] [90m[1mreimport[22m | Preparing files to reimport...[39m[0m
[  98% ] [90m[1mreimport[22m | Preparing files to reimport...[39m[0m
[  98% ] [90m[1mreimport[22m | Preparing files to reimport...[39m[0m
[  98% ] [90m[1mreimport[22m | Preparing files to reimport...[39m[0m
[  98% ] [90m[1mreimport[22m | Preparing files to reimport...[39m[0m
[  98% ] [90m[1mreimport[22m | Preparing files to reimport...[39m[0m
[  98% ] [90m[1mreimport[22m | Preparing files to reimport...[39m[0m
[  98% ] [90m[1mreimport[22m | Preparing files to reimport...[39m[0m
[  98% ] [90m[1mreimport[22m | Preparing files to reimport...[39m[0m
[  98% ] [90m[1mreimport[22m | Preparing files to reimport...[39m[0m
[  98% ] [90m[1mreimport[22m | Preparing files to reimport...[39m[0m
[  98% ] [90m[1mreimport[22m | Preparing files to reimport...[39m[0m
[  98% ] [90m[1mreimport[22m | Preparing files to reimport...[39m[0m
[  98% ] [90m[1mreimport[22m | Preparing files to reimport...[39m[0m
[  98% ] [90m[1mreimport[22m | Preparing files to reimport...[39m[0m
[  98% ] [90m[1mreimport[22m | Preparing files to reimport...[39m[0m
[  98% ] [90m[1mreimport[22m | Preparing files to reimport...[39m[0m
[  98% ] [90m[1mreimport[22m | Preparing files to reimport...[39m[0m
[  99% ] [90m[1mreimport[22m | Preparing files to reimport...[39m[0m
[  99% ] [90m[1mreimport[22m | Preparing files to reimport...[39m[0m
[  99% ] [90m[1mreimport[22m | Preparing files to reimport...[39m[0m
[  99% ] [90m[1mreimport[22m | Preparing files to reimport...[39m[0m
[  99% ] [90m[1mreimport[22m | Preparing files to reimport...[39m[0m
[  99% ] [90m[1mreimport[22m | Preparing files to reimport...[39m[0m
[  99% ] [90m[1mreimport[22m | Preparing files to reimport...[39m[0m
[  99% ] [90m[1mreimport[22m | Preparing files to reimport...[39m[0m
[  99% ] [90m[1mreimport[22m | Preparing files to reimport...[39m[0m
[  99% ] [90m[1mreimport[22m | Preparing files to reimport...[39m[0m
[  99% ] [90m[1mreimport[22m | Preparing files to reimport...[39m[0m
[  99% ] [90m[1mreimport[22m | Preparing files to reimport...[39m[0m
[  99% ] [90m[1mreimport[22m | Preparing files to reimport...[39m[0m
[  99% ] [90m[1mreimport[22m | Preparing files to reimport...[39m[0m
[  99% ] [90m[1mreimport[22m | Preparing files to reimport...[39m[0m
[  99% ] [90m[1mreimport[22m | Preparing files to reimport...[39m[0m
[  99% ] [90m[1mreimport[22m | Preparing files to reimport...[39m[0m
[  99% ] [90m[1mreimport[22m | Preparing files to reimport...[39m[0m
[  99% ] [90m[1mreimport[22m | Preparing files to reimport...[39m[0m
[  99% ] [90m[1mreimport[22m | Preparing files to reimport...[39m[0m
[  99% ] [90m[1mreimport[22m | Preparing files to reimport...[39m[0m
[  99% ] [90m[1mreimport[22m | Preparing files to reimport...[39m[0m
[  99% ] [90m[1mreimport[22m | Preparing files to reimport...[39m[0m
[  99% ] [90m[1mreimport[22m | Preparing files to reimport...[39m[0m
[  99% ] [90m[1mreimport[22m | Preparing files to reimport...[39m[0m
[  99% ] [90m[1mreimport[22m | Preparing files to reimport...[39m[0m
[  99% ] [90m[1mreimport[22m | Preparing files to reimport...[39m[0m
[  99% ] [90m[1mreimport[22m | Preparing files to reimport...[39m[0m
[   0% ] [90m[1mreimport[22m | Executing pre-reimport operations...[39m[0m
[   0% ] [90m[1mreimport[22m | source_code_pro.fnt[39m[0m
[   0% ] [90m[1mreimport[22m | source_code_pro.fnt[39m[0m
[   0% ] [90m[1mreimport[22m | NotoSansJP.ttf[39m[0m
[   0% ] [90m[1mreimport[22m | DotGothic16-Regular.ttf[39m[0m
[   0% ] [90m[1mreimport[22m | LobsterTwo-Regular.ttf[39m[0m
[   0% ] [90m[1mreimport[22m | LobsterTwo-Italic.ttf[39m[0m
[   0% ] [90m[1mreimport[22m | LobsterTwo-BoldItalic.ttf[39m[0m
[   0% ] [90m[1mreimport[22m | LobsterTwo-Bold.ttf[39m[0m
[   0% ] [90m[1mreimport[22m | AnonymousPro-Bold.ttf[39m[0m
[   0% ] [90m[1mreimport[22m | AnonymousPro-BoldItalic.ttf[39m[0m
[   0% ] [90m[1mreimport[22m | AnonymousPro-Italic.ttf[39m[0m
[   0% ] [90m[1mreimport[22m | AnonymousPro-Regular.ttf[39m[0m
[   0% ] [90m[1mreimport[22m | CourierPrime-Bold.ttf[39m[0m
[   0% ] [90m[1mreimport[22m | CourierPrime-Regular.ttf[39m[0m
[   0% ] [90m[1mreimport[22m | CourierPrime-Italic.ttf[39m[0m
res://assets/fonts/dotgothic16/DotGothic16-Regular.ttf: Pixel font detected, disabling subpixel positioning.
res://assets/fonts/dotgothic16/DotGothic16-Regular.ttf: Pixel font detected, disabling hinting.
[   0% ] [90m[1mreimport[22m | source_code_pro.fnt[39m[0m
[   0% ] [90m[1mreimport[22m | NotoSansJP.ttf[39m[0m
[   0% ] [90m[1mreimport[22m | DotGothic16-Regular.ttf[39m[0m
[   0% ] [90m[1mreimport[22m | LobsterTwo-Regular.ttf[39m[0m
[   0% ] [90m[1mreimport[22m | LobsterTwo-Italic.ttf[39m[0m
[   0% ] [90m[1mreimport[22m | LobsterTwo-BoldItalic.ttf[39m[0m
[   0% ] [90m[1mreimport[22m | source_code_pro.fnt[39m[0m
[   0% ] [90m[1mreimport[22m | NotoSansJP.ttf[39m[0m
[   0% ] [90m[1mreimport[22m | DotGothic16-Regular.ttf[39m[0m
[   0% ] [90m[1mreimport[22m | LobsterTwo-Regular.ttf[39m[0m
[   0% ] [90m[1mreimport[22m | LobsterTwo-Italic.ttf[39m[0m
[   0% ] [90m[1mreimport[22m | LobsterTwo-BoldItalic.ttf[39m[0m
[   0% ] [90m[1mreimport[22m | LobsterTwo-Bold.ttf[39m[0m
[   0% ] [90m[1mreimport[22m | AnonymousPro-Bold.ttf[39m[0m
[   0% ] [90m[1mreimport[22m | AnonymousPro-BoldItalic.ttf[39m[0m
[   1% ] [90m[1mreimport[22m | AnonymousPro-Italic.ttf[39m[0m
[   1% ] [90m[1mreimport[22m | AnonymousPro-Regular.ttf[39m[0m
[   1% ] [90m[1mreimport[22m | CourierPrime-Bold.ttf[39m[0m
[   1% ] [90m[1mreimport[22m | CourierPrime-Regular.ttf[39m[0m
[   1% ] [90m[1mreimport[22m | CourierPrime-Italic.ttf[39m[0m
[   1% ] [90m[1mreimport[22m | CourierPrime-BoldItalic.ttf[39m[0m
[   1% ] [90m[1mreimport[22m | world.ogg[39m[0m
[   1% ] [90m[1mreimport[22m | village.ogg[39m[0m
[   1% ] [90m[1mreimport[22m | victory.ogg[39m[0m
[   1% ] [90m[1mreimport[22m | cave.ogg[39m[0m
[   1% ] [90m[1mreimport[22m | boss.ogg[39m[0m
[   1% ] [90m[1mreimport[22m | battle.ogg[39m[0m
[   1% ] [90m[1mreimport[22m | castle-07-2-talk-castle_armor_clerk.png[39m[0m
[   1% ] [90m[1mreimport[22m | castle-08-1-entered.png[39m[0m
[   1% ] [90m[1mreimport[22m | castle-08-2-talk-castle_shrine.png[39m[0m
[   1% ] [90m[1mreimport[22m | castle-09-1-entered.png[39m[0m
[   1% ] [90m[1mreimport[22m | castle-09-2-talk-castle_home_resident.png[39m[0m
[   1% ] [90m[1mreimport[22m | castle-10-1-entered.png[39m[0m
[   1% ] [90m[1mreimport[22m | castle-10-2-talk-castle_librarian.png[39m[0m
[   1% ] [90m[1mreimport[22m | port-01-1-entered.png[39m[0m
[   1% ] [90m[1mreimport[22m | port-01-2-talk-port_inn.png[39m[0m
[   1% ] [90m[1mreimport[22m | port-02-1-entered.png[39m[0m
[   1% ] [90m[1mreimport[22m | port-02-2-talk-port_item_shop.png[39m[0m
[   1% ] [90m[1mreimport[22m | port-03-1-entered.png[39m[0m
[   1% ] [90m[1mreimport[22m | port-08-2-talk-lighthouse_keeper.png[39m[0m
[   1% ] [90m[1mreimport[22m | port-08-1-entered.png[39m[0m
[   1% ] [90m[1mreimport[22m | port-07-2-talk-harbor_keeper.png[39m[0m
[   1% ] [90m[1mreimport[22m | port-07-1-entered.png[39m[0m
[   1% ] [90m[1mreimport[22m | port-06-2-talk-port_home.png[39m[0m
[   1% ] [90m[1mreimport[22m | port-06-1-entered.png[39m[0m
[   2% ] [90m[1mreimport[22m | port-05-2-talk-port_shrine.png[39m[0m
[   2% ] [90m[1mreimport[22m | port-03-2-talk-port_weapon_shop.png[39m[0m
[   2% ] [90m[1mreimport[22m | port-05-1-entered.png[39m[0m
[   2% ] [90m[1mreimport[22m | port-04-2-talk-port_armor_clerk.png[39m[0m
[   2% ] [90m[1mreimport[22m | port-04-1-entered.png[39m[0m
[   2% ] [90m[1mreimport[22m | past-layout-incomplete.png[39m[0m
[   2% ] [90m[1mreimport[22m | past-layout.png[39m[0m
[   2% ] [90m[1mreimport[22m | past-reference-comparison.png[39m[0m
[   2% ] [90m[1mreimport[22m | past-repaired-layout.png[39m[0m
[   2% ] [90m[1mreimport[22m | past-repaired-reference-comparison.png[39m[0m
[   2% ] [90m[1mreimport[22m | castle-01-1-entered.png[39m[0m
[   2% ] [90m[1mreimport[22m | castle-01-2-talk-court_guard_left.png[39m[0m
[   2% ] [90m[1mreimport[22m | castle-01-2-talk-court_guard_right.png[39m[0m
[   2% ] [90m[1mreimport[22m | castle-02-1-entered.png[39m[0m
[   2% ] [90m[1mreimport[22m | castle-02-2-talk-advisor.png[39m[0m
[   2% ] [90m[1mreimport[22m | castle-02-2-talk-hall_guard_left.png[39m[0m
[   2% ] [90m[1mreimport[22m | castle-02-2-talk-hall_guard_right.png[39m[0m
[   2% ] [90m[1mreimport[22m | castle-02-2-talk-king.png[39m[0m
[   2% ] [90m[1mreimport[22m | castle-03-1-entered.png[39m[0m
[   2% ] [90m[1mreimport[22m | castle-03-2-talk-castle_supplies.png[39m[0m
[   2% ] [90m[1mreimport[22m | castle-03-2-talk-treasury_keeper.png[39m[0m
[   2% ] [90m[1mreimport[22m | castle-04-1-entered.png[39m[0m
[   2% ] [90m[1mreimport[22m | castle-04-2-talk-castle_inn.png[39m[0m
[   2% ] [90m[1mreimport[22m | castle-05-1-entered.png[39m[0m
[   2% ] [90m[1mreimport[22m | castle-05-2-talk-castle_item_shop.png[39m[0m
[   2% ] [90m[1mreimport[22m | castle-06-1-entered.png[39m[0m
[   2% ] [90m[1mreimport[22m | castle-06-2-talk-castle_weapon_shop.png[39m[0m
[   2% ] [90m[1mreimport[22m | castle-07-1-entered.png[39m[0m
[   2% ] [90m[1mreimport[22m | castle-06-2-talk-castle_weapon_shop.png[39m[0m
[   2% ] [90m[1mreimport[22m | castle-07-1-entered.png[39m[0m
[   3% ] [90m[1mreimport[22m | castle-07-2-talk-castle_armor_clerk.png[39m[0m
[   3% ] [90m[1mreimport[22m | castle-08-1-entered.png[39m[0m
[   3% ] [90m[1mreimport[22m | castle-08-2-talk-castle_shrine.png[39m[0m
[   3% ] [90m[1mreimport[22m | castle-09-1-entered.png[39m[0m
[   3% ] [90m[1mreimport[22m | castle-09-2-talk-castle_home_resident.png[39m[0m
[   3% ] [90m[1mreimport[22m | castle-10-1-entered.png[39m[0m
[   3% ] [90m[1mreimport[22m | castle-10-2-talk-castle_librarian.png[39m[0m
[   3% ] [90m[1mreimport[22m | port-01-1-entered.png[39m[0m
[   3% ] [90m[1mreimport[22m | port-01-2-talk-port_inn.png[39m[0m
[   3% ] [90m[1mreimport[22m | port-02-1-entered.png[39m[0m
[   3% ] [90m[1mreimport[22m | port-02-2-talk-port_item_shop.png[39m[0m
[   3% ] [90m[1mreimport[22m | port-03-1-entered.png[39m[0m
[   3% ] [90m[1mreimport[22m | port-03-2-talk-port_weapon_shop.png[39m[0m
[   3% ] [90m[1mreimport[22m | port-04-1-entered.png[39m[0m
[   3% ] [90m[1mreimport[22m | port-04-2-talk-port_armor_clerk.png[39m[0m
[   3% ] [90m[1mreimport[22m | port-05-1-entered.png[39m[0m
[   3% ] [90m[1mreimport[22m | port-05-2-talk-port_shrine.png[39m[0m
[   3% ] [90m[1mreimport[22m | port-06-1-entered.png[39m[0m
[   3% ] [90m[1mreimport[22m | port-06-2-talk-port_home.png[39m[0m
[   3% ] [90m[1mreimport[22m | port-07-1-entered.png[39m[0m
[   3% ] [90m[1mreimport[22m | port-07-2-talk-harbor_keeper.png[39m[0m
[   3% ] [90m[1mreimport[22m | village-00-1-entered.png[39m[0m
[   3% ] [90m[1mreimport[22m | village-02-1-entered.png[39m[0m
[   3% ] [90m[1mreimport[22m | village-02-2-talk-village_inn.png[39m[0m
[   3% ] [90m[1mreimport[22m | village-03-1-entered.png[39m[0m
[   3% ] [90m[1mreimport[22m | village-03-2-talk-village_item.png[39m[0m
[   3% ] [90m[1mreimport[22m | village-04-1-entered.png[39m[0m
[   3% ] [90m[1mreimport[22m | village-04-2-talk-village_weapon.png[39m[0m
[   3% ] [90m[1mreimport[22m | castle-01-1-entered.png[39m[0m
[   3% ] [90m[1mreimport[22m | castle-01-2-talk-court_guard_left.png[39m[0m
[   4% ] [90m[1mreimport[22m | castle-01-2-talk-court_guard_right.png[39m[0m
[   4% ] [90m[1mreimport[22m | castle-02-1-entered.png[39m[0m
[   4% ] [90m[1mreimport[22m | castle-02-2-talk-advisor.png[39m[0m
[   4% ] [90m[1mreimport[22m | castle-02-2-talk-hall_guard_left.png[39m[0m
[   4% ] [90m[1mreimport[22m | castle-02-2-talk-hall_guard_right.png[39m[0m
[   4% ] [90m[1mreimport[22m | castle-02-2-talk-king.png[39m[0m
[   4% ] [90m[1mreimport[22m | castle-03-1-entered.png[39m[0m
[   4% ] [90m[1mreimport[22m | castle-03-2-talk-castle_supplies.png[39m[0m
[   4% ] [90m[1mreimport[22m | castle-03-2-talk-treasury_keeper.png[39m[0m
[   4% ] [90m[1mreimport[22m | castle-04-1-entered.png[39m[0m
[   4% ] [90m[1mreimport[22m | castle-04-2-talk-castle_inn.png[39m[0m
[   4% ] [90m[1mreimport[22m | castle-05-1-entered.png[39m[0m
[   4% ] [90m[1mreimport[22m | castle-05-2-talk-castle_item_shop.png[39m[0m
[   4% ] [90m[1mreimport[22m | castle-06-1-entered.png[39m[0m
[   4% ] [90m[1mreimport[22m | walk-overlay.png[39m[0m
[   4% ] [90m[1mreimport[22m | battle-composite.png[39m[0m
[   4% ] [90m[1mreimport[22m | battle-overlay.png[39m[0m
[   4% ] [90m[1mreimport[22m | walk-composite.png[39m[0m
[   4% ] [90m[1mreimport[22m | walk-overlay.png[39m[0m
[   4% ] [90m[1mreimport[22m | mixed-1-plains.png[39m[0m
[   4% ] [90m[1mreimport[22m | mixed-2-cave.png[39m[0m
[   4% ] [90m[1mreimport[22m | mixed-3-underworld.png[39m[0m
[   4% ] [90m[1mreimport[22m | pc_01-anchor-review.png[39m[0m
[   4% ] [90m[1mreimport[22m | pc_01-battle.png[39m[0m
[   4% ] [90m[1mreimport[22m | pc_01-walk.png[39m[0m
[   4% ] [90m[1mreimport[22m | pc_02-anchor-review.png[39m[0m
[   4% ] [90m[1mreimport[22m | pc_02-battle.png[39m[0m
[   4% ] [90m[1mreimport[22m | pc_02-walk.png[39m[0m
[   4% ] [90m[1mreimport[22m | pc_03-anchor-review.png[39m[0m
[   4% ] [90m[1mreimport[22m | pc_03-battle.png[39m[0m
[   5% ] [90m[1mreimport[22m | pc_03-walk.png[39m[0m
[   5% ] [90m[1mreimport[22m | pc_04-anchor-review.png[39m[0m
[   5% ] [90m[1mreimport[22m | pc_04-battle.png[39m[0m
[   5% ] [90m[1mreimport[22m | pc_04-walk.png[39m[0m
[   5% ] [90m[1mreimport[22m | suina-walk-color-proposal.png[39m[0m
[   5% ] [90m[1mreimport[22m | battle-0.png[39m[0m
[   5% ] [90m[1mreimport[22m | battle-30.png[39m[0m
[   5% ] [90m[1mreimport[22m | battle-composite.png[39m[0m
[   5% ] [90m[1mreimport[22m | battle-overlay.png[39m[0m
[   5% ] [90m[1mreimport[22m | walk-composite.png[39m[0m
[   5% ] [90m[1mreimport[22m | walk-overlay.png[39m[0m
[   5% ] [90m[1mreimport[22m | battle-composite.png[39m[0m
[   5% ] [90m[1mreimport[22m | battle-overlay.png[39m[0m
[   5% ] [90m[1mreimport[22m | walk-composite.png[39m[0m
[   5% ] [90m[1mreimport[22m | walk-overlay.png[39m[0m
[   5% ] [90m[1mreimport[22m | battle-composite.png[39m[0m
[   5% ] [90m[1mreimport[22m | battle-overlay.png[39m[0m
[   5% ] [90m[1mreimport[22m | walk-composite.png[39m[0m
[   5% ] [90m[1mreimport[22m | walk-overlay.png[39m[0m
[   5% ] [90m[1mreimport[22m | battle-composite.png[39m[0m
[   5% ] [90m[1mreimport[22m | battle-overlay.png[39m[0m
[   5% ] [90m[1mreimport[22m | walk-composite.png[39m[0m
[   5% ] [90m[1mreimport[22m | walk-overlay.png[39m[0m
[   5% ] [90m[1mreimport[22m | battle-composite.png[39m[0m
[   5% ] [90m[1mreimport[22m | battle-overlay.png[39m[0m
[   5% ] [90m[1mreimport[22m | walk-composite.png[39m[0m
[   5% ] [90m[1mreimport[22m | walk-overlay.png[39m[0m
[   5% ] [90m[1mreimport[22m | battle-composite.png[39m[0m
[   5% ] [90m[1mreimport[22m | battle-overlay.png[39m[0m
[   5% ] [90m[1mreimport[22m | walk-composite.png[39m[0m
[   6% ] [90m[1mreimport[22m | 07-boss-battle.png[39m[0m
[   6% ] [90m[1mreimport[22m | 08-cave-exit-world.png[39m[0m
[   6% ] [90m[1mreimport[22m | 09-gate-passed.png[39m[0m
[   6% ] [90m[1mreimport[22m | 10-command-window.png[39m[0m
[   6% ] [90m[1mreimport[22m | 11-item-window.png[39m[0m
[   6% ] [90m[1mreimport[22m | 12-world-map-item.png[39m[0m
[   6% ] [90m[1mreimport[22m | 13-party-window.png[39m[0m
[   6% ] [90m[1mreimport[22m | 14-cave-entrance.png[39m[0m
[   6% ] [90m[1mreimport[22m | 15-overlap-review.png[39m[0m
[   6% ] [90m[1mreimport[22m | 16-rione-offer.png[39m[0m
[   6% ] [90m[1mreimport[22m | 17-haldo-bandage.png[39m[0m
[   6% ] [90m[1mreimport[22m | 18-haldo-release.png[39m[0m
[   6% ] [90m[1mreimport[22m | review-nine-scenes.png[39m[0m
[   6% ] [90m[1mreimport[22m | target-compare.png[39m[0m
[   6% ] [90m[1mreimport[22m | cave-layout-incomplete.png[39m[0m
[   6% ] [90m[1mreimport[22m | cave-layout.png[39m[0m
[   6% ] [90m[1mreimport[22m | cave-reference-comparison.png[39m[0m
[   6% ] [90m[1mreimport[22m | cave-repaired-layout.png[39m[0m
[   6% ] [90m[1mreimport[22m | cave-repaired-reference-comparison.png[39m[0m
[   6% ] [90m[1mreimport[22m | load-normal-notice-layout.png[39m[0m
[   6% ] [90m[1mreimport[22m | load-normal-notice-reference-comparison.png[39m[0m
[   6% ] [90m[1mreimport[22m | load-relocated-notice-layout.png[39m[0m
[   6% ] [90m[1mreimport[22m | load-relocated-notice-reference-comparison.png[39m[0m
[   6% ] [90m[1mreimport[22m | battle-60.png[39m[0m
[   6% ] [90m[1mreimport[22m | walk-0.png[39m[0m
[   6% ] [90m[1mreimport[22m | walk-30.png[39m[0m
[   6% ] [90m[1mreimport[22m | walk-60.png[39m[0m
[   6% ] [90m[1mreimport[22m | battle-stages.png[39m[0m
[   6% ] [90m[1mreimport[22m | walk-stages.png[39m[0m
[   6% ] [90m[1mreimport[22m | warrior-stages-detail.png[39m[0m
[   7% ] [90m[1mreimport[22m | battle-0.png[39m[0m
[   7% ] [90m[1mreimport[22m | battle-30.png[39m[0m
[   7% ] [90m[1mreimport[22m | battle-60.png[39m[0m
[   7% ] [90m[1mreimport[22m | battle-90.png[39m[0m
[   7% ] [90m[1mreimport[22m | walk-0.png[39m[0m
[   7% ] [90m[1mreimport[22m | walk-30.png[39m[0m
[   7% ] [90m[1mreimport[22m | walk-60.png[39m[0m
[   7% ] [90m[1mreimport[22m | walk-90.png[39m[0m
[   7% ] [90m[1mreimport[22m | battle-stages.png[39m[0m
[   7% ] [90m[1mreimport[22m | walk-stages.png[39m[0m
[   7% ] [90m[1mreimport[22m | 01-village-start.png[39m[0m
[   7% ] [90m[1mreimport[22m | 02-companion-conversation.png[39m[0m
[   7% ] [90m[1mreimport[22m | 03-village-exit-world.png[39m[0m
[   7% ] [90m[1mreimport[22m | 04-closed-gate.png[39m[0m
[   7% ] [90m[1mreimport[22m | 05-cave-floor-1.png[39m[0m
[   7% ] [90m[1mreimport[22m | 06-cave-floor-2-boss.png[39m[0m
[   7% ] [90m[1mreimport[22m | 03-left-bedroom.png[39m[0m
[   7% ] [90m[1mreimport[22m | 04-talk-innkeeper.png[39m[0m
[   7% ] [90m[1mreimport[22m | 05-after-rest.png[39m[0m
[   7% ] [90m[1mreimport[22m | 06-left-inn.png[39m[0m
[   7% ] [90m[1mreimport[22m | 07-reentered.png[39m[0m
[   7% ] [90m[1mreimport[22m | before-after.png[39m[0m
[   7% ] [90m[1mreimport[22m | collision-overlay.png[39m[0m
[   7% ] [90m[1mreimport[22m | inn-counter-before.png[39m[0m
[   7% ] [90m[1mreimport[22m | 01-departure.png[39m[0m
[   7% ] [90m[1mreimport[22m | 01-departure.png[39m[0m
[   7% ] [90m[1mreimport[22m | 02-arrival-at-second-port.png[39m[0m
[   7% ] [90m[1mreimport[22m | 02-first-sea-battle.png[39m[0m
[   7% ] [90m[1mreimport[22m | 03-central-pier.png[39m[0m
[   7% ] [90m[1mreimport[22m | 04-full-town.png[39m[0m
[   8% ] [90m[1mreimport[22m | 05-well-market.png[39m[0m
[   8% ] [90m[1mreimport[22m | 06-room-01-inn.png[39m[0m
[   8% ] [90m[1mreimport[22m | 06-room-02-item.png[39m[0m
[   8% ] [90m[1mreimport[22m | 06-room-03-weapon.png[39m[0m
[   8% ] [90m[1mreimport[22m | 06-room-04-armor.png[39m[0m
[   8% ] [90m[1mreimport[22m | 06-room-05-shrine.png[39m[0m
[   8% ] [90m[1mreimport[22m | 06-room-06-harbor.png[39m[0m
[   8% ] [90m[1mreimport[22m | 07-service-01-inn.png[39m[0m
[   8% ] [90m[1mreimport[22m | 07-service-02-item.png[39m[0m
[   8% ] [90m[1mreimport[22m | after-all.png[39m[0m
[   8% ] [90m[1mreimport[22m | before-all.png[39m[0m
[   8% ] [90m[1mreimport[22m | job-menu.png[39m[0m
[   8% ] [90m[1mreimport[22m | battle-mock-cave.png[39m[0m
[   8% ] [90m[1mreimport[22m | battle-mock-plains.png[39m[0m
[   8% ] [90m[1mreimport[22m | boss-mock.png[39m[0m
[   8% ] [90m[1mreimport[22m | catalog-sheet.png[39m[0m
[   8% ] [90m[1mreimport[22m | held-back.png[39m[0m
[   8% ] [90m[1mreimport[22m | original-review-1.png[39m[0m
[   8% ] [90m[1mreimport[22m | original-review-2.png[39m[0m
[   8% ] [90m[1mreimport[22m | original-review-3.png[39m[0m
[   8% ] [90m[1mreimport[22m | replacement-before-after.png[39m[0m
[   8% ] [90m[1mreimport[22m | size-before-after.png[39m[0m
[   8% ] [90m[1mreimport[22m | original-index-1.png[39m[0m
[   8% ] [90m[1mreimport[22m | original-index-2.png[39m[0m
[   8% ] [90m[1mreimport[22m | original-index-3.png[39m[0m
[   8% ] [90m[1mreimport[22m | original-index-4.png[39m[0m
[   8% ] [90m[1mreimport[22m | walk-sheets.png[39m[0m
[   8% ] [90m[1mreimport[22m | battle-mock-cave.png[39m[0m
[   8% ] [90m[1mreimport[22m | three-monsters.png[39m[0m
[   8% ] [90m[1mreimport[22m | 03-inn.png[39m[0m
[   9% ] [90m[1mreimport[22m | 01-inn-entered.png[39m[0m
[   9% ] [90m[1mreimport[22m | 02-right-bedroom.png[39m[0m
[   9% ] [90m[1mreimport[22m | runtime-overview.png[39m[0m
[   9% ] [90m[1mreimport[22m | shrine-walk-map.png[39m[0m
[   9% ] [90m[1mreimport[22m | weapon-walk-map.png[39m[0m
[   9% ] [90m[1mreimport[22m | 00-full-town.png[39m[0m
[   9% ] [90m[1mreimport[22m | 01-front-of-palm-trunk.png[39m[0m
[   9% ] [90m[1mreimport[22m | 02-behind-palm-crown.png[39m[0m
[   9% ] [90m[1mreimport[22m | 03-behind-stall-awning.png[39m[0m
[   9% ] [90m[1mreimport[22m | 04-front-of-stall.png[39m[0m
[   9% ] [90m[1mreimport[22m | 05-under-stone-arch.png[39m[0m
[   9% ] [90m[1mreimport[22m | 06-behind-building-roof-home-b.png[39m[0m
[   9% ] [90m[1mreimport[22m | 07-front-of-building-door-home-b.png[39m[0m
[   9% ] [90m[1mreimport[22m | 08-pier-before-boarding.png[39m[0m
[   9% ] [90m[1mreimport[22m | 09-after-boarding.png[39m[0m
[   9% ] [90m[1mreimport[22m | 01-ship-at-pier-before-sailing.png[39m[0m
[   9% ] [90m[1mreimport[22m | 02-just-after-sailing-out.png[39m[0m
[   9% ] [90m[1mreimport[22m | 03-pier-without-ship-readonly-copy.png[39m[0m
[   9% ] [90m[1mreimport[22m | 04-returned-ship-at-pier.png[39m[0m
[   9% ] [90m[1mreimport[22m | before-parts-full-town.png[39m[0m
[   9% ] [90m[1mreimport[22m | collision-and-upper-layer-on-original.png[39m[0m
[   9% ] [90m[1mreimport[22m | collision-and-upper-layer-overlay.png[39m[0m
[   9% ] [90m[1mreimport[22m | collision-overlay.png[39m[0m
[   9% ] [90m[1mreimport[22m | comparison-target-before-after.png[39m[0m
[   9% ] [90m[1mreimport[22m | ship-erase-after.png[39m[0m
[   9% ] [90m[1mreimport[22m | 07-service-03-weapon.png[39m[0m
[   9% ] [90m[1mreimport[22m | 07-service-04-armor.png[39m[0m
[   9% ] [90m[1mreimport[22m | 07-service-05-shrine.png[39m[0m
[   9% ] [90m[1mreimport[22m | 07-service-06-harbor.png[39m[0m
[   9% ] [90m[1mreimport[22m | 08-save-restored.png[39m[0m
[  10% ] [90m[1mreimport[22m | 09-reboarded.png[39m[0m
[  10% ] [90m[1mreimport[22m | 10-return-destination.png[39m[0m
[  10% ] [90m[1mreimport[22m | 11-returned-to-coast.png[39m[0m
[  10% ] [90m[1mreimport[22m | 12-stone-arch-entrance.png[39m[0m
[  10% ] [90m[1mreimport[22m | armor-walk-map.png[39m[0m
[  10% ] [90m[1mreimport[22m | exterior-comparison.png[39m[0m
[  10% ] [90m[1mreimport[22m | harbor-walk-map.png[39m[0m
[  10% ] [90m[1mreimport[22m | inn-walk-map.png[39m[0m
[  10% ] [90m[1mreimport[22m | item-walk-map.png[39m[0m
[  10% ] [90m[1mreimport[22m | residents-walk.png[39m[0m
[  10% ] [90m[1mreimport[22m | room-comparison-armor.png[39m[0m
[  10% ] [90m[1mreimport[22m | room-comparison-harbor.png[39m[0m
[  10% ] [90m[1mreimport[22m | room-comparison-inn.png[39m[0m
[  10% ] [90m[1mreimport[22m | room-comparison-item.png[39m[0m
[  10% ] [90m[1mreimport[22m | room-comparison-shrine.png[39m[0m
[  10% ] [90m[1mreimport[22m | room-comparison-weapon.png[39m[0m
[  10% ] [90m[1mreimport[22m | rooms-before-after.png[39m[0m
[  10% ] [90m[1mreimport[22m | rooms-overview.png[39m[0m
[  10% ] [90m[1mreimport[22m | before-after.png[39m[0m
[  10% ] [90m[1mreimport[22m | collision-overlay.png[39m[0m
[  10% ] [90m[1mreimport[22m | before-after.png[39m[0m
[  10% ] [90m[1mreimport[22m | collision-overlay.png[39m[0m
[  10% ] [90m[1mreimport[22m | before-after.png[39m[0m
[  10% ] [90m[1mreimport[22m | collision-overlay.png[39m[0m
[  10% ] [90m[1mreimport[22m | before-after.png[39m[0m
[  10% ] [90m[1mreimport[22m | collision-overlay.png[39m[0m
[  10% ] [90m[1mreimport[22m | before-after.png[39m[0m
[  10% ] [90m[1mreimport[22m | collision-overlay.png[39m[0m
[  10% ] [90m[1mreimport[22m | before-after.png[39m[0m
[  10% ] [90m[1mreimport[22m | collision-overlay.png[39m[0m
[  11% ] [90m[1mreimport[22m | before-after.png[39m[0m
[  11% ] [90m[1mreimport[22m | collision-overlay.png[39m[0m
[  11% ] [90m[1mreimport[22m | before-after.png[39m[0m
[  11% ] [90m[1mreimport[22m | collision-overlay.png[39m[0m
[  11% ] [90m[1mreimport[22m | before-after.png[39m[0m
[  11% ] [90m[1mreimport[22m | collision-overlay.png[39m[0m
[  11% ] [90m[1mreimport[22m | before-after.png[39m[0m
[  11% ] [90m[1mreimport[22m | collision-overlay.png[39m[0m
[  11% ] [90m[1mreimport[22m | before-after.png[39m[0m
[  11% ] [90m[1mreimport[22m | collision-overlay.png[39m[0m
[  11% ] [90m[1mreimport[22m | before-after.png[39m[0m
[  11% ] [90m[1mreimport[22m | port-08-1-entered.png[39m[0m
[  11% ] [90m[1mreimport[22m | port-08-2-talk-lighthouse_keeper.png[39m[0m
[  11% ] [90m[1mreimport[22m | village-00-1-entered.png[39m[0m
[  11% ] [90m[1mreimport[22m | village-02-1-entered.png[39m[0m
[  11% ] [90m[1mreimport[22m | village-02-2-talk-village_inn.png[39m[0m
[  11% ] [90m[1mreimport[22m | village-03-1-entered.png[39m[0m
[  11% ] [90m[1mreimport[22m | village-03-2-talk-village_item.png[39m[0m
[  11% ] [90m[1mreimport[22m | village-04-1-entered.png[39m[0m
[  11% ] [90m[1mreimport[22m | village-04-2-talk-village_weapon.png[39m[0m
[  11% ] [90m[1mreimport[22m | before-after.png[39m[0m
[  11% ] [90m[1mreimport[22m | collision-overlay.png[39m[0m
[  11% ] [90m[1mreimport[22m | before-after.png[39m[0m
[  11% ] [90m[1mreimport[22m | collision-overlay.png[39m[0m
[  11% ] [90m[1mreimport[22m | before-after.png[39m[0m
[  11% ] [90m[1mreimport[22m | collision-overlay.png[39m[0m
[  11% ] [90m[1mreimport[22m | before-after.png[39m[0m
[  11% ] [90m[1mreimport[22m | collision-overlay.png[39m[0m
[  11% ] [90m[1mreimport[22m | before-after.png[39m[0m
[  11% ] [90m[1mreimport[22m | collision-overlay.png[39m[0m
[  12% ] [90m[1mreimport[22m | before-after.png[39m[0m
[  12% ] [90m[1mreimport[22m | collision-overlay.png[39m[0m
[  12% ] [90m[1mreimport[22m | before-after.png[39m[0m
[  12% ] [90m[1mreimport[22m | collision-overlay.png[39m[0m
[  12% ] [90m[1mreimport[22m | 01-menu.png[39m[0m
[  12% ] [90m[1mreimport[22m | 02-save-notice.png[39m[0m
[  12% ] [90m[1mreimport[22m | 03-items.png[39m[0m
[  12% ] [90m[1mreimport[22m | 04-atlas.png[39m[0m
[  12% ] [90m[1mreimport[22m | 05-return.png[39m[0m
[  12% ] [90m[1mreimport[22m | 06-return-selected.png[39m[0m
[  12% ] [90m[1mreimport[22m | 07-party-job.png[39m[0m
[  12% ] [90m[1mreimport[22m | 08-job-list.png[39m[0m
[  12% ] [90m[1mreimport[22m | 09-job-disabled.png[39m[0m
[  12% ] [90m[1mreimport[22m | 10-party-bottom.png[39m[0m
[  12% ] [90m[1mreimport[22m | 11-job-lore.png[39m[0m
[  12% ] [90m[1mreimport[22m | 12-mechanics.png[39m[0m
[  12% ] [90m[1mreimport[22m | 13-purify.png[39m[0m
[  12% ] [90m[1mreimport[22m | 14-upgrade.png[39m[0m
[  12% ] [90m[1mreimport[22m | 15-journal.png[39m[0m
[  12% ] [90m[1mreimport[22m | 16-replay.png[39m[0m
[  12% ] [90m[1mreimport[22m | 17-title.png[39m[0m
[  12% ] [90m[1mreimport[22m | 18-review.png[39m[0m
[  12% ] [90m[1mreimport[22m | 19-review-list.png[39m[0m
[  12% ] [90m[1mreimport[22m | 20-review-input.png[39m[0m
[  12% ] [90m[1mreimport[22m | 21-menu-ship.png[39m[0m
[  12% ] [90m[1mreimport[22m | 22-journal-filled.png[39m[0m
[  12% ] [90m[1mreimport[22m | 23-journal-list.png[39m[0m
[  12% ] [90m[1mreimport[22m | collision-overlay.png[39m[0m
[  12% ] [90m[1mreimport[22m | 01-menu.png[39m[0m
[  13% ] [90m[1mreimport[22m | 02-save-notice.png[39m[0m
[  13% ] [90m[1mreimport[22m | 03-items.png[39m[0m
[  13% ] [90m[1mreimport[22m | 04-atlas.png[39m[0m
[  13% ] [90m[1mreimport[22m | 05-return.png[39m[0m
[  13% ] [90m[1mreimport[22m | 06-return-selected.png[39m[0m
[  13% ] [90m[1mreimport[22m | 07-party-job.png[39m[0m
[  13% ] [90m[1mreimport[22m | 08-job-list.png[39m[0m
[  13% ] [90m[1mreimport[22m | 09-job-disabled.png[39m[0m
[  13% ] [90m[1mreimport[22m | 10-party-bottom.png[39m[0m
[  13% ] [90m[1mreimport[22m | 11-job-lore.png[39m[0m
[  13% ] [90m[1mreimport[22m | 12-mechanics.png[39m[0m
[  13% ] [90m[1mreimport[22m | 13-purify.png[39m[0m
[  13% ] [90m[1mreimport[22m | 14-upgrade.png[39m[0m
[  13% ] [90m[1mreimport[22m | 15-journal.png[39m[0m
[  13% ] [90m[1mreimport[22m | 16-replay.png[39m[0m
[  13% ] [90m[1mreimport[22m | 17-title.png[39m[0m
[  13% ] [90m[1mreimport[22m | 18-review.png[39m[0m
[  13% ] [90m[1mreimport[22m | 19-review-list.png[39m[0m
[  13% ] [90m[1mreimport[22m | 20-review-input.png[39m[0m
[  13% ] [90m[1mreimport[22m | 21-menu-ship.png[39m[0m
[  13% ] [90m[1mreimport[22m | 22-journal-filled.png[39m[0m
[  13% ] [90m[1mreimport[22m | 23-journal-list.png[39m[0m
[  13% ] [90m[1mreimport[22m | battle-composite.png[39m[0m
[  13% ] [90m[1mreimport[22m | battle-overlay.png[39m[0m
[  13% ] [90m[1mreimport[22m | walk-composite.png[39m[0m
[  13% ] [90m[1mreimport[22m | walk-overlay.png[39m[0m
[  13% ] [90m[1mreimport[22m | battle-composite.png[39m[0m
[  13% ] [90m[1mreimport[22m | battle-overlay.png[39m[0m
[  13% ] [90m[1mreimport[22m | walk-composite.png[39m[0m
[  13% ] [90m[1mreimport[22m | walk-overlay.png[39m[0m
[  14% ] [90m[1mreimport[22m | battle-composite.png[39m[0m
[  14% ] [90m[1mreimport[22m | battle-overlay.png[39m[0m
[  14% ] [90m[1mreimport[22m | walk-composite.png[39m[0m
[  14% ] [90m[1mreimport[22m | walk-overlay.png[39m[0m
[  14% ] [90m[1mreimport[22m | battle-composite.png[39m[0m
[  14% ] [90m[1mreimport[22m | battle-overlay.png[39m[0m
[  14% ] [90m[1mreimport[22m | walk-composite.png[39m[0m
[  14% ] [90m[1mreimport[22m | walk-overlay.png[39m[0m
[  14% ] [90m[1mreimport[22m | battle-composite.png[39m[0m
[  14% ] [90m[1mreimport[22m | battle-overlay.png[39m[0m
[  14% ] [90m[1mreimport[22m | walk-composite.png[39m[0m
[  14% ] [90m[1mreimport[22m | walk-overlay.png[39m[0m
[  14% ] [90m[1mreimport[22m | battle-composite.png[39m[0m
[  14% ] [90m[1mreimport[22m | battle-overlay.png[39m[0m
[  14% ] [90m[1mreimport[22m | walk-composite.png[39m[0m
[  14% ] [90m[1mreimport[22m | battle-overlay.png[39m[0m
[  14% ] [90m[1mreimport[22m | walk-composite.png[39m[0m
[  14% ] [90m[1mreimport[22m | walk-overlay.png[39m[0m
[  14% ] [90m[1mreimport[22m | battle-composite.png[39m[0m
[  14% ] [90m[1mreimport[22m | battle-overlay.png[39m[0m
[  14% ] [90m[1mreimport[22m | walk-composite.png[39m[0m
[  14% ] [90m[1mreimport[22m | walk-overlay.png[39m[0m
[  14% ] [90m[1mreimport[22m | battle-composite.png[39m[0m
[  14% ] [90m[1mreimport[22m | battle-overlay.png[39m[0m
[  14% ] [90m[1mreimport[22m | walk-composite.png[39m[0m
[  14% ] [90m[1mreimport[22m | walk-overlay.png[39m[0m
[  14% ] [90m[1mreimport[22m | battle-composite.png[39m[0m
[  14% ] [90m[1mreimport[22m | battle-overlay.png[39m[0m
[  14% ] [90m[1mreimport[22m | walk-composite.png[39m[0m
[  14% ] [90m[1mreimport[22m | walk-overlay.png[39m[0m
[  15% ] [90m[1mreimport[22m | battle-composite.png[39m[0m
[  15% ] [90m[1mreimport[22m | battle-overlay.png[39m[0m
[  15% ] [90m[1mreimport[22m | walk-composite.png[39m[0m
[  15% ] [90m[1mreimport[22m | walk-overlay.png[39m[0m
[  15% ] [90m[1mreimport[22m | battle-composite.png[39m[0m
[  15% ] [90m[1mreimport[22m | battle-overlay.png[39m[0m
[  15% ] [90m[1mreimport[22m | walk-composite.png[39m[0m
[  15% ] [90m[1mreimport[22m | walk-overlay.png[39m[0m
[  15% ] [90m[1mreimport[22m | walk-overlay.png[39m[0m
[  15% ] [90m[1mreimport[22m | battle-composite.png[39m[0m
[  15% ] [90m[1mreimport[22m | battle-overlay.png[39m[0m
[  15% ] [90m[1mreimport[22m | walk-composite.png[39m[0m
[  15% ] [90m[1mreimport[22m | walk-overlay.png[39m[0m
[  15% ] [90m[1mreimport[22m | battle-composite.png[39m[0m
[  15% ] [90m[1mreimport[22m | battle-overlay.png[39m[0m
[  15% ] [90m[1mreimport[22m | walk-composite.png[39m[0m
[  15% ] [90m[1mreimport[22m | walk-overlay.png[39m[0m
[  15% ] [90m[1mreimport[22m | battle-composite.png[39m[0m
[  15% ] [90m[1mreimport[22m | battle-overlay.png[39m[0m
[  15% ] [90m[1mreimport[22m | walk-composite.png[39m[0m
[  15% ] [90m[1mreimport[22m | walk-overlay.png[39m[0m
[  15% ] [90m[1mreimport[22m | battle-composite.png[39m[0m
[  15% ] [90m[1mreimport[22m | battle-overlay.png[39m[0m
[  15% ] [90m[1mreimport[22m | walk-composite.png[39m[0m
[  15% ] [90m[1mreimport[22m | walk-overlay.png[39m[0m
[  15% ] [90m[1mreimport[22m | battle-composite.png[39m[0m
[  15% ] [90m[1mreimport[22m | battle-overlay.png[39m[0m
[  15% ] [90m[1mreimport[22m | walk-composite.png[39m[0m
[  15% ] [90m[1mreimport[22m | walk-overlay.png[39m[0m
[  15% ] [90m[1mreimport[22m | battle-composite.png[39m[0m
[  16% ] [90m[1mreimport[22m | battle-overlay.png[39m[0m
[  16% ] [90m[1mreimport[22m | walk-overlay.png[39m[0m
[  16% ] [90m[1mreimport[22m | battle-composite.png[39m[0m
[  16% ] [90m[1mreimport[22m | battle-overlay.png[39m[0m
[  16% ] [90m[1mreimport[22m | walk-composite.png[39m[0m
[  16% ] [90m[1mreimport[22m | walk-overlay.png[39m[0m
[  16% ] [90m[1mreimport[22m | battle-composite.png[39m[0m
[  16% ] [90m[1mreimport[22m | battle-overlay.png[39m[0m
[  16% ] [90m[1mreimport[22m | walk-composite.png[39m[0m
[  16% ] [90m[1mreimport[22m | walk-overlay.png[39m[0m
[  16% ] [90m[1mreimport[22m | battle-composite.png[39m[0m
[  16% ] [90m[1mreimport[22m | battle-overlay.png[39m[0m
[  16% ] [90m[1mreimport[22m | walk-composite.png[39m[0m
[  16% ] [90m[1mreimport[22m | walk-overlay.png[39m[0m
[  16% ] [90m[1mreimport[22m | battle-composite.png[39m[0m
[  16% ] [90m[1mreimport[22m | battle-overlay.png[39m[0m
[  16% ] [90m[1mreimport[22m | walk-composite.png[39m[0m
[  16% ] [90m[1mreimport[22m | walk-overlay.png[39m[0m
[  16% ] [90m[1mreimport[22m | battle-composite.png[39m[0m
[  16% ] [90m[1mreimport[22m | battle-overlay.png[39m[0m
[  16% ] [90m[1mreimport[22m | walk-composite.png[39m[0m
[  16% ] [90m[1mreimport[22m | walk-overlay.png[39m[0m
[  16% ] [90m[1mreimport[22m | battle-composite.png[39m[0m
[  16% ] [90m[1mreimport[22m | battle-overlay.png[39m[0m
[  16% ] [90m[1mreimport[22m | walk-composite.png[39m[0m
[  16% ] [90m[1mreimport[22m | walk-overlay.png[39m[0m
[  16% ] [90m[1mreimport[22m | battle-composite.png[39m[0m
[  16% ] [90m[1mreimport[22m | battle-overlay.png[39m[0m
[  16% ] [90m[1mreimport[22m | walk-composite.png[39m[0m
[  16% ] [90m[1mreimport[22m | walk-overlay.png[39m[0m
[  17% ] [90m[1mreimport[22m | battle-composite.png[39m[0m
[  17% ] [90m[1mreimport[22m | battle-overlay.png[39m[0m
[  17% ] [90m[1mreimport[22m | walk-composite.png[39m[0m
[  17% ] [90m[1mreimport[22m | walk-overlay.png[39m[0m
[  17% ] [90m[1mreimport[22m | battle-composite.png[39m[0m
[  17% ] [90m[1mreimport[22m | battle-overlay.png[39m[0m
[  17% ] [90m[1mreimport[22m | walk-composite.png[39m[0m
[  17% ] [90m[1mreimport[22m | walk-overlay.png[39m[0m
[  17% ] [90m[1mreimport[22m | battle-composite.png[39m[0m
[  17% ] [90m[1mreimport[22m | battle-overlay.png[39m[0m
[  17% ] [90m[1mreimport[22m | walk-composite.png[39m[0m
[  17% ] [90m[1mreimport[22m | walk-overlay.png[39m[0m
[  17% ] [90m[1mreimport[22m | battle-composite.png[39m[0m
[  17% ] [90m[1mreimport[22m | battle-overlay.png[39m[0m
[  17% ] [90m[1mreimport[22m | walk-composite.png[39m[0m
[  17% ] [90m[1mreimport[22m | walk-overlay.png[39m[0m
[  17% ] [90m[1mreimport[22m | battle-composite.png[39m[0m
[  17% ] [90m[1mreimport[22m | battle-overlay.png[39m[0m
[  17% ] [90m[1mreimport[22m | before-full-town.png[39m[0m
[  17% ] [90m[1mreimport[22m | overview.png[39m[0m
[  17% ] [90m[1mreimport[22m | 01-party-four.png[39m[0m
[  17% ] [90m[1mreimport[22m | 02-party-three.png[39m[0m
[  17% ] [90m[1mreimport[22m | 03-attack.png[39m[0m
[  17% ] [90m[1mreimport[22m | 04-target-cursor.png[39m[0m
[  17% ] [90m[1mreimport[22m | state-damage.png[39m[0m
[  17% ] [90m[1mreimport[22m | state-fallen.png[39m[0m
[  17% ] [90m[1mreimport[22m | state-heal.png[39m[0m
[  17% ] [90m[1mreimport[22m | state-revive.png[39m[0m
[  17% ] [90m[1mreimport[22m | 01-enemies-1.png[39m[0m
[  17% ] [90m[1mreimport[22m | 02-enemies-2.png[39m[0m
[  18% ] [90m[1mreimport[22m | 03-enemies-3.png[39m[0m
[  18% ] [90m[1mreimport[22m | 04-enemies-4.png[39m[0m
[  18% ] [90m[1mreimport[22m | 05-target-selection.png[39m[0m
[  18% ] [90m[1mreimport[22m | 06-large-enemies.png[39m[0m
[  18% ] [90m[1mreimport[22m | battle-composite.png[39m[0m
[  18% ] [90m[1mreimport[22m | battle-overlay.png[39m[0m
[  18% ] [90m[1mreimport[22m | walk-composite.png[39m[0m
[  18% ] [90m[1mreimport[22m | walk-overlay.png[39m[0m
[  18% ] [90m[1mreimport[22m | battle-composite.png[39m[0m
[  18% ] [90m[1mreimport[22m | battle-overlay.png[39m[0m
[  18% ] [90m[1mreimport[22m | walk-composite.png[39m[0m
[  18% ] [90m[1mreimport[22m | walk-composite.png[39m[0m
[  18% ] [90m[1mreimport[22m | walk-overlay.png[39m[0m
[  18% ] [90m[1mreimport[22m | battle-composite.png[39m[0m
[  18% ] [90m[1mreimport[22m | battle-overlay.png[39m[0m
[  18% ] [90m[1mreimport[22m | walk-composite.png[39m[0m
[  18% ] [90m[1mreimport[22m | walk-overlay.png[39m[0m
[  18% ] [90m[1mreimport[22m | battle-composite.png[39m[0m
[  18% ] [90m[1mreimport[22m | battle-overlay.png[39m[0m
[  18% ] [90m[1mreimport[22m | walk-composite.png[39m[0m
[  18% ] [90m[1mreimport[22m | walk-overlay.png[39m[0m
[  18% ] [90m[1mreimport[22m | battle-composite.png[39m[0m
[  18% ] [90m[1mreimport[22m | battle-overlay.png[39m[0m
[  18% ] [90m[1mreimport[22m | walk-composite.png[39m[0m
[  18% ] [90m[1mreimport[22m | walk-overlay.png[39m[0m
[  18% ] [90m[1mreimport[22m | battle-composite.png[39m[0m
[  18% ] [90m[1mreimport[22m | battle-overlay.png[39m[0m
[  18% ] [90m[1mreimport[22m | walk-composite.png[39m[0m
[  18% ] [90m[1mreimport[22m | walk-overlay.png[39m[0m
[  18% ] [90m[1mreimport[22m | battle-composite.png[39m[0m
[  19% ] [90m[1mreimport[22m | battle-overlay.png[39m[0m
[  19% ] [90m[1mreimport[22m | walk-composite.png[39m[0m
[  19% ] [90m[1mreimport[22m | walk-overlay.png[39m[0m
[  19% ] [90m[1mreimport[22m | battle-composite.png[39m[0m
[  19% ] [90m[1mreimport[22m | walk-composite.png[39m[0m
[  19% ] [90m[1mreimport[22m | walk-overlay.png[39m[0m
[  19% ] [90m[1mreimport[22m | battle-composite.png[39m[0m
[  19% ] [90m[1mreimport[22m | battle-overlay.png[39m[0m
[  19% ] [90m[1mreimport[22m | walk-composite.png[39m[0m
[  19% ] [90m[1mreimport[22m | walk-overlay.png[39m[0m
[  19% ] [90m[1mreimport[22m | battle-composite.png[39m[0m
[  19% ] [90m[1mreimport[22m | battle-overlay.png[39m[0m
[  19% ] [90m[1mreimport[22m | walk-composite.png[39m[0m
[  19% ] [90m[1mreimport[22m | walk-overlay.png[39m[0m
[  19% ] [90m[1mreimport[22m | battle-composite.png[39m[0m
[  19% ] [90m[1mreimport[22m | battle-overlay.png[39m[0m
[  19% ] [90m[1mreimport[22m | walk-composite.png[39m[0m
[  19% ] [90m[1mreimport[22m | walk-overlay.png[39m[0m
[  19% ] [90m[1mreimport[22m | battle-composite.png[39m[0m
[  19% ] [90m[1mreimport[22m | battle-overlay.png[39m[0m
[  19% ] [90m[1mreimport[22m | walk-composite.png[39m[0m
[  19% ] [90m[1mreimport[22m | walk-overlay.png[39m[0m
[  19% ] [90m[1mreimport[22m | battle-composite.png[39m[0m
[  19% ] [90m[1mreimport[22m | battle-overlay.png[39m[0m
[  19% ] [90m[1mreimport[22m | walk-composite.png[39m[0m
[  19% ] [90m[1mreimport[22m | walk-overlay.png[39m[0m
[  19% ] [90m[1mreimport[22m | battle-composite.png[39m[0m
[  19% ] [90m[1mreimport[22m | battle-overlay.png[39m[0m
[  19% ] [90m[1mreimport[22m | walk-composite.png[39m[0m
[  19% ] [90m[1mreimport[22m | walk-overlay.png[39m[0m
[  20% ] [90m[1mreimport[22m | battle-composite.png[39m[0m
[  20% ] [90m[1mreimport[22m | battle-overlay.png[39m[0m
[  20% ] [90m[1mreimport[22m | walk-composite.png[39m[0m
[  20% ] [90m[1mreimport[22m | walk-overlay.png[39m[0m
[  20% ] [90m[1mreimport[22m | battle-composite.png[39m[0m
[  20% ] [90m[1mreimport[22m | battle-overlay.png[39m[0m
[  20% ] [90m[1mreimport[22m | walk-composite.png[39m[0m
[  20% ] [90m[1mreimport[22m | walk-overlay.png[39m[0m
[  20% ] [90m[1mreimport[22m | battle-composite.png[39m[0m
[  20% ] [90m[1mreimport[22m | battle-overlay.png[39m[0m
[  20% ] [90m[1mreimport[22m | walk-composite.png[39m[0m
[  20% ] [90m[1mreimport[22m | walk-overlay.png[39m[0m
[  20% ] [90m[1mreimport[22m | battle-composite.png[39m[0m
[  20% ] [90m[1mreimport[22m | battle-overlay.png[39m[0m
[  20% ] [90m[1mreimport[22m | walk-composite.png[39m[0m
[  20% ] [90m[1mreimport[22m | walk-overlay.png[39m[0m
[  20% ] [90m[1mreimport[22m | battle-composite.png[39m[0m
[  20% ] [90m[1mreimport[22m | battle-overlay.png[39m[0m
[  20% ] [90m[1mreimport[22m | walk-composite.png[39m[0m
[  20% ] [90m[1mreimport[22m | walk-overlay.png[39m[0m
[  20% ] [90m[1mreimport[22m | battle-composite.png[39m[0m
[  20% ] [90m[1mreimport[22m | walk-overlay.png[39m[0m
[  20% ] [90m[1mreimport[22m | battle-composite.png[39m[0m
[  20% ] [90m[1mreimport[22m | battle-overlay.png[39m[0m
[  20% ] [90m[1mreimport[22m | walk-composite.png[39m[0m
[  20% ] [90m[1mreimport[22m | walk-overlay.png[39m[0m
[  20% ] [90m[1mreimport[22m | battle-composite.png[39m[0m
[  20% ] [90m[1mreimport[22m | battle-overlay.png[39m[0m
[  20% ] [90m[1mreimport[22m | walk-composite.png[39m[0m
[  20% ] [90m[1mreimport[22m | walk-overlay.png[39m[0m
[  21% ] [90m[1mreimport[22m | battle-composite.png[39m[0m
[  21% ] [90m[1mreimport[22m | battle-overlay.png[39m[0m
[  21% ] [90m[1mreimport[22m | walk-composite.png[39m[0m
[  21% ] [90m[1mreimport[22m | walk-overlay.png[39m[0m
[  21% ] [90m[1mreimport[22m | battle-composite.png[39m[0m
[  21% ] [90m[1mreimport[22m | battle-overlay.png[39m[0m
[  21% ] [90m[1mreimport[22m | walk-composite.png[39m[0m
[  21% ] [90m[1mreimport[22m | walk-overlay.png[39m[0m
[  21% ] [90m[1mreimport[22m | battle-composite.png[39m[0m
[  21% ] [90m[1mreimport[22m | battle-overlay.png[39m[0m
[  21% ] [90m[1mreimport[22m | walk-composite.png[39m[0m
[  21% ] [90m[1mreimport[22m | walk-overlay.png[39m[0m
[  21% ] [90m[1mreimport[22m | battle-composite.png[39m[0m
[  21% ] [90m[1mreimport[22m | battle-overlay.png[39m[0m
[  21% ] [90m[1mreimport[22m | battle-overlay.png[39m[0m
[  21% ] [90m[1mreimport[22m | walk-composite.png[39m[0m
[  21% ] [90m[1mreimport[22m | walk-overlay.png[39m[0m
[  21% ] [90m[1mreimport[22m | battle-composite.png[39m[0m
[  21% ] [90m[1mreimport[22m | battle-overlay.png[39m[0m
[  21% ] [90m[1mreimport[22m | walk-composite.png[39m[0m
[  21% ] [90m[1mreimport[22m | walk-overlay.png[39m[0m
[  21% ] [90m[1mreimport[22m | battle-composite.png[39m[0m
[  21% ] [90m[1mreimport[22m | battle-overlay.png[39m[0m
[  21% ] [90m[1mreimport[22m | walk-composite.png[39m[0m
[  21% ] [90m[1mreimport[22m | walk-overlay.png[39m[0m
[  21% ] [90m[1mreimport[22m | battle-composite.png[39m[0m
[  21% ] [90m[1mreimport[22m | battle-overlay.png[39m[0m
[  21% ] [90m[1mreimport[22m | walk-composite.png[39m[0m
[  21% ] [90m[1mreimport[22m | walk-overlay.png[39m[0m
[  21% ] [90m[1mreimport[22m | battle-composite.png[39m[0m
[  22% ] [90m[1mreimport[22m | battle-overlay.png[39m[0m
[  22% ] [90m[1mreimport[22m | walk-composite.png[39m[0m
[  22% ] [90m[1mreimport[22m | walk-overlay.png[39m[0m
[  22% ] [90m[1mreimport[22m | battle-composite.png[39m[0m
[  22% ] [90m[1mreimport[22m | battle-overlay.png[39m[0m
[  22% ] [90m[1mreimport[22m | walk-composite.png[39m[0m
[  22% ] [90m[1mreimport[22m | walk-overlay.png[39m[0m
[  22% ] [90m[1mreimport[22m | battle-overlay.png[39m[0m
[  22% ] [90m[1mreimport[22m | walk-composite.png[39m[0m
[  22% ] [90m[1mreimport[22m | walk-overlay.png[39m[0m
[  22% ] [90m[1mreimport[22m | battle-composite.png[39m[0m
[  22% ] [90m[1mreimport[22m | battle-overlay.png[39m[0m
[  22% ] [90m[1mreimport[22m | walk-composite.png[39m[0m
[  22% ] [90m[1mreimport[22m | walk-overlay.png[39m[0m
[  22% ] [90m[1mreimport[22m | battle-composite.png[39m[0m
[  22% ] [90m[1mreimport[22m | battle-overlay.png[39m[0m
[  22% ] [90m[1mreimport[22m | walk-composite.png[39m[0m
[  22% ] [90m[1mreimport[22m | walk-overlay.png[39m[0m
[  22% ] [90m[1mreimport[22m | battle-composite.png[39m[0m
[  22% ] [90m[1mreimport[22m | battle-overlay.png[39m[0m
[  22% ] [90m[1mreimport[22m | walk-composite.png[39m[0m
[  22% ] [90m[1mreimport[22m | walk-overlay.png[39m[0m
[  22% ] [90m[1mreimport[22m | battle-composite.png[39m[0m
[  22% ] [90m[1mreimport[22m | battle-overlay.png[39m[0m
[  22% ] [90m[1mreimport[22m | walk-composite.png[39m[0m
[  22% ] [90m[1mreimport[22m | walk-overlay.png[39m[0m
[  22% ] [90m[1mreimport[22m | battle-composite.png[39m[0m
[  22% ] [90m[1mreimport[22m | battle-overlay.png[39m[0m
[  22% ] [90m[1mreimport[22m | walk-composite.png[39m[0m
[  22% ] [90m[1mreimport[22m | walk-overlay.png[39m[0m
[  23% ] [90m[1mreimport[22m | battle-composite.png[39m[0m
[  23% ] [90m[1mreimport[22m | battle-overlay.png[39m[0m
[  23% ] [90m[1mreimport[22m | walk-composite.png[39m[0m
[  23% ] [90m[1mreimport[22m | walk-overlay.png[39m[0m
[  23% ] [90m[1mreimport[22m | battle-composite.png[39m[0m
[  23% ] [90m[1mreimport[22m | battle-overlay.png[39m[0m
[  23% ] [90m[1mreimport[22m | walk-composite.png[39m[0m
[  23% ] [90m[1mreimport[22m | walk-overlay.png[39m[0m
[  23% ] [90m[1mreimport[22m | battle-composite.png[39m[0m
[  23% ] [90m[1mreimport[22m | battle-overlay.png[39m[0m
[  23% ] [90m[1mreimport[22m | walk-composite.png[39m[0m
[  23% ] [90m[1mreimport[22m | walk-overlay.png[39m[0m
[  23% ] [90m[1mreimport[22m | battle-composite.png[39m[0m
[  23% ] [90m[1mreimport[22m | battle-overlay.png[39m[0m
[  23% ] [90m[1mreimport[22m | walk-composite.png[39m[0m
[  23% ] [90m[1mreimport[22m | walk-overlay.png[39m[0m
[  23% ] [90m[1mreimport[22m | battle-composite.png[39m[0m
[  23% ] [90m[1mreimport[22m | battle-overlay.png[39m[0m
[  23% ] [90m[1mreimport[22m | walk-composite.png[39m[0m
[  23% ] [90m[1mreimport[22m | walk-overlay.png[39m[0m
[  23% ] [90m[1mreimport[22m | battle-composite.png[39m[0m
[  23% ] [90m[1mreimport[22m | battle-overlay.png[39m[0m
[  23% ] [90m[1mreimport[22m | walk-composite.png[39m[0m
[  23% ] [90m[1mreimport[22m | walk-overlay.png[39m[0m
[  23% ] [90m[1mreimport[22m | walk-composite.png[39m[0m
[  23% ] [90m[1mreimport[22m | walk-overlay.png[39m[0m
[  23% ] [90m[1mreimport[22m | battle-composite.png[39m[0m
[  23% ] [90m[1mreimport[22m | battle-overlay.png[39m[0m
[  23% ] [90m[1mreimport[22m | walk-composite.png[39m[0m
[  23% ] [90m[1mreimport[22m | walk-overlay.png[39m[0m
[  24% ] [90m[1mreimport[22m | battle-composite.png[39m[0m
[  24% ] [90m[1mreimport[22m | battle-overlay.png[39m[0m
[  24% ] [90m[1mreimport[22m | walk-composite.png[39m[0m
[  24% ] [90m[1mreimport[22m | walk-overlay.png[39m[0m
[  24% ] [90m[1mreimport[22m | battle-composite.png[39m[0m
[  24% ] [90m[1mreimport[22m | battle-overlay.png[39m[0m
[  24% ] [90m[1mreimport[22m | walk-composite.png[39m[0m
[  24% ] [90m[1mreimport[22m | walk-overlay.png[39m[0m
[  24% ] [90m[1mreimport[22m | battle-composite.png[39m[0m
[  24% ] [90m[1mreimport[22m | battle-overlay.png[39m[0m
[  24% ] [90m[1mreimport[22m | walk-composite.png[39m[0m
[  24% ] [90m[1mreimport[22m | walk-overlay.png[39m[0m
[  24% ] [90m[1mreimport[22m | battle-composite.png[39m[0m
[  24% ] [90m[1mreimport[22m | battle-overlay.png[39m[0m
[  24% ] [90m[1mreimport[22m | walk-composite.png[39m[0m
[  24% ] [90m[1mreimport[22m | walk-overlay.png[39m[0m
[  24% ] [90m[1mreimport[22m | battle-composite.png[39m[0m
[  24% ] [90m[1mreimport[22m | battle-composite.png[39m[0m
[  24% ] [90m[1mreimport[22m | battle-overlay.png[39m[0m
[  24% ] [90m[1mreimport[22m | walk-composite.png[39m[0m
[  24% ] [90m[1mreimport[22m | walk-overlay.png[39m[0m
[  24% ] [90m[1mreimport[22m | battle-composite.png[39m[0m
[  24% ] [90m[1mreimport[22m | battle-overlay.png[39m[0m
[  24% ] [90m[1mreimport[22m | walk-composite.png[39m[0m
[  24% ] [90m[1mreimport[22m | walk-overlay.png[39m[0m
[  24% ] [90m[1mreimport[22m | battle-composite.png[39m[0m
[  24% ] [90m[1mreimport[22m | battle-overlay.png[39m[0m
[  24% ] [90m[1mreimport[22m | walk-composite.png[39m[0m
[  24% ] [90m[1mreimport[22m | walk-overlay.png[39m[0m
[  25% ] [90m[1mreimport[22m | battle-composite.png[39m[0m
[  25% ] [90m[1mreimport[22m | battle-overlay.png[39m[0m
[  25% ] [90m[1mreimport[22m | walk-composite.png[39m[0m
[  25% ] [90m[1mreimport[22m | walk-overlay.png[39m[0m
[  25% ] [90m[1mreimport[22m | battle-composite.png[39m[0m
[  25% ] [90m[1mreimport[22m | battle-overlay.png[39m[0m
[  25% ] [90m[1mreimport[22m | walk-composite.png[39m[0m
[  25% ] [90m[1mreimport[22m | walk-overlay.png[39m[0m
[  25% ] [90m[1mreimport[22m | battle-composite.png[39m[0m
[  25% ] [90m[1mreimport[22m | battle-overlay.png[39m[0m
[  25% ] [90m[1mreimport[22m | walk-composite.png[39m[0m
[  25% ] [90m[1mreimport[22m | battle-composite.png[39m[0m
[  25% ] [90m[1mreimport[22m | battle-overlay.png[39m[0m
[  25% ] [90m[1mreimport[22m | walk-composite.png[39m[0m
[  25% ] [90m[1mreimport[22m | walk-overlay.png[39m[0m
[  25% ] [90m[1mreimport[22m | battle-composite.png[39m[0m
[  25% ] [90m[1mreimport[22m | battle-overlay.png[39m[0m
[  25% ] [90m[1mreimport[22m | walk-composite.png[39m[0m
[  25% ] [90m[1mreimport[22m | walk-overlay.png[39m[0m
[  25% ] [90m[1mreimport[22m | battle-composite.png[39m[0m
[  25% ] [90m[1mreimport[22m | battle-overlay.png[39m[0m
[  25% ] [90m[1mreimport[22m | walk-composite.png[39m[0m
[  25% ] [90m[1mreimport[22m | walk-overlay.png[39m[0m
[  25% ] [90m[1mreimport[22m | battle-composite.png[39m[0m
[  25% ] [90m[1mreimport[22m | battle-overlay.png[39m[0m
[  25% ] [90m[1mreimport[22m | walk-composite.png[39m[0m
[  25% ] [90m[1mreimport[22m | walk-overlay.png[39m[0m
[  25% ] [90m[1mreimport[22m | battle-composite.png[39m[0m
[  25% ] [90m[1mreimport[22m | battle-overlay.png[39m[0m
[  25% ] [90m[1mreimport[22m | walk-composite.png[39m[0m
[  26% ] [90m[1mreimport[22m | walk-overlay.png[39m[0m
[  26% ] [90m[1mreimport[22m | battle-composite.png[39m[0m
[  26% ] [90m[1mreimport[22m | battle-overlay.png[39m[0m
[  26% ] [90m[1mreimport[22m | walk-composite.png[39m[0m
[  26% ] [90m[1mreimport[22m | walk-overlay.png[39m[0m
[  26% ] [90m[1mreimport[22m | 00-first-region-sea-battle.png[39m[0m
[  26% ] [90m[1mreimport[22m | 01-crossing-to-second-region.png[39m[0m
[  26% ] [90m[1mreimport[22m | 02-landed-on-sand-coast.png[39m[0m
[  26% ] [90m[1mreimport[22m | 03-second-region-sea-battle.png[39m[0m
[  26% ] [90m[1mreimport[22m | 04-coast-walking.png[39m[0m
[  26% ] [90m[1mreimport[22m | 05-returned-to-first-region.png[39m[0m
[  26% ] [90m[1mreimport[22m | 06-ground-natural-encounter.png[39m[0m
[  26% ] [90m[1mreimport[22m | 07-imported-three-desert.png[39m[0m
[  26% ] [90m[1mreimport[22m | 08-coastal-three-desert.png[39m[0m
[  26% ] [90m[1mreimport[22m | desert_mummy-cutout.png[39m[0m
[  26% ] [90m[1mreimport[22m | desert_scorpion-cutout.png[39m[0m
[  26% ] [90m[1mreimport[22m | sand_worm-cutout.png[39m[0m
[  26% ] [90m[1mreimport[22m | source-comparison.png[39m[0m
[  26% ] [90m[1mreimport[22m | teal-source-comparison.png[39m[0m
[  26% ] [90m[1mreimport[22m | characters-01.png[39m[0m
[  26% ] [90m[1mreimport[22m | characters-02.png[39m[0m
[  26% ] [90m[1mreimport[22m | characters-03.png[39m[0m
[  26% ] [90m[1mreimport[22m | target-character-compare.png[39m[0m
[  26% ] [90m[1mreimport[22m | young-01-poses.png[39m[0m
[  26% ] [90m[1mreimport[22m | young-02-poses.png[39m[0m
[  26% ] [90m[1mreimport[22m | young-03-poses.png[39m[0m
[  26% ] [90m[1mreimport[22m | young-04-poses.png[39m[0m
[  26% ] [90m[1mreimport[22m | 02-world-village-entrance.png[39m[0m
[  26% ] [90m[1mreimport[22m | 12-port-disembarked.png[39m[0m
[  26% ] [90m[1mreimport[22m | bay-with-ship-comparison.png[39m[0m
[  27% ] [90m[1mreimport[22m | map-00.png[39m[0m
[  27% ] [90m[1mreimport[22m | map-01.png[39m[0m
[  27% ] [90m[1mreimport[22m | map-02.png[39m[0m
[  27% ] [90m[1mreimport[22m | map-03.png[39m[0m
[  27% ] [90m[1mreimport[22m | map-04.png[39m[0m
[  27% ] [90m[1mreimport[22m | map-05.png[39m[0m
[  27% ] [90m[1mreimport[22m | map-06.png[39m[0m
[  27% ] [90m[1mreimport[22m | map-07.png[39m[0m
[  27% ] [90m[1mreimport[22m | map-08.png[39m[0m
[  27% ] [90m[1mreimport[22m | port-with-ship-layout.png[39m[0m
[  27% ] [90m[1mreimport[22m | ship-source-comparison.png[39m[0m
[  27% ] [90m[1mreimport[22m | target-comparison.png[39m[0m
[  27% ] [90m[1mreimport[22m | 00-first-region-sea-battle.png[39m[0m
[  27% ] [90m[1mreimport[22m | 01-crossing-to-second-region.png[39m[0m
[  27% ] [90m[1mreimport[22m | 02-landed-on-sand-coast.png[39m[0m
[  27% ] [90m[1mreimport[22m | 03-second-region-sea-battle.png[39m[0m
[  27% ] [90m[1mreimport[22m | 04-coast-walking.png[39m[0m
[  27% ] [90m[1mreimport[22m | 05-returned-to-first-region.png[39m[0m
[  27% ] [90m[1mreimport[22m | 06-ground-candidates-desert.png[39m[0m
[  27% ] [90m[1mreimport[22m | ground-enemy-proposals.png[39m[0m
[  27% ] [90m[1mreimport[22m | ruins-reserve.png[39m[0m
[  27% ] [90m[1mreimport[22m | saved-room-2.png[39m[0m
[  27% ] [90m[1mreimport[22m | saved-room-3.png[39m[0m
[  27% ] [90m[1mreimport[22m | saved-room-4.png[39m[0m
[  27% ] [90m[1mreimport[22m | shrine-existing-confirmation.png[39m[0m
[  27% ] [90m[1mreimport[22m | talk-camel_keeper.png[39m[0m
[  27% ] [90m[1mreimport[22m | talk-date_farmer.png[39m[0m
[  27% ] [90m[1mreimport[22m | talk-elder.png[39m[0m
[  27% ] [90m[1mreimport[22m | talk-innkeeper.png[39m[0m
[  27% ] [90m[1mreimport[22m | pair1.png[39m[0m
[  28% ] [90m[1mreimport[22m | pair2.png[39m[0m
[  28% ] [90m[1mreimport[22m | pair3.png[39m[0m
[  28% ] [90m[1mreimport[22m | 02-world-village-entrance.png[39m[0m
[  28% ] [90m[1mreimport[22m | east-gate-under.png[39m[0m
[  28% ] [90m[1mreimport[22m | east-world-exit.png[39m[0m
[  28% ] [90m[1mreimport[22m | leaves-behind.png[39m[0m
[  28% ] [90m[1mreimport[22m | roof-behind.png[39m[0m
[  28% ] [90m[1mreimport[22m | saved-room-0.png[39m[0m
[  28% ] [90m[1mreimport[22m | talk-child.png[39m[0m
[  28% ] [90m[1mreimport[22m | talk-water_keeper.png[39m[0m
[  28% ] [90m[1mreimport[22m | west-gate-under.png[39m[0m
[  28% ] [90m[1mreimport[22m | west-landing.png[39m[0m
[  28% ] [90m[1mreimport[22m | west-world-exit.png[39m[0m
[  28% ] [90m[1mreimport[22m | 02-world-village-entrance.png[39m[0m
[  28% ] [90m[1mreimport[22m | east-gate-under.png[39m[0m
[  28% ] [90m[1mreimport[22m | east-world-exit.png[39m[0m
[  28% ] [90m[1mreimport[22m | leaves-behind.png[39m[0m
[  28% ] [90m[1mreimport[22m | roof-behind.png[39m[0m
[  28% ] [90m[1mreimport[22m | saved-room-0.png[39m[0m
[  28% ] [90m[1mreimport[22m | talk-child.png[39m[0m
[  28% ] [90m[1mreimport[22m | talk-water_keeper.png[39m[0m
[  28% ] [90m[1mreimport[22m | west-gate-under.png[39m[0m
[  28% ] [90m[1mreimport[22m | west-landing.png[39m[0m
[  28% ] [90m[1mreimport[22m | west-world-exit.png[39m[0m
[  28% ] [90m[1mreimport[22m | 02-world-village-entrance.png[39m[0m
[  28% ] [90m[1mreimport[22m | room-1-entry.png[39m[0m
[  28% ] [90m[1mreimport[22m | room-1-front-wall.png[39m[0m
[  28% ] [90m[1mreimport[22m | room-1-return.png[39m[0m
[  28% ] [90m[1mreimport[22m | room-2-entry.png[39m[0m
[  28% ] [90m[1mreimport[22m | room-2-front-wall.png[39m[0m
[  29% ] [90m[1mreimport[22m | room-2-return.png[39m[0m
[  29% ] [90m[1mreimport[22m | room-3-entry.png[39m[0m
[  29% ] [90m[1mreimport[22m | room-3-front-wall.png[39m[0m
[  29% ] [90m[1mreimport[22m | room-3-return.png[39m[0m
[  29% ] [90m[1mreimport[22m | room-4-entry.png[39m[0m
[  29% ] [90m[1mreimport[22m | room-4-front-wall.png[39m[0m
[  29% ] [90m[1mreimport[22m | room-4-return.png[39m[0m
[  29% ] [90m[1mreimport[22m | saved-room-1.png[39m[0m
[  29% ] [90m[1mreimport[22m | global-coast-2.png[39m[0m
[  29% ] [90m[1mreimport[22m | global-coast-3.png[39m[0m
[  29% ] [90m[1mreimport[22m | global-coast-4.png[39m[0m
[  29% ] [90m[1mreimport[22m | gate-shore-before-after.png[39m[0m
[  29% ] [90m[1mreimport[22m | global-coasts.png[39m[0m
[  29% ] [90m[1mreimport[22m | home-before-after.png[39m[0m
[  29% ] [90m[1mreimport[22m | home-layout.png[39m[0m
[  29% ] [90m[1mreimport[22m | home-target-comparison.png[39m[0m
[  29% ] [90m[1mreimport[22m | shore-target-comparison.png[39m[0m
[  29% ] [90m[1mreimport[22m | 01-world-tower.png[39m[0m
[  29% ] [90m[1mreimport[22m | 02-floor-1.png[39m[0m
[  29% ] [90m[1mreimport[22m | 03-floor-2.png[39m[0m
[  29% ] [90m[1mreimport[22m | 04-floor-3.png[39m[0m
[  29% ] [90m[1mreimport[22m | 05-tower-boss.png[39m[0m
[  29% ] [90m[1mreimport[22m | 06-suina-conversation.png[39m[0m
[  29% ] [90m[1mreimport[22m | 07-suina-offer.png[39m[0m
[  29% ] [90m[1mreimport[22m | 08-four-party-exploration.png[39m[0m
[  29% ] [90m[1mreimport[22m | 09-four-party-battle.png[39m[0m
[  29% ] [90m[1mreimport[22m | 10-mountain-path.png[39m[0m
[  29% ] [90m[1mreimport[22m | 01-world-port.png[39m[0m
[  29% ] [90m[1mreimport[22m | 02-town-entrance.png[39m[0m
[  29% ] [90m[1mreimport[22m | 03-inn.png[39m[0m
[  30% ] [90m[1mreimport[22m | 04-market.png[39m[0m
[  30% ] [90m[1mreimport[22m | 02-floor-1.png[39m[0m
[  30% ] [90m[1mreimport[22m | 03-floor-2.png[39m[0m
[  30% ] [90m[1mreimport[22m | 04-floor-3.png[39m[0m
[  30% ] [90m[1mreimport[22m | 05-tower-boss.png[39m[0m
[  30% ] [90m[1mreimport[22m | 06-suina-conversation.png[39m[0m
[  30% ] [90m[1mreimport[22m | 07-suina-offer.png[39m[0m
[  30% ] [90m[1mreimport[22m | 08-four-party-exploration.png[39m[0m
[  30% ] [90m[1mreimport[22m | 09-four-party-battle.png[39m[0m
[  30% ] [90m[1mreimport[22m | 10-mountain-path.png[39m[0m
[  30% ] [90m[1mreimport[22m | floor-1-layout.png[39m[0m
[  30% ] [90m[1mreimport[22m | floor-2-layout.png[39m[0m
[  30% ] [90m[1mreimport[22m | floor-3-layout.png[39m[0m
[  30% ] [90m[1mreimport[22m | target-comparison.png[39m[0m
[  30% ] [90m[1mreimport[22m | 01-village-start.png[39m[0m
[  30% ] [90m[1mreimport[22m | 02-companion-conversation.png[39m[0m
[  30% ] [90m[1mreimport[22m | 03-village-exit-world.png[39m[0m
[  30% ] [90m[1mreimport[22m | 04-closed-gate.png[39m[0m
[  30% ] [90m[1mreimport[22m | 05-cave-floor-1.png[39m[0m
[  30% ] [90m[1mreimport[22m | 06-cave-floor-2-boss.png[39m[0m
[  30% ] [90m[1mreimport[22m | 07-boss-battle.png[39m[0m
[  30% ] [90m[1mreimport[22m | 08-cave-exit-world.png[39m[0m
[  30% ] [90m[1mreimport[22m | 09-gate-passed.png[39m[0m
[  30% ] [90m[1mreimport[22m | global-coast-1.png[39m[0m
[  30% ] [90m[1mreimport[22m | 04-market.png[39m[0m
[  30% ] [90m[1mreimport[22m | 05-item-shop.png[39m[0m
[  30% ] [90m[1mreimport[22m | 06-weapon-shop.png[39m[0m
[  30% ] [90m[1mreimport[22m | 07-armor-shop.png[39m[0m
[  30% ] [90m[1mreimport[22m | 08-shrine.png[39m[0m
[  30% ] [90m[1mreimport[22m | 09-home.png[39m[0m
[  31% ] [90m[1mreimport[22m | 10-harbor-office.png[39m[0m
[  31% ] [90m[1mreimport[22m | 11-lighthouse-room.png[39m[0m
[  31% ] [90m[1mreimport[22m | 12-lighthouse-coast.png[39m[0m
[  31% ] [90m[1mreimport[22m | 13-upper-pier.png[39m[0m
[  31% ] [90m[1mreimport[22m | 14-lower-pier.png[39m[0m
[  31% ] [90m[1mreimport[22m | 15-return-world.png[39m[0m
[  31% ] [90m[1mreimport[22m | 01-bay-docked-ship.png[39m[0m
[  31% ] [90m[1mreimport[22m | 02-before-boarding.png[39m[0m
[  31% ] [90m[1mreimport[22m | 03-sailing.png[39m[0m
[  31% ] [90m[1mreimport[22m | 04-sea-battle.png[39m[0m
[  31% ] [90m[1mreimport[22m | 05-shallows-before-landing.png[39m[0m
[  31% ] [90m[1mreimport[22m | 06-shallows-on-foot.png[39m[0m
[  31% ] [90m[1mreimport[22m | 07-shallows-reboarding.png[39m[0m
[  31% ] [90m[1mreimport[22m | 08-return-caster-selection.png[39m[0m
[  31% ] [90m[1mreimport[22m | 09-return-destination-selection.png[39m[0m
[  31% ] [90m[1mreimport[22m | 10-returned-to-port.png[39m[0m
[  31% ] [90m[1mreimport[22m | 11-ship-returned-to-pier.png[39m[0m
[  31% ] [90m[1mreimport[22m | 05-item-shop.png[39m[0m
[  31% ] [90m[1mreimport[22m | 06-weapon-shop.png[39m[0m
[  31% ] [90m[1mreimport[22m | 07-armor-shop.png[39m[0m
[  31% ] [90m[1mreimport[22m | 08-shrine.png[39m[0m
[  31% ] [90m[1mreimport[22m | 09-home.png[39m[0m
[  31% ] [90m[1mreimport[22m | 10-harbor-office.png[39m[0m
[  31% ] [90m[1mreimport[22m | 11-lighthouse-room.png[39m[0m
[  31% ] [90m[1mreimport[22m | 12-lighthouse-coast.png[39m[0m
[  31% ] [90m[1mreimport[22m | 13-upper-pier.png[39m[0m
[  31% ] [90m[1mreimport[22m | 14-lower-pier.png[39m[0m
[  31% ] [90m[1mreimport[22m | 15-return-world.png[39m[0m
[  31% ] [90m[1mreimport[22m | map-00.png[39m[0m
[  31% ] [90m[1mreimport[22m | map-01.png[39m[0m
[  32% ] [90m[1mreimport[22m | map-02.png[39m[0m
[  32% ] [90m[1mreimport[22m | map-03.png[39m[0m
[  32% ] [90m[1mreimport[22m | map-04.png[39m[0m
[  32% ] [90m[1mreimport[22m | map-05.png[39m[0m
[  32% ] [90m[1mreimport[22m | map-06.png[39m[0m
[  32% ] [90m[1mreimport[22m | map-07.png[39m[0m
[  32% ] [90m[1mreimport[22m | map-08.png[39m[0m
[  32% ] [90m[1mreimport[22m | target-comparison.png[39m[0m
[  32% ] [90m[1mreimport[22m | 01-world-port.png[39m[0m
[  32% ] [90m[1mreimport[22m | 02-town-entrance.png[39m[0m
[  32% ] [90m[1mreimport[22m | 03-inn.png[39m[0m
[  32% ] [90m[1mreimport[22m | 01-restart-room-2.png[39m[0m
[  32% ] [90m[1mreimport[22m | 02-port-after-restart.png[39m[0m
[  32% ] [90m[1mreimport[22m | 03-position-relocation-notice.png[39m[0m
[  32% ] [90m[1mreimport[22m | 01-restart-room-3.png[39m[0m
[  32% ] [90m[1mreimport[22m | 02-port-after-restart.png[39m[0m
[  32% ] [90m[1mreimport[22m | 03-position-relocation-notice.png[39m[0m
[  32% ] [90m[1mreimport[22m | 01-restart-room-4.png[39m[0m
[  32% ] [90m[1mreimport[22m | 02-port-after-restart.png[39m[0m
[  32% ] [90m[1mreimport[22m | 03-position-relocation-notice.png[39m[0m
[  32% ] [90m[1mreimport[22m | 01-port-start.png[39m[0m
[  32% ] [90m[1mreimport[22m | 02-world-village-entrance.png[39m[0m
[  32% ] [90m[1mreimport[22m | 03-west-landing.png[39m[0m
[  32% ] [90m[1mreimport[22m | 04-room-0-entrance.png[39m[0m
[  32% ] [90m[1mreimport[22m | 04-room-1-entrance.png[39m[0m
[  32% ] [90m[1mreimport[22m | 04-room-2-entrance.png[39m[0m
[  32% ] [90m[1mreimport[22m | 04-room-3-entrance.png[39m[0m
[  32% ] [90m[1mreimport[22m | 04-room-4-entrance.png[39m[0m
[  32% ] [90m[1mreimport[22m | 05-room-0-front.png[39m[0m
[  32% ] [90m[1mreimport[22m | 05-room-1-front.png[39m[0m
[  33% ] [90m[1mreimport[22m | 05-room-2-front.png[39m[0m
[  33% ] [90m[1mreimport[22m | 05-room-3-front.png[39m[0m
[  33% ] [90m[1mreimport[22m | 05-room-4-front.png[39m[0m
[  33% ] [90m[1mreimport[22m | 06-room-0-behind.png[39m[0m
[  33% ] [90m[1mreimport[22m | 05-room-3-front.png[39m[0m
[  33% ] [90m[1mreimport[22m | 05-room-4-front.png[39m[0m
[  33% ] [90m[1mreimport[22m | 06-room-0-behind.png[39m[0m
[  33% ] [90m[1mreimport[22m | 06-room-1-behind.png[39m[0m
[  33% ] [90m[1mreimport[22m | 06-room-2-behind.png[39m[0m
[  33% ] [90m[1mreimport[22m | 06-room-3-behind.png[39m[0m
[  33% ] [90m[1mreimport[22m | 06-room-4-behind.png[39m[0m
[  33% ] [90m[1mreimport[22m | 07-room-1-return.png[39m[0m
[  33% ] [90m[1mreimport[22m | 07-room-2-return.png[39m[0m
[  33% ] [90m[1mreimport[22m | 07-room-3-return.png[39m[0m
[  33% ] [90m[1mreimport[22m | 07-room-4-return.png[39m[0m
[  33% ] [90m[1mreimport[22m | 08-east-outside.png[39m[0m
[  33% ] [90m[1mreimport[22m | 09-east-landing-camera-edge.png[39m[0m
[  33% ] [90m[1mreimport[22m | 10-menu-restored.png[39m[0m
[  33% ] [90m[1mreimport[22m | 11-port-returned.png[39m[0m
[  33% ] [90m[1mreimport[22m | 12-return-destinations.png[39m[0m
[  33% ] [90m[1mreimport[22m | 13-returned-to-village.png[39m[0m
[  33% ] [90m[1mreimport[22m | 01-restart-room-0.png[39m[0m
[  33% ] [90m[1mreimport[22m | 02-port-after-restart.png[39m[0m
[  33% ] [90m[1mreimport[22m | 03-position-relocation-notice.png[39m[0m
[  33% ] [90m[1mreimport[22m | 01-restart-room-1.png[39m[0m
[  33% ] [90m[1mreimport[22m | 02-port-after-restart.png[39m[0m
[  33% ] [90m[1mreimport[22m | 03-position-relocation-notice.png[39m[0m
[  33% ] [90m[1mreimport[22m | 05-room-2-front.png[39m[0m
[  33% ] [90m[1mreimport[22m | 05-room-3-front.png[39m[0m
[  33% ] [90m[1mreimport[22m | 05-room-4-front.png[39m[0m
[  34% ] [90m[1mreimport[22m | 06-room-0-behind.png[39m[0m
[  34% ] [90m[1mreimport[22m | 06-room-1-behind.png[39m[0m
[  34% ] [90m[1mreimport[22m | 06-room-2-behind.png[39m[0m
[  34% ] [90m[1mreimport[22m | 06-room-3-behind.png[39m[0m
[  34% ] [90m[1mreimport[22m | 06-room-4-behind.png[39m[0m
[  34% ] [90m[1mreimport[22m | 07-room-1-return.png[39m[0m
[  34% ] [90m[1mreimport[22m | 07-room-2-return.png[39m[0m
[  34% ] [90m[1mreimport[22m | 07-room-3-return.png[39m[0m
[  34% ] [90m[1mreimport[22m | 07-room-4-return.png[39m[0m
[  34% ] [90m[1mreimport[22m | 08-east-outside.png[39m[0m
[  34% ] [90m[1mreimport[22m | 09-east-landing-camera-edge.png[39m[0m
[  34% ] [90m[1mreimport[22m | 10-menu-restored.png[39m[0m
[  34% ] [90m[1mreimport[22m | 11-port-returned.png[39m[0m
[  34% ] [90m[1mreimport[22m | 12-return-destinations.png[39m[0m
[  34% ] [90m[1mreimport[22m | 13-returned-to-village.png[39m[0m
[  34% ] [90m[1mreimport[22m | before-after-dialogues.png[39m[0m
[  34% ] [90m[1mreimport[22m | item-shop-dialogue.png[39m[0m
[  34% ] [90m[1mreimport[22m | weapon-shop-dialogue.png[39m[0m
[  34% ] [90m[1mreimport[22m | chapter1-art-preview.png[39m[0m
[  34% ] [90m[1mreimport[22m | party-art-preview.png[39m[0m
[  34% ] [90m[1mreimport[22m | 06-room-1-behind.png[39m[0m
[  34% ] [90m[1mreimport[22m | 06-room-2-behind.png[39m[0m
[  34% ] [90m[1mreimport[22m | 06-room-3-behind.png[39m[0m
[  34% ] [90m[1mreimport[22m | 06-room-4-behind.png[39m[0m
[  34% ] [90m[1mreimport[22m | 07-room-1-return.png[39m[0m
[  34% ] [90m[1mreimport[22m | 07-room-2-return.png[39m[0m
[  34% ] [90m[1mreimport[22m | 07-room-3-return.png[39m[0m
[  34% ] [90m[1mreimport[22m | 07-room-4-return.png[39m[0m
[  34% ] [90m[1mreimport[22m | 08-east-outside.png[39m[0m
[  34% ] [90m[1mreimport[22m | 09-east-landing-camera-edge.png[39m[0m
[  35% ] [90m[1mreimport[22m | 10-menu-restored.png[39m[0m
[  35% ] [90m[1mreimport[22m | 11-port-returned.png[39m[0m
[  35% ] [90m[1mreimport[22m | 12-return-destinations.png[39m[0m
[  35% ] [90m[1mreimport[22m | 13-returned-to-village.png[39m[0m
[  35% ] [90m[1mreimport[22m | 01-port-start.png[39m[0m
[  35% ] [90m[1mreimport[22m | 02-world-village-entrance.png[39m[0m
[  35% ] [90m[1mreimport[22m | 03-west-landing.png[39m[0m
[  35% ] [90m[1mreimport[22m | 04-room-0-entrance.png[39m[0m
[  35% ] [90m[1mreimport[22m | 04-room-1-entrance.png[39m[0m
[  35% ] [90m[1mreimport[22m | 04-room-2-entrance.png[39m[0m
[  35% ] [90m[1mreimport[22m | 04-room-3-entrance.png[39m[0m
[  35% ] [90m[1mreimport[22m | 04-room-4-entrance.png[39m[0m
[  35% ] [90m[1mreimport[22m | 05-room-0-front.png[39m[0m
[  35% ] [90m[1mreimport[22m | 05-room-1-front.png[39m[0m
[  35% ] [90m[1mreimport[22m | normal-operation-3.png[39m[0m
[  35% ] [90m[1mreimport[22m | residents-source-comparison.png[39m[0m
[  35% ] [90m[1mreimport[22m | residents-walk.png[39m[0m
[  35% ] [90m[1mreimport[22m | target-comparison.png[39m[0m
[  35% ] [90m[1mreimport[22m | 01-west-arch-under.png[39m[0m
[  35% ] [90m[1mreimport[22m | 02-east-arch-under.png[39m[0m
[  35% ] [90m[1mreimport[22m | 03-room-1-high-front-wall.png[39m[0m
[  35% ] [90m[1mreimport[22m | 03-room-2-high-front-wall.png[39m[0m
[  35% ] [90m[1mreimport[22m | 03-room-3-high-front-wall.png[39m[0m
[  35% ] [90m[1mreimport[22m | 03-room-4-high-front-wall.png[39m[0m
[  35% ] [90m[1mreimport[22m | 01-port-start.png[39m[0m
[  35% ] [90m[1mreimport[22m | 02-world-village-entrance.png[39m[0m
[  35% ] [90m[1mreimport[22m | 03-west-landing.png[39m[0m
[  35% ] [90m[1mreimport[22m | 04-room-0-entrance.png[39m[0m
[  35% ] [90m[1mreimport[22m | 04-room-1-entrance.png[39m[0m
[  35% ] [90m[1mreimport[22m | 04-room-2-entrance.png[39m[0m
[  36% ] [90m[1mreimport[22m | 04-room-3-entrance.png[39m[0m
[  36% ] [90m[1mreimport[22m | 04-room-4-entrance.png[39m[0m
[  36% ] [90m[1mreimport[22m | 05-room-0-front.png[39m[0m
[  36% ] [90m[1mreimport[22m | 05-room-1-front.png[39m[0m
[  36% ] [90m[1mreimport[22m | 05-room-2-front.png[39m[0m
[  36% ] [90m[1mreimport[22m | 05-room-3-front.png[39m[0m
[  36% ] [90m[1mreimport[22m | 05-room-4-front.png[39m[0m
[  36% ] [90m[1mreimport[22m | room-1-entry.png[39m[0m
[  36% ] [90m[1mreimport[22m | room-1-front-wall.png[39m[0m
[  36% ] [90m[1mreimport[22m | room-1-return.png[39m[0m
[  36% ] [90m[1mreimport[22m | room-2-entry.png[39m[0m
[  36% ] [90m[1mreimport[22m | room-2-front-wall.png[39m[0m
[  36% ] [90m[1mreimport[22m | room-2-return.png[39m[0m
[  36% ] [90m[1mreimport[22m | room-3-entry.png[39m[0m
[  36% ] [90m[1mreimport[22m | room-3-front-wall.png[39m[0m
[  36% ] [90m[1mreimport[22m | room-3-return.png[39m[0m
[  36% ] [90m[1mreimport[22m | room-4-entry.png[39m[0m
[  36% ] [90m[1mreimport[22m | room-4-front-wall.png[39m[0m
[  36% ] [90m[1mreimport[22m | room-4-return.png[39m[0m
[  36% ] [90m[1mreimport[22m | saved-room-1.png[39m[0m
[  36% ] [90m[1mreimport[22m | saved-room-2.png[39m[0m
[  36% ] [90m[1mreimport[22m | saved-room-3.png[39m[0m
[  36% ] [90m[1mreimport[22m | saved-room-4.png[39m[0m
[  36% ] [90m[1mreimport[22m | shrine-existing-confirmation.png[39m[0m
[  36% ] [90m[1mreimport[22m | talk-camel_keeper.png[39m[0m
[  36% ] [90m[1mreimport[22m | talk-date_farmer.png[39m[0m
[  36% ] [90m[1mreimport[22m | talk-elder.png[39m[0m
[  36% ] [90m[1mreimport[22m | talk-innkeeper.png[39m[0m
[  36% ] [90m[1mreimport[22m | normal-operation-1.png[39m[0m
[  36% ] [90m[1mreimport[22m | normal-operation-2.png[39m[0m
[  37% ] [90m[1mreimport[22m | 01-restart-room-3.png[39m[0m
[  37% ] [90m[1mreimport[22m | 02-port-after-restart.png[39m[0m
[  37% ] [90m[1mreimport[22m | 03-position-relocation-notice.png[39m[0m
[  37% ] [90m[1mreimport[22m | 01-restart-room-4.png[39m[0m
[  37% ] [90m[1mreimport[22m | 02-port-after-restart.png[39m[0m
[  37% ] [90m[1mreimport[22m | 03-position-relocation-notice.png[39m[0m
[  37% ] [90m[1mreimport[22m | 01-west-arch-under.png[39m[0m
[  37% ] [90m[1mreimport[22m | 02-east-arch-under.png[39m[0m
[  37% ] [90m[1mreimport[22m | 03-room-1-high-front-wall.png[39m[0m
[  37% ] [90m[1mreimport[22m | 03-room-2-high-front-wall.png[39m[0m
[  37% ] [90m[1mreimport[22m | 03-room-3-high-front-wall.png[39m[0m
[  37% ] [90m[1mreimport[22m | 03-room-4-high-front-wall.png[39m[0m
[  37% ] [90m[1mreimport[22m | 01-port-start.png[39m[0m
[  37% ] [90m[1mreimport[22m | 02-world-village-entrance.png[39m[0m
[  37% ] [90m[1mreimport[22m | 03-west-landing.png[39m[0m
[  37% ] [90m[1mreimport[22m | 04-room-0-entrance.png[39m[0m
[  37% ] [90m[1mreimport[22m | 04-room-1-entrance.png[39m[0m
[  37% ] [90m[1mreimport[22m | 04-room-2-entrance.png[39m[0m
[  37% ] [90m[1mreimport[22m | 04-room-3-entrance.png[39m[0m
[  37% ] [90m[1mreimport[22m | 04-room-4-entrance.png[39m[0m
[  37% ] [90m[1mreimport[22m | 05-room-0-front.png[39m[0m
[  37% ] [90m[1mreimport[22m | 05-room-1-front.png[39m[0m
[  37% ] [90m[1mreimport[22m | 05-room-2-front.png[39m[0m
[  37% ] [90m[1mreimport[22m | 06-room-0-behind.png[39m[0m
[  37% ] [90m[1mreimport[22m | 06-room-1-behind.png[39m[0m
[  37% ] [90m[1mreimport[22m | 06-room-2-behind.png[39m[0m
[  37% ] [90m[1mreimport[22m | 06-room-3-behind.png[39m[0m
[  37% ] [90m[1mreimport[22m | 06-room-4-behind.png[39m[0m
[  37% ] [90m[1mreimport[22m | 07-room-1-return.png[39m[0m
[  38% ] [90m[1mreimport[22m | 07-room-2-return.png[39m[0m
[  38% ] [90m[1mreimport[22m | 07-room-3-return.png[39m[0m
[  38% ] [90m[1mreimport[22m | 07-room-4-return.png[39m[0m
[  38% ] [90m[1mreimport[22m | 08-east-outside.png[39m[0m
[  38% ] [90m[1mreimport[22m | 09-east-landing-camera-edge.png[39m[0m
[  38% ] [90m[1mreimport[22m | 10-menu-restored.png[39m[0m
[  38% ] [90m[1mreimport[22m | 11-port-returned.png[39m[0m
[  38% ] [90m[1mreimport[22m | 12-return-destinations.png[39m[0m
[  38% ] [90m[1mreimport[22m | 13-returned-to-village.png[39m[0m
[  38% ] [90m[1mreimport[22m | 01-restart-room-0.png[39m[0m
[  38% ] [90m[1mreimport[22m | 02-port-after-restart.png[39m[0m
[  38% ] [90m[1mreimport[22m | 03-position-relocation-notice.png[39m[0m
[  38% ] [90m[1mreimport[22m | 01-restart-room-1.png[39m[0m
[  38% ] [90m[1mreimport[22m | 02-port-after-restart.png[39m[0m
[  38% ] [90m[1mreimport[22m | 03-position-relocation-notice.png[39m[0m
[  38% ] [90m[1mreimport[22m | 01-restart-room-2.png[39m[0m
[  38% ] [90m[1mreimport[22m | 02-port-after-restart.png[39m[0m
[  38% ] [90m[1mreimport[22m | 03-position-relocation-notice.png[39m[0m
[  38% ] [90m[1mreimport[22m | 02-port-after-restart.png[39m[0m
[  38% ] [90m[1mreimport[22m | 03-position-relocation-notice.png[39m[0m
[  38% ] [90m[1mreimport[22m | 01-restart-room-4.png[39m[0m
[  38% ] [90m[1mreimport[22m | 02-port-after-restart.png[39m[0m
[  38% ] [90m[1mreimport[22m | 03-position-relocation-notice.png[39m[0m
[  38% ] [90m[1mreimport[22m | comparison-exterior.png[39m[0m
[  38% ] [90m[1mreimport[22m | comparison-inn.png[39m[0m
[  38% ] [90m[1mreimport[22m | comparison-item.png[39m[0m
[  38% ] [90m[1mreimport[22m | comparison-shrine.png[39m[0m
[  38% ] [90m[1mreimport[22m | comparison-weapon.png[39m[0m
[  38% ] [90m[1mreimport[22m | audit_battle_four_slots.png[39m[0m
[  38% ] [90m[1mreimport[22m | audit_battle_three_enemies.png[39m[0m
[  39% ] [90m[1mreimport[22m | audit_review.png[39m[0m
[  39% ] [90m[1mreimport[22m | battle.png[39m[0m
[  39% ] [90m[1mreimport[22m | campaign_challenge.png[39m[0m
[  39% ] [90m[1mreimport[22m | campaign_field.png[39m[0m
[  39% ] [90m[1mreimport[22m | campaign_record.png[39m[0m
[  39% ] [90m[1mreimport[22m | campaign_resolution.png[39m[0m
[  39% ] [90m[1mreimport[22m | chapter1_clear.png[39m[0m
[  39% ] [90m[1mreimport[22m | defeat_recovery.png[39m[0m
[  39% ] [90m[1mreimport[22m | dialogue.png[39m[0m
[  39% ] [90m[1mreimport[22m | enemy_intents.png[39m[0m
[  39% ] [90m[1mreimport[22m | erosion_after_skill.png[39m[0m
[  39% ] [90m[1mreimport[22m | 06-room-2-behind.png[39m[0m
[  39% ] [90m[1mreimport[22m | 06-room-3-behind.png[39m[0m
[  39% ] [90m[1mreimport[22m | 06-room-4-behind.png[39m[0m
[  39% ] [90m[1mreimport[22m | 07-room-1-return.png[39m[0m
[  39% ] [90m[1mreimport[22m | 07-room-2-return.png[39m[0m
[  39% ] [90m[1mreimport[22m | 07-room-3-return.png[39m[0m
[  39% ] [90m[1mreimport[22m | 07-room-4-return.png[39m[0m
[  39% ] [90m[1mreimport[22m | 08-east-outside.png[39m[0m
[  39% ] [90m[1mreimport[22m | 09-east-landing-camera-edge.png[39m[0m
[  39% ] [90m[1mreimport[22m | 10-menu-restored.png[39m[0m
[  39% ] [90m[1mreimport[22m | 11-port-returned.png[39m[0m
[  39% ] [90m[1mreimport[22m | 12-return-destinations.png[39m[0m
[  39% ] [90m[1mreimport[22m | 13-returned-to-village.png[39m[0m
[  39% ] [90m[1mreimport[22m | 01-restart-room-0.png[39m[0m
[  39% ] [90m[1mreimport[22m | 02-port-after-restart.png[39m[0m
[  39% ] [90m[1mreimport[22m | 03-position-relocation-notice.png[39m[0m
[  39% ] [90m[1mreimport[22m | 01-restart-room-1.png[39m[0m
[  39% ] [90m[1mreimport[22m | 02-port-after-restart.png[39m[0m
[  39% ] [90m[1mreimport[22m | 03-position-relocation-notice.png[39m[0m
[  40% ] [90m[1mreimport[22m | 01-restart-room-2.png[39m[0m
[  40% ] [90m[1mreimport[22m | 02-port-after-restart.png[39m[0m
[  40% ] [90m[1mreimport[22m | 03-position-relocation-notice.png[39m[0m
[  40% ] [90m[1mreimport[22m | 01-restart-room-3.png[39m[0m
[  40% ] [90m[1mreimport[22m | progression_build.png[39m[0m
[  40% ] [90m[1mreimport[22m | progression_purify.png[39m[0m
[  40% ] [90m[1mreimport[22m | progression_town.png[39m[0m
[  40% ] [90m[1mreimport[22m | progression_waterway.png[39m[0m
[  40% ] [90m[1mreimport[22m | recovery_title.png[39m[0m
[  40% ] [90m[1mreimport[22m | story_ending.png[39m[0m
[  40% ] [90m[1mreimport[22m | story_gate_requirements.png[39m[0m
[  40% ] [90m[1mreimport[22m | story_journal_complete.png[39m[0m
[  40% ] [90m[1mreimport[22m | story_journal_first.png[39m[0m
[  40% ] [90m[1mreimport[22m | story_past_record.png[39m[0m
[  40% ] [90m[1mreimport[22m | story_past_record_replay.png[39m[0m
[  40% ] [90m[1mreimport[22m | story_visit_order.png[39m[0m
[  40% ] [90m[1mreimport[22m | title.png[39m[0m
[  40% ] [90m[1mreimport[22m | user_monsters.png[39m[0m
[  40% ] [90m[1mreimport[22m | world_after_battle.png[39m[0m
[  40% ] [90m[1mreimport[22m | world_after_retry.png[39m[0m
[  40% ] [90m[1mreimport[22m | world_atlas.png[39m[0m
[  40% ] [90m[1mreimport[22m | world_battle.png[39m[0m
[  40% ] [90m[1mreimport[22m | world_field.png[39m[0m
[  40% ] [90m[1mreimport[22m | world_flight_pc_01.png[39m[0m
[  40% ] [90m[1mreimport[22m | world_flight_pc_02.png[39m[0m
[  40% ] [90m[1mreimport[22m | world_flight_pc_03.png[39m[0m
[  40% ] [90m[1mreimport[22m | world_flight_pc_04.png[39m[0m
[  40% ] [90m[1mreimport[22m | erosion_turn_confirmation.png[39m[0m
[  40% ] [90m[1mreimport[22m | exploration_collected.png[39m[0m
[  40% ] [90m[1mreimport[22m | exploration_options.png[39m[0m
[  41% ] [90m[1mreimport[22m | exploration_shortcut.png[39m[0m
[  41% ] [90m[1mreimport[22m | field.png[39m[0m
[  41% ] [90m[1mreimport[22m | finished_battle_layout.png[39m[0m
[  41% ] [90m[1mreimport[22m | finished_erosion_battle.png[39m[0m
[  41% ] [90m[1mreimport[22m | finished_erosion_walk.png[39m[0m
[  41% ] [90m[1mreimport[22m | finished_job_lore.png[39m[0m
[  41% ] [90m[1mreimport[22m | forms_beast_preview.png[39m[0m
[  41% ] [90m[1mreimport[22m | forms_bird_preview.png[39m[0m
[  41% ] [90m[1mreimport[22m | forms_dragon_preview.png[39m[0m
[  41% ] [90m[1mreimport[22m | forms_plant_preview.png[39m[0m
[  41% ] [90m[1mreimport[22m | forms_shell_preview.png[39m[0m
[  41% ] [90m[1mreimport[22m | forms_slime_preview.png[39m[0m
[  41% ] [90m[1mreimport[22m | forms_spirit_preview.png[39m[0m
[  41% ] [90m[1mreimport[22m | forms_undead_preview.png[39m[0m
[  41% ] [90m[1mreimport[22m | party.png[39m[0m
[  41% ] [90m[1mreimport[22m | party_attack.png[39m[0m
[  41% ] [90m[1mreimport[22m | party_hurt.png[39m[0m
[  41% ] [90m[1mreimport[22m | party_monster_battle.png[39m[0m
[  41% ] [90m[1mreimport[22m | party_monster_walk.png[39m[0m
[  41% ] [90m[1mreimport[22m | party_walk.png[39m[0m
[  41% ] [90m[1mreimport[22m | playtest_review.png[39m[0m
[  41% ] [90m[1mreimport[22m | walk-mask.png[39m[0m
[  41% ] [90m[1mreimport[22m | collision-overlay.png[39m[0m
[  41% ] [90m[1mreimport[22m | color-review-004.png[39m[0m
[  41% ] [90m[1mreimport[22m | grid.png[39m[0m
[  41% ] [90m[1mreimport[22m | native-behind-empty.png[39m[0m
[  41% ] [90m[1mreimport[22m | native-behind.png[39m[0m
[  41% ] [90m[1mreimport[22m | native-detail.png[39m[0m
[  41% ] [90m[1mreimport[22m | native-empty.png[39m[0m
[  41% ] [90m[1mreimport[22m | native-start.png[39m[0m
[  42% ] [90m[1mreimport[22m | review-comparison.png[39m[0m
[  42% ] [90m[1mreimport[22m | source-comparison.png[39m[0m
[  42% ] [90m[1mreimport[22m | upper-mask.png[39m[0m
[  42% ] [90m[1mreimport[22m | walk-mask.png[39m[0m
[  42% ] [90m[1mreimport[22m | collision-overlay.png[39m[0m
[  42% ] [90m[1mreimport[22m | color-review-004.png[39m[0m
[  42% ] [90m[1mreimport[22m | grid.png[39m[0m
[  42% ] [90m[1mreimport[22m | native-behind-empty.png[39m[0m
[  42% ] [90m[1mreimport[22m | native-behind.png[39m[0m
[  42% ] [90m[1mreimport[22m | native-detail.png[39m[0m
[  42% ] [90m[1mreimport[22m | native-empty.png[39m[0m
[  42% ] [90m[1mreimport[22m | native-start.png[39m[0m
[  42% ] [90m[1mreimport[22m | review-comparison.png[39m[0m
[  42% ] [90m[1mreimport[22m | source-comparison.png[39m[0m
[  42% ] [90m[1mreimport[22m | ship-erase-before-after.png[39m[0m
[  42% ] [90m[1mreimport[22m | ship-erase-before.png[39m[0m
[  42% ] [90m[1mreimport[22m | ship-erase-source-map.png[39m[0m
[  42% ] [90m[1mreimport[22m | ship-scenes.png[39m[0m
[  42% ] [90m[1mreimport[22m | walking-scenes.png[39m[0m
[  42% ] [90m[1mreimport[22m | comparison-A.png[39m[0m
[  42% ] [90m[1mreimport[22m | comparison-B.png[39m[0m
[  42% ] [90m[1mreimport[22m | comparison-C.png[39m[0m
[  42% ] [90m[1mreimport[22m | overview.png[39m[0m
[  42% ] [90m[1mreimport[22m | plan-A.png[39m[0m
[  42% ] [90m[1mreimport[22m | plan-B.png[39m[0m
[  42% ] [90m[1mreimport[22m | plan-C.png[39m[0m
[  42% ] [90m[1mreimport[22m | collision-overlay.png[39m[0m
[  42% ] [90m[1mreimport[22m | color-review-004.png[39m[0m
[  42% ] [90m[1mreimport[22m | grid.png[39m[0m
[  42% ] [90m[1mreimport[22m | native-behind-empty.png[39m[0m
[  43% ] [90m[1mreimport[22m | native-behind.png[39m[0m
[  43% ] [90m[1mreimport[22m | native-detail.png[39m[0m
[  43% ] [90m[1mreimport[22m | native-empty.png[39m[0m
[  43% ] [90m[1mreimport[22m | native-start.png[39m[0m
[  43% ] [90m[1mreimport[22m | review-comparison.png[39m[0m
[  43% ] [90m[1mreimport[22m | source-comparison.png[39m[0m
[  43% ] [90m[1mreimport[22m | upper-mask.png[39m[0m
[  43% ] [90m[1mreimport[22m | upper-mask.png[39m[0m
[  43% ] [90m[1mreimport[22m | walk-mask.png[39m[0m
[  43% ] [90m[1mreimport[22m | 01-west-arch-under.png[39m[0m
[  43% ] [90m[1mreimport[22m | 02-east-arch-under.png[39m[0m
[  43% ] [90m[1mreimport[22m | 03-room-1-high-front-wall.png[39m[0m
[  43% ] [90m[1mreimport[22m | 03-room-2-high-front-wall.png[39m[0m
[  43% ] [90m[1mreimport[22m | 03-room-3-high-front-wall.png[39m[0m
[  43% ] [90m[1mreimport[22m | 03-room-4-high-front-wall.png[39m[0m
[  43% ] [90m[1mreimport[22m | 01-port-start.png[39m[0m
[  43% ] [90m[1mreimport[22m | 02-world-village-entrance.png[39m[0m
[  43% ] [90m[1mreimport[22m | 03-west-landing.png[39m[0m
[  43% ] [90m[1mreimport[22m | 04-room-0-entrance.png[39m[0m
[  43% ] [90m[1mreimport[22m | 04-room-1-entrance.png[39m[0m
[  43% ] [90m[1mreimport[22m | 04-room-2-entrance.png[39m[0m
[  43% ] [90m[1mreimport[22m | 04-room-3-entrance.png[39m[0m
[  43% ] [90m[1mreimport[22m | 04-room-4-entrance.png[39m[0m
[  43% ] [90m[1mreimport[22m | 05-room-0-front.png[39m[0m
[  43% ] [90m[1mreimport[22m | 05-room-1-front.png[39m[0m
[  43% ] [90m[1mreimport[22m | 05-room-2-front.png[39m[0m
[  43% ] [90m[1mreimport[22m | 05-room-3-front.png[39m[0m
[  43% ] [90m[1mreimport[22m | 05-room-4-front.png[39m[0m
[  43% ] [90m[1mreimport[22m | 06-room-0-behind.png[39m[0m
[  43% ] [90m[1mreimport[22m | 06-room-1-behind.png[39m[0m
[  44% ] [90m[1mreimport[22m | upper-mask.png[39m[0m
[  44% ] [90m[1mreimport[22m | walk-mask.png[39m[0m
[  44% ] [90m[1mreimport[22m | collision-overlay.png[39m[0m
[  44% ] [90m[1mreimport[22m | color-review-004.png[39m[0m
[  44% ] [90m[1mreimport[22m | grid.png[39m[0m
[  44% ] [90m[1mreimport[22m | native-behind-empty.png[39m[0m
[  44% ] [90m[1mreimport[22m | native-behind.png[39m[0m
[  44% ] [90m[1mreimport[22m | native-detail.png[39m[0m
[  44% ] [90m[1mreimport[22m | native-empty.png[39m[0m
[  44% ] [90m[1mreimport[22m | native-start.png[39m[0m
[  44% ] [90m[1mreimport[22m | review-comparison.png[39m[0m
[  44% ] [90m[1mreimport[22m | source-comparison.png[39m[0m
[  44% ] [90m[1mreimport[22m | upper-mask.png[39m[0m
[  44% ] [90m[1mreimport[22m | walk-mask.png[39m[0m
[  44% ] [90m[1mreimport[22m | collision-overlay.png[39m[0m
[  44% ] [90m[1mreimport[22m | color-review-004.png[39m[0m
[  44% ] [90m[1mreimport[22m | grid.png[39m[0m
[  44% ] [90m[1mreimport[22m | native-behind-empty.png[39m[0m
[  44% ] [90m[1mreimport[22m | native-behind.png[39m[0m
[  44% ] [90m[1mreimport[22m | native-detail.png[39m[0m
[  44% ] [90m[1mreimport[22m | native-empty.png[39m[0m
[  44% ] [90m[1mreimport[22m | native-start.png[39m[0m
[  44% ] [90m[1mreimport[22m | review-comparison.png[39m[0m
[  44% ] [90m[1mreimport[22m | source-comparison.png[39m[0m
[  44% ] [90m[1mreimport[22m | slime-plains.png[39m[0m
[  44% ] [90m[1mreimport[22m | slime-underworld.png[39m[0m
[  44% ] [90m[1mreimport[22m | spirit-cave.png[39m[0m
[  44% ] [90m[1mreimport[22m | spirit-plains.png[39m[0m
[  44% ] [90m[1mreimport[22m | spirit-underworld.png[39m[0m
[  44% ] [90m[1mreimport[22m | undead-cave.png[39m[0m
[  45% ] [90m[1mreimport[22m | undead-plains.png[39m[0m
[  45% ] [90m[1mreimport[22m | undead-underworld.png[39m[0m
[  45% ] [90m[1mreimport[22m | battle-cave-eight.png[39m[0m
[  45% ] [90m[1mreimport[22m | battle-plains-eight.png[39m[0m
[  45% ] [90m[1mreimport[22m | battle-underworld-eight.png[39m[0m
[  45% ] [90m[1mreimport[22m | source-battle-comparison.png[39m[0m
[  45% ] [90m[1mreimport[22m | source-cutouts.png[39m[0m
[  45% ] [90m[1mreimport[22m | walk-eight.png[39m[0m
[  45% ] [90m[1mreimport[22m | beast-cave.png[39m[0m
[  45% ] [90m[1mreimport[22m | beast-underworld.png[39m[0m
[  45% ] [90m[1mreimport[22m | bird-cave.png[39m[0m
[  45% ] [90m[1mreimport[22m | bird-underworld.png[39m[0m
[  45% ] [90m[1mreimport[22m | dragon-cave.png[39m[0m
[  45% ] [90m[1mreimport[22m | dragon-underworld.png[39m[0m
[  45% ] [90m[1mreimport[22m | plant-cave.png[39m[0m
[  45% ] [90m[1mreimport[22m | plant-underworld.png[39m[0m
[  45% ] [90m[1mreimport[22m | shell-cave.png[39m[0m
[  45% ] [90m[1mreimport[22m | sage-walk-sheet.png[39m[0m
[  45% ] [90m[1mreimport[22m | shaman-reference-comparison.png[39m[0m
[  45% ] [90m[1mreimport[22m | shaman-walk-sheet.png[39m[0m
[  45% ] [90m[1mreimport[22m | swordsman-reference-comparison.png[39m[0m
[  45% ] [90m[1mreimport[22m | swordsman-walk-sheet.png[39m[0m
[  45% ] [90m[1mreimport[22m | thief-reference-comparison.png[39m[0m
[  45% ] [90m[1mreimport[22m | thief-walk-sheet.png[39m[0m
[  45% ] [90m[1mreimport[22m | beast-cave.png[39m[0m
[  45% ] [90m[1mreimport[22m | beast-plains.png[39m[0m
[  45% ] [90m[1mreimport[22m | beast-underworld.png[39m[0m
[  45% ] [90m[1mreimport[22m | bird-cave.png[39m[0m
[  45% ] [90m[1mreimport[22m | bird-plains.png[39m[0m
[  45% ] [90m[1mreimport[22m | bird-underworld.png[39m[0m
[  46% ] [90m[1mreimport[22m | dragon-cave.png[39m[0m
[  46% ] [90m[1mreimport[22m | dragon-plains.png[39m[0m
[  46% ] [90m[1mreimport[22m | dragon-underworld.png[39m[0m
[  46% ] [90m[1mreimport[22m | plant-cave.png[39m[0m
[  46% ] [90m[1mreimport[22m | plant-plains.png[39m[0m
[  46% ] [90m[1mreimport[22m | plant-underworld.png[39m[0m
[  46% ] [90m[1mreimport[22m | shell-cave.png[39m[0m
[  46% ] [90m[1mreimport[22m | shell-plains.png[39m[0m
[  46% ] [90m[1mreimport[22m | shell-underworld.png[39m[0m
[  46% ] [90m[1mreimport[22m | slime-cave.png[39m[0m
[  46% ] [90m[1mreimport[22m | 05-royal-audience.png[39m[0m
[  46% ] [90m[1mreimport[22m | 06-job-change.png[39m[0m
[  46% ] [90m[1mreimport[22m | 07-new-costume.png[39m[0m
[  46% ] [90m[1mreimport[22m | 08-treasury.png[39m[0m
[  46% ] [90m[1mreimport[22m | 09-library.png[39m[0m
[  46% ] [90m[1mreimport[22m | 10-inn.png[39m[0m
[  46% ] [90m[1mreimport[22m | 11-item-shop-counter.png[39m[0m
[  46% ] [90m[1mreimport[22m | 11-item-shop.png[39m[0m
[  46% ] [90m[1mreimport[22m | 12-weapon-shop-counter.png[39m[0m
[  46% ] [90m[1mreimport[22m | 12-weapon-shop.png[39m[0m
[  46% ] [90m[1mreimport[22m | 13-shrine.png[39m[0m
[  46% ] [90m[1mreimport[22m | 14-return-world.png[39m[0m
[  46% ] [90m[1mreimport[22m | castle-npcs.png[39m[0m
[  46% ] [90m[1mreimport[22m | hall-comparison.png[39m[0m
[  46% ] [90m[1mreimport[22m | map-00.png[39m[0m
[  46% ] [90m[1mreimport[22m | map-01.png[39m[0m
[  46% ] [90m[1mreimport[22m | map-02.png[39m[0m
[  46% ] [90m[1mreimport[22m | map-03.png[39m[0m
[  46% ] [90m[1mreimport[22m | map-04.png[39m[0m
[  46% ] [90m[1mreimport[22m | map-08.png[39m[0m
[  47% ] [90m[1mreimport[22m | map-10.png[39m[0m
[  47% ] [90m[1mreimport[22m | town-comparison.png[39m[0m
[  47% ] [90m[1mreimport[22m | 01-world-tower.png[39m[0m
[  47% ] [90m[1mreimport[22m | shell-underworld.png[39m[0m
[  47% ] [90m[1mreimport[22m | slime-cave.png[39m[0m
[  47% ] [90m[1mreimport[22m | slime-underworld.png[39m[0m
[  47% ] [90m[1mreimport[22m | spirit-cave.png[39m[0m
[  47% ] [90m[1mreimport[22m | spirit-underworld.png[39m[0m
[  47% ] [90m[1mreimport[22m | undead-cave.png[39m[0m
[  47% ] [90m[1mreimport[22m | undead-underworld.png[39m[0m
[  47% ] [90m[1mreimport[22m | all-32-forms.png[39m[0m
[  47% ] [90m[1mreimport[22m | battle-cave.png[39m[0m
[  47% ] [90m[1mreimport[22m | battle-underworld.png[39m[0m
[  47% ] [90m[1mreimport[22m | pc_02-source-battle.png[39m[0m
[  47% ] [90m[1mreimport[22m | pc_02-source-cutouts.png[39m[0m
[  47% ] [90m[1mreimport[22m | pc_02-walk.png[39m[0m
[  47% ] [90m[1mreimport[22m | pc_03-source-battle.png[39m[0m
[  47% ] [90m[1mreimport[22m | pc_03-source-cutouts.png[39m[0m
[  47% ] [90m[1mreimport[22m | pc_03-walk.png[39m[0m
[  47% ] [90m[1mreimport[22m | pc_04-source-battle.png[39m[0m
[  47% ] [90m[1mreimport[22m | pc_04-source-cutouts.png[39m[0m
[  47% ] [90m[1mreimport[22m | pc_04-walk.png[39m[0m
[  47% ] [90m[1mreimport[22m | 01-world-entrance.png[39m[0m
[  47% ] [90m[1mreimport[22m | 02-town-plaza.png[39m[0m
[  47% ] [90m[1mreimport[22m | 03-castle-court.png[39m[0m
[  47% ] [90m[1mreimport[22m | 03b-castle-exterior.png[39m[0m
[  47% ] [90m[1mreimport[22m | 04-throne-hall.png[39m[0m
[  47% ] [90m[1mreimport[22m | warrior-battle-2.png[39m[0m
[  47% ] [90m[1mreimport[22m | warrior-reference-compare.png[39m[0m
[  47% ] [90m[1mreimport[22m | warrior-sheets.png[39m[0m
[  48% ] [90m[1mreimport[22m | warrior-walk-render.png[39m[0m
[  48% ] [90m[1mreimport[22m | apothecary.png[39m[0m
[  48% ] [90m[1mreimport[22m | bard.png[39m[0m
[  48% ] [90m[1mreimport[22m | hunter.png[39m[0m
[  48% ] [90m[1mreimport[22m | knight.png[39m[0m
[  48% ] [90m[1mreimport[22m | mage.png[39m[0m
[  48% ] [90m[1mreimport[22m | martial_artist.png[39m[0m
[  48% ] [90m[1mreimport[22m | priest.png[39m[0m
[  48% ] [90m[1mreimport[22m | sage.png[39m[0m
[  48% ] [90m[1mreimport[22m | shaman.png[39m[0m
[  48% ] [90m[1mreimport[22m | swordsman.png[39m[0m
[  48% ] [90m[1mreimport[22m | thief.png[39m[0m
[  48% ] [90m[1mreimport[22m | warrior.png[39m[0m
[  48% ] [90m[1mreimport[22m | all-twelve-jobs.png[39m[0m
[  48% ] [90m[1mreimport[22m | apothecary-battle-sheet.png[39m[0m
[  48% ] [90m[1mreimport[22m | apothecary-reference-comparison.png[39m[0m
[  48% ] [90m[1mreimport[22m | bard-battle-sheet.png[39m[0m
[  48% ] [90m[1mreimport[22m | bard-reference-comparison.png[39m[0m
[  48% ] [90m[1mreimport[22m | hunter-battle-sheet.png[39m[0m
[  48% ] [90m[1mreimport[22m | hunter-reference-comparison.png[39m[0m
[  48% ] [90m[1mreimport[22m | world_interior.png[39m[0m
[  48% ] [90m[1mreimport[22m | world_ship.png[39m[0m
[  48% ] [90m[1mreimport[22m | costume-overview.png[39m[0m
[  48% ] [90m[1mreimport[22m | mage-battle-0.png[39m[0m
[  48% ] [90m[1mreimport[22m | mage-battle-1.png[39m[0m
[  48% ] [90m[1mreimport[22m | mage-battle-2.png[39m[0m
[  48% ] [90m[1mreimport[22m | mage-reference-compare.png[39m[0m
[  48% ] [90m[1mreimport[22m | mage-sheets.png[39m[0m
[  48% ] [90m[1mreimport[22m | mage-walk-render.png[39m[0m
[  48% ] [90m[1mreimport[22m | martial_artist-battle-0.png[39m[0m
[  49% ] [90m[1mreimport[22m | martial_artist-battle-1.png[39m[0m
[  49% ] [90m[1mreimport[22m | martial_artist-battle-2.png[39m[0m
[  49% ] [90m[1mreimport[22m | martial_artist-reference-compare.png[39m[0m
[  49% ] [90m[1mreimport[22m | martial_artist-sheets.png[39m[0m
[  49% ] [90m[1mreimport[22m | martial_artist-walk-render.png[39m[0m
[  49% ] [90m[1mreimport[22m | priest-battle-0.png[39m[0m
[  49% ] [90m[1mreimport[22m | priest-battle-1.png[39m[0m
[  49% ] [90m[1mreimport[22m | priest-battle-2.png[39m[0m
[  49% ] [90m[1mreimport[22m | priest-reference-compare.png[39m[0m
[  49% ] [90m[1mreimport[22m | priest-sheets.png[39m[0m
[  49% ] [90m[1mreimport[22m | priest-walk-render.png[39m[0m
[  49% ] [90m[1mreimport[22m | warrior-battle-0.png[39m[0m
[  49% ] [90m[1mreimport[22m | warrior-battle-1.png[39m[0m
[  49% ] [90m[1mreimport[22m | village-warrior.png[39m[0m
[  49% ] [90m[1mreimport[22m | world-apothecary.png[39m[0m
[  49% ] [90m[1mreimport[22m | world-bard.png[39m[0m
[  49% ] [90m[1mreimport[22m | world-hunter.png[39m[0m
[  49% ] [90m[1mreimport[22m | world-knight.png[39m[0m
[  49% ] [90m[1mreimport[22m | world-mage.png[39m[0m
[  49% ] [90m[1mreimport[22m | world-martial_artist.png[39m[0m
[  49% ] [90m[1mreimport[22m | world-priest.png[39m[0m
[  49% ] [90m[1mreimport[22m | world-sage.png[39m[0m
[  49% ] [90m[1mreimport[22m | world-shaman.png[39m[0m
[  49% ] [90m[1mreimport[22m | world-swordsman.png[39m[0m
[  49% ] [90m[1mreimport[22m | world-thief.png[39m[0m
[  49% ] [90m[1mreimport[22m | world-warrior.png[39m[0m
[  49% ] [90m[1mreimport[22m | all-twelve-walks.png[39m[0m
[  49% ] [90m[1mreimport[22m | apothecary-reference-comparison.png[39m[0m
[  49% ] [90m[1mreimport[22m | apothecary-walk-sheet.png[39m[0m
[  50% ] [90m[1mreimport[22m | bard-reference-comparison.png[39m[0m
[  50% ] [90m[1mreimport[22m | bard-walk-sheet.png[39m[0m
[  50% ] [90m[1mreimport[22m | hunter-reference-comparison.png[39m[0m
[  50% ] [90m[1mreimport[22m | hunter-walk-sheet.png[39m[0m
[  50% ] [90m[1mreimport[22m | knight-reference-comparison.png[39m[0m
[  50% ] [90m[1mreimport[22m | knight-walk-sheet.png[39m[0m
[  50% ] [90m[1mreimport[22m | sage-reference-comparison.png[39m[0m
[  50% ] [90m[1mreimport[22m | identity-color-audit.png[39m[0m
[  50% ] [90m[1mreimport[22m | knight-battle-sheet.png[39m[0m
[  50% ] [90m[1mreimport[22m | knight-reference-comparison.png[39m[0m
[  50% ] [90m[1mreimport[22m | sage-battle-sheet.png[39m[0m
[  50% ] [90m[1mreimport[22m | sage-reference-comparison.png[39m[0m
[  50% ] [90m[1mreimport[22m | shaman-battle-sheet.png[39m[0m
[  50% ] [90m[1mreimport[22m | shaman-reference-comparison.png[39m[0m
[  50% ] [90m[1mreimport[22m | swordsman-battle-sheet.png[39m[0m
[  50% ] [90m[1mreimport[22m | swordsman-color-limit.png[39m[0m
[  50% ] [90m[1mreimport[22m | swordsman-reference-comparison.png[39m[0m
[  50% ] [90m[1mreimport[22m | thief-battle-sheet.png[39m[0m
[  50% ] [90m[1mreimport[22m | thief-reference-comparison.png[39m[0m
[  50% ] [90m[1mreimport[22m | command-left-aligned.png[39m[0m
[  50% ] [90m[1mreimport[22m | village-apothecary.png[39m[0m
[  50% ] [90m[1mreimport[22m | village-bard.png[39m[0m
[  50% ] [90m[1mreimport[22m | village-hunter.png[39m[0m
[  50% ] [90m[1mreimport[22m | village-knight.png[39m[0m
[  50% ] [90m[1mreimport[22m | village-mage.png[39m[0m
[  50% ] [90m[1mreimport[22m | village-martial_artist.png[39m[0m
[  50% ] [90m[1mreimport[22m | village-priest.png[39m[0m
[  50% ] [90m[1mreimport[22m | village-sage.png[39m[0m
[  50% ] [90m[1mreimport[22m | village-shaman.png[39m[0m
[  50% ] [90m[1mreimport[22m | village-swordsman.png[39m[0m
[  51% ] [90m[1mreimport[22m | village-thief.png[39m[0m
[  51% ] [90m[1mreimport[22m | walk.png[39m[0m
[  51% ] [90m[1mreimport[22m | battle.png[39m[0m
[  51% ] [90m[1mreimport[22m | walk.png[39m[0m
[  51% ] [90m[1mreimport[22m | battle.png[39m[0m
[  51% ] [90m[1mreimport[22m | walk.png[39m[0m
[  51% ] [90m[1mreimport[22m | battle.png[39m[0m
[  51% ] [90m[1mreimport[22m | walk.png[39m[0m
[  51% ] [90m[1mreimport[22m | battle.png[39m[0m
[  51% ] [90m[1mreimport[22m | walk.png[39m[0m
[  51% ] [90m[1mreimport[22m | battle.png[39m[0m
[  51% ] [90m[1mreimport[22m | walk.png[39m[0m
[  51% ] [90m[1mreimport[22m | battle.png[39m[0m
[  51% ] [90m[1mreimport[22m | walk.png[39m[0m
[  51% ] [90m[1mreimport[22m | battle.png[39m[0m
[  51% ] [90m[1mreimport[22m | walk.png[39m[0m
[  51% ] [90m[1mreimport[22m | battle.png[39m[0m
[  51% ] [90m[1mreimport[22m | walk.png[39m[0m
[  51% ] [90m[1mreimport[22m | battle.png[39m[0m
[  51% ] [90m[1mreimport[22m | walk.png[39m[0m
[  51% ] [90m[1mreimport[22m | battle.png[39m[0m
[  51% ] [90m[1mreimport[22m | walk.png[39m[0m
[  51% ] [90m[1mreimport[22m | battle.png[39m[0m
[  51% ] [90m[1mreimport[22m | walk.png[39m[0m
[  51% ] [90m[1mreimport[22m | portrait.png[39m[0m
[  51% ] [90m[1mreimport[22m | walk.png[39m[0m
[  51% ] [90m[1mreimport[22m | battle.png[39m[0m
[  51% ] [90m[1mreimport[22m | walk.png[39m[0m
[  51% ] [90m[1mreimport[22m | battle.png[39m[0m
[  51% ] [90m[1mreimport[22m | walk.png[39m[0m
[  52% ] [90m[1mreimport[22m | battle.png[39m[0m
[  52% ] [90m[1mreimport[22m | walk.png[39m[0m
[  52% ] [90m[1mreimport[22m | battle.png[39m[0m
[  52% ] [90m[1mreimport[22m | walk.png[39m[0m
[  52% ] [90m[1mreimport[22m | battle.png[39m[0m
[  52% ] [90m[1mreimport[22m | walk.png[39m[0m
[  52% ] [90m[1mreimport[22m | battle.png[39m[0m
[  52% ] [90m[1mreimport[22m | walk.png[39m[0m
[  52% ] [90m[1mreimport[22m | battle.png[39m[0m
[  52% ] [90m[1mreimport[22m | walk.png[39m[0m
[  52% ] [90m[1mreimport[22m | battle.png[39m[0m
[  52% ] [90m[1mreimport[22m | walk.png[39m[0m
[  52% ] [90m[1mreimport[22m | battle.png[39m[0m
[  52% ] [90m[1mreimport[22m | walk.png[39m[0m
[  52% ] [90m[1mreimport[22m | battle.png[39m[0m
[  52% ] [90m[1mreimport[22m | walk.png[39m[0m
[  52% ] [90m[1mreimport[22m | battle.png[39m[0m
[  52% ] [90m[1mreimport[22m | walk.png[39m[0m
[  52% ] [90m[1mreimport[22m | battle.png[39m[0m
[  52% ] [90m[1mreimport[22m | walk.png[39m[0m
[  52% ] [90m[1mreimport[22m | battle.png[39m[0m
[  52% ] [90m[1mreimport[22m | walk.png[39m[0m
[  52% ] [90m[1mreimport[22m | battle.png[39m[0m
[  52% ] [90m[1mreimport[22m | walk.png[39m[0m
[  52% ] [90m[1mreimport[22m | battle.png[39m[0m
[  52% ] [90m[1mreimport[22m | walk.png[39m[0m
[  52% ] [90m[1mreimport[22m | battle.png[39m[0m
[  52% ] [90m[1mreimport[22m | walk.png[39m[0m
[  52% ] [90m[1mreimport[22m | battle.png[39m[0m
[  52% ] [90m[1mreimport[22m | walk.png[39m[0m
[  53% ] [90m[1mreimport[22m | battle.png[39m[0m
[  53% ] [90m[1mreimport[22m | walk.png[39m[0m
[  53% ] [90m[1mreimport[22m | battle.png[39m[0m
[  53% ] [90m[1mreimport[22m | walk.png[39m[0m
[  53% ] [90m[1mreimport[22m | battle.png[39m[0m
[  53% ] [90m[1mreimport[22m | walk.png[39m[0m
[  53% ] [90m[1mreimport[22m | battle.png[39m[0m
[  53% ] [90m[1mreimport[22m | walk.png[39m[0m
[  53% ] [90m[1mreimport[22m | battle.png[39m[0m
[  53% ] [90m[1mreimport[22m | walk.png[39m[0m
[  53% ] [90m[1mreimport[22m | battle.png[39m[0m
[  53% ] [90m[1mreimport[22m | walk.png[39m[0m
[  53% ] [90m[1mreimport[22m | battle.png[39m[0m
[  53% ] [90m[1mreimport[22m | walk.png[39m[0m
[  53% ] [90m[1mreimport[22m | battle.png[39m[0m
[  53% ] [90m[1mreimport[22m | walk.png[39m[0m
[  53% ] [90m[1mreimport[22m | battle.png[39m[0m
[  53% ] [90m[1mreimport[22m | walk.png[39m[0m
[  53% ] [90m[1mreimport[22m | battle.png[39m[0m
[  53% ] [90m[1mreimport[22m | walk.png[39m[0m
[  53% ] [90m[1mreimport[22m | battle.png[39m[0m
[  53% ] [90m[1mreimport[22m | walk.png[39m[0m
[  53% ] [90m[1mreimport[22m | battle.png[39m[0m
[  53% ] [90m[1mreimport[22m | walk.png[39m[0m
[  53% ] [90m[1mreimport[22m | battle.png[39m[0m
[  53% ] [90m[1mreimport[22m | walk.png[39m[0m
[  53% ] [90m[1mreimport[22m | battle.png[39m[0m
[  53% ] [90m[1mreimport[22m | walk.png[39m[0m
[  53% ] [90m[1mreimport[22m | battle.png[39m[0m
[  53% ] [90m[1mreimport[22m | walk.png[39m[0m
[  54% ] [90m[1mreimport[22m | battle.png[39m[0m
[  54% ] [90m[1mreimport[22m | walk.png[39m[0m
[  54% ] [90m[1mreimport[22m | battle.png[39m[0m
[  54% ] [90m[1mreimport[22m | battle.png[39m[0m
[  54% ] [90m[1mreimport[22m | walk.png[39m[0m
[  54% ] [90m[1mreimport[22m | battle.png[39m[0m
[  54% ] [90m[1mreimport[22m | walk.png[39m[0m
[  54% ] [90m[1mreimport[22m | battle.png[39m[0m
[  54% ] [90m[1mreimport[22m | walk.png[39m[0m
[  54% ] [90m[1mreimport[22m | battle.png[39m[0m
[  54% ] [90m[1mreimport[22m | walk.png[39m[0m
[  54% ] [90m[1mreimport[22m | battle.png[39m[0m
[  54% ] [90m[1mreimport[22m | walk.png[39m[0m
[  54% ] [90m[1mreimport[22m | battle.png[39m[0m
[  54% ] [90m[1mreimport[22m | walk.png[39m[0m
[  54% ] [90m[1mreimport[22m | battle.png[39m[0m
[  54% ] [90m[1mreimport[22m | walk.png[39m[0m
[  54% ] [90m[1mreimport[22m | battle.png[39m[0m
[  54% ] [90m[1mreimport[22m | walk.png[39m[0m
[  54% ] [90m[1mreimport[22m | battle.png[39m[0m
[  54% ] [90m[1mreimport[22m | walk.png[39m[0m
[  54% ] [90m[1mreimport[22m | battle.png[39m[0m
[  54% ] [90m[1mreimport[22m | walk.png[39m[0m
[  54% ] [90m[1mreimport[22m | battle.png[39m[0m
[  54% ] [90m[1mreimport[22m | walk.png[39m[0m
[  54% ] [90m[1mreimport[22m | battle.png[39m[0m
[  54% ] [90m[1mreimport[22m | walk.png[39m[0m
[  54% ] [90m[1mreimport[22m | battle.png[39m[0m
[  54% ] [90m[1mreimport[22m | walk.png[39m[0m
[  54% ] [90m[1mreimport[22m | battle.png[39m[0m
[  55% ] [90m[1mreimport[22m | walk.png[39m[0m
[  55% ] [90m[1mreimport[22m | battle.png[39m[0m
[  55% ] [90m[1mreimport[22m | walk.png[39m[0m
[  55% ] [90m[1mreimport[22m | battle.png[39m[0m
[  55% ] [90m[1mreimport[22m | walk.png[39m[0m
[  55% ] [90m[1mreimport[22m | battle.png[39m[0m
[  55% ] [90m[1mreimport[22m | walk.png[39m[0m
[  55% ] [90m[1mreimport[22m | battle.png[39m[0m
[  55% ] [90m[1mreimport[22m | walk.png[39m[0m
[  55% ] [90m[1mreimport[22m | battle.png[39m[0m
[  55% ] [90m[1mreimport[22m | walk.png[39m[0m
[  55% ] [90m[1mreimport[22m | battle.png[39m[0m
[  55% ] [90m[1mreimport[22m | walk.png[39m[0m
[  55% ] [90m[1mreimport[22m | battle.png[39m[0m
[  55% ] [90m[1mreimport[22m | walk.png[39m[0m
[  55% ] [90m[1mreimport[22m | battle.png[39m[0m
[  55% ] [90m[1mreimport[22m | walk.png[39m[0m
[  55% ] [90m[1mreimport[22m | battle.png[39m[0m
[  55% ] [90m[1mreimport[22m | walk.png[39m[0m
[  55% ] [90m[1mreimport[22m | battle.png[39m[0m
[  55% ] [90m[1mreimport[22m | walk.png[39m[0m
[  55% ] [90m[1mreimport[22m | battle.png[39m[0m
[  55% ] [90m[1mreimport[22m | walk.png[39m[0m
[  55% ] [90m[1mreimport[22m | battle.png[39m[0m
[  55% ] [90m[1mreimport[22m | walk.png[39m[0m
[  55% ] [90m[1mreimport[22m | battle.png[39m[0m
[  55% ] [90m[1mreimport[22m | walk.png[39m[0m
[  55% ] [90m[1mreimport[22m | battle.png[39m[0m
[  55% ] [90m[1mreimport[22m | walk.png[39m[0m
[  55% ] [90m[1mreimport[22m | battle.png[39m[0m
[  56% ] [90m[1mreimport[22m | walk.png[39m[0m
[  56% ] [90m[1mreimport[22m | battle.png[39m[0m
[  56% ] [90m[1mreimport[22m | walk.png[39m[0m
[  56% ] [90m[1mreimport[22m | battle.png[39m[0m
[  56% ] [90m[1mreimport[22m | walk.png[39m[0m
[  56% ] [90m[1mreimport[22m | battle.png[39m[0m
[  56% ] [90m[1mreimport[22m | walk.png[39m[0m
[  56% ] [90m[1mreimport[22m | battle.png[39m[0m
[  56% ] [90m[1mreimport[22m | walk.png[39m[0m
[  56% ] [90m[1mreimport[22m | battle.png[39m[0m
[  56% ] [90m[1mreimport[22m | walk.png[39m[0m
[  56% ] [90m[1mreimport[22m | battle.png[39m[0m
[  56% ] [90m[1mreimport[22m | walk.png[39m[0m
[  56% ] [90m[1mreimport[22m | battle.png[39m[0m
[  56% ] [90m[1mreimport[22m | walk.png[39m[0m
[  56% ] [90m[1mreimport[22m | battle.png[39m[0m
[  56% ] [90m[1mreimport[22m | walk.png[39m[0m
[  56% ] [90m[1mreimport[22m | battle.png[39m[0m
[  56% ] [90m[1mreimport[22m | walk.png[39m[0m
[  56% ] [90m[1mreimport[22m | battle.png[39m[0m
[  56% ] [90m[1mreimport[22m | walk.png[39m[0m
[  56% ] [90m[1mreimport[22m | battle.png[39m[0m
[  56% ] [90m[1mreimport[22m | walk.png[39m[0m
[  56% ] [90m[1mreimport[22m | battle.png[39m[0m
[  56% ] [90m[1mreimport[22m | walk.png[39m[0m
[  56% ] [90m[1mreimport[22m | battle.png[39m[0m
[  56% ] [90m[1mreimport[22m | walk.png[39m[0m
[  56% ] [90m[1mreimport[22m | battle.png[39m[0m
[  56% ] [90m[1mreimport[22m | walk.png[39m[0m
[  56% ] [90m[1mreimport[22m | battle.png[39m[0m
[  57% ] [90m[1mreimport[22m | walk.png[39m[0m
[  57% ] [90m[1mreimport[22m | battle.png[39m[0m
[  57% ] [90m[1mreimport[22m | walk.png[39m[0m
[  57% ] [90m[1mreimport[22m | battle.png[39m[0m
[  57% ] [90m[1mreimport[22m | walk.png[39m[0m
[  57% ] [90m[1mreimport[22m | walk.png[39m[0m
[  57% ] [90m[1mreimport[22m | battle.png[39m[0m
[  57% ] [90m[1mreimport[22m | walk.png[39m[0m
[  57% ] [90m[1mreimport[22m | battle.png[39m[0m
[  57% ] [90m[1mreimport[22m | walk.png[39m[0m
[  57% ] [90m[1mreimport[22m | battle.png[39m[0m
[  57% ] [90m[1mreimport[22m | walk.png[39m[0m
[  57% ] [90m[1mreimport[22m | battle.png[39m[0m
[  57% ] [90m[1mreimport[22m | walk.png[39m[0m
[  57% ] [90m[1mreimport[22m | battle.png[39m[0m
[  57% ] [90m[1mreimport[22m | walk.png[39m[0m
[  57% ] [90m[1mreimport[22m | battle.png[39m[0m
[  57% ] [90m[1mreimport[22m | walk.png[39m[0m
[  57% ] [90m[1mreimport[22m | battle.png[39m[0m
[  57% ] [90m[1mreimport[22m | walk.png[39m[0m
[  57% ] [90m[1mreimport[22m | battle.png[39m[0m
[  57% ] [90m[1mreimport[22m | walk.png[39m[0m
[  57% ] [90m[1mreimport[22m | battle.png[39m[0m
[  57% ] [90m[1mreimport[22m | walk.png[39m[0m
[  57% ] [90m[1mreimport[22m | battle.png[39m[0m
[  57% ] [90m[1mreimport[22m | walk.png[39m[0m
[  57% ] [90m[1mreimport[22m | battle.png[39m[0m
[  57% ] [90m[1mreimport[22m | walk.png[39m[0m
[  57% ] [90m[1mreimport[22m | battle.png[39m[0m
[  57% ] [90m[1mreimport[22m | walk.png[39m[0m
[  58% ] [90m[1mreimport[22m | battle.png[39m[0m
[  58% ] [90m[1mreimport[22m | walk.png[39m[0m
[  58% ] [90m[1mreimport[22m | battle.png[39m[0m
[  58% ] [90m[1mreimport[22m | walk.png[39m[0m
[  58% ] [90m[1mreimport[22m | battle.png[39m[0m
[  58% ] [90m[1mreimport[22m | walk.png[39m[0m
[  58% ] [90m[1mreimport[22m | battle.png[39m[0m
[  58% ] [90m[1mreimport[22m | walk.png[39m[0m
[  58% ] [90m[1mreimport[22m | battle.png[39m[0m
[  58% ] [90m[1mreimport[22m | walk.png[39m[0m
[  58% ] [90m[1mreimport[22m | battle.png[39m[0m
[  58% ] [90m[1mreimport[22m | walk.png[39m[0m
[  58% ] [90m[1mreimport[22m | battle.png[39m[0m
[  58% ] [90m[1mreimport[22m | walk.png[39m[0m
[  58% ] [90m[1mreimport[22m | battle.png[39m[0m
[  58% ] [90m[1mreimport[22m | walk.png[39m[0m
[  58% ] [90m[1mreimport[22m | battle.png[39m[0m
[  58% ] [90m[1mreimport[22m | walk.png[39m[0m
[  58% ] [90m[1mreimport[22m | battle.png[39m[0m
[  58% ] [90m[1mreimport[22m | walk.png[39m[0m
[  58% ] [90m[1mreimport[22m | battle.png[39m[0m
[  58% ] [90m[1mreimport[22m | walk.png[39m[0m
[  58% ] [90m[1mreimport[22m | battle.png[39m[0m
[  58% ] [90m[1mreimport[22m | walk.png[39m[0m
[  58% ] [90m[1mreimport[22m | battle.png[39m[0m
[  58% ] [90m[1mreimport[22m | walk.png[39m[0m
[  58% ] [90m[1mreimport[22m | battle.png[39m[0m
[  58% ] [90m[1mreimport[22m | walk.png[39m[0m
[  58% ] [90m[1mreimport[22m | battle.png[39m[0m
[  58% ] [90m[1mreimport[22m | walk.png[39m[0m
[  59% ] [90m[1mreimport[22m | battle.png[39m[0m
[  59% ] [90m[1mreimport[22m | walk.png[39m[0m
[  59% ] [90m[1mreimport[22m | battle.png[39m[0m
[  59% ] [90m[1mreimport[22m | walk.png[39m[0m
[  59% ] [90m[1mreimport[22m | battle.png[39m[0m
[  59% ] [90m[1mreimport[22m | walk.png[39m[0m
[  59% ] [90m[1mreimport[22m | battle.png[39m[0m
[  59% ] [90m[1mreimport[22m | walk.png[39m[0m
[  59% ] [90m[1mreimport[22m | battle.png[39m[0m
[  59% ] [90m[1mreimport[22m | walk.png[39m[0m
[  59% ] [90m[1mreimport[22m | battle.png[39m[0m
[  59% ] [90m[1mreimport[22m | walk.png[39m[0m
[  59% ] [90m[1mreimport[22m | battle.png[39m[0m
[  59% ] [90m[1mreimport[22m | walk.png[39m[0m
[  59% ] [90m[1mreimport[22m | battle.png[39m[0m
[  59% ] [90m[1mreimport[22m | walk.png[39m[0m
[  59% ] [90m[1mreimport[22m | battle.png[39m[0m
[  59% ] [90m[1mreimport[22m | walk.png[39m[0m
[  59% ] [90m[1mreimport[22m | battle.png[39m[0m
[  59% ] [90m[1mreimport[22m | walk.png[39m[0m
[  59% ] [90m[1mreimport[22m | battle.png[39m[0m
[  59% ] [90m[1mreimport[22m | walk.png[39m[0m
[  59% ] [90m[1mreimport[22m | battle.png[39m[0m
[  59% ] [90m[1mreimport[22m | walk.png[39m[0m
[  59% ] [90m[1mreimport[22m | battle.png[39m[0m
[  59% ] [90m[1mreimport[22m | walk.png[39m[0m
[  59% ] [90m[1mreimport[22m | battle.png[39m[0m
[  59% ] [90m[1mreimport[22m | walk.png[39m[0m
[  59% ] [90m[1mreimport[22m | battle.png[39m[0m
[  59% ] [90m[1mreimport[22m | walk.png[39m[0m
[  60% ] [90m[1mreimport[22m | battle.png[39m[0m
[  60% ] [90m[1mreimport[22m | walk.png[39m[0m
[  60% ] [90m[1mreimport[22m | battle.png[39m[0m
[  60% ] [90m[1mreimport[22m | walk.png[39m[0m
[  60% ] [90m[1mreimport[22m | battle.png[39m[0m
[  60% ] [90m[1mreimport[22m | walk.png[39m[0m
[  60% ] [90m[1mreimport[22m | battle.png[39m[0m
[  60% ] [90m[1mreimport[22m | walk.png[39m[0m
[  60% ] [90m[1mreimport[22m | battle.png[39m[0m
[  60% ] [90m[1mreimport[22m | walk.png[39m[0m
[  60% ] [90m[1mreimport[22m | battle.png[39m[0m
[  60% ] [90m[1mreimport[22m | walk.png[39m[0m
[  60% ] [90m[1mreimport[22m | battle.png[39m[0m
[  60% ] [90m[1mreimport[22m | walk.png[39m[0m
[  60% ] [90m[1mreimport[22m | battle.png[39m[0m
[  60% ] [90m[1mreimport[22m | walk.png[39m[0m
[  60% ] [90m[1mreimport[22m | battle.png[39m[0m
[  60% ] [90m[1mreimport[22m | walk.png[39m[0m
[  60% ] [90m[1mreimport[22m | battle.png[39m[0m
[  60% ] [90m[1mreimport[22m | walk.png[39m[0m
[  60% ] [90m[1mreimport[22m | battle.png[39m[0m
[  60% ] [90m[1mreimport[22m | walk.png[39m[0m
[  60% ] [90m[1mreimport[22m | battle.png[39m[0m
[  60% ] [90m[1mreimport[22m | walk.png[39m[0m
[  60% ] [90m[1mreimport[22m | battle.png[39m[0m
[  60% ] [90m[1mreimport[22m | walk.png[39m[0m
[  60% ] [90m[1mreimport[22m | battle.png[39m[0m
[  60% ] [90m[1mreimport[22m | walk.png[39m[0m
[  60% ] [90m[1mreimport[22m | battle.png[39m[0m
[  60% ] [90m[1mreimport[22m | walk.png[39m[0m
[  61% ] [90m[1mreimport[22m | battle.png[39m[0m
[  61% ] [90m[1mreimport[22m | walk.png[39m[0m
[  61% ] [90m[1mreimport[22m | battle.png[39m[0m
[  61% ] [90m[1mreimport[22m | walk.png[39m[0m
[  61% ] [90m[1mreimport[22m | battle.png[39m[0m
[  61% ] [90m[1mreimport[22m | walk.png[39m[0m
[  61% ] [90m[1mreimport[22m | battle.png[39m[0m
[  61% ] [90m[1mreimport[22m | walk.png[39m[0m
[  61% ] [90m[1mreimport[22m | battle.png[39m[0m
[  61% ] [90m[1mreimport[22m | walk.png[39m[0m
[  61% ] [90m[1mreimport[22m | battle.png[39m[0m
[  61% ] [90m[1mreimport[22m | walk.png[39m[0m
[  61% ] [90m[1mreimport[22m | battle.png[39m[0m
[  61% ] [90m[1mreimport[22m | walk.png[39m[0m
[  61% ] [90m[1mreimport[22m | battle.png[39m[0m
[  61% ] [90m[1mreimport[22m | walk.png[39m[0m
[  61% ] [90m[1mreimport[22m | battle.png[39m[0m
[  61% ] [90m[1mreimport[22m | walk.png[39m[0m
[  61% ] [90m[1mreimport[22m | battle.png[39m[0m
[  61% ] [90m[1mreimport[22m | walk.png[39m[0m
[  61% ] [90m[1mreimport[22m | battle.png[39m[0m
[  61% ] [90m[1mreimport[22m | walk.png[39m[0m
[  61% ] [90m[1mreimport[22m | battle.png[39m[0m
[  61% ] [90m[1mreimport[22m | walk.png[39m[0m
[  61% ] [90m[1mreimport[22m | battle.png[39m[0m
[  61% ] [90m[1mreimport[22m | walk.png[39m[0m
[  61% ] [90m[1mreimport[22m | battle.png[39m[0m
[  61% ] [90m[1mreimport[22m | walk.png[39m[0m
[  61% ] [90m[1mreimport[22m | battle.png[39m[0m
[  61% ] [90m[1mreimport[22m | walk.png[39m[0m
[  62% ] [90m[1mreimport[22m | battle.png[39m[0m
[  62% ] [90m[1mreimport[22m | walk.png[39m[0m
[  62% ] [90m[1mreimport[22m | battle.png[39m[0m
[  62% ] [90m[1mreimport[22m | walk.png[39m[0m
[  62% ] [90m[1mreimport[22m | battle.png[39m[0m
[  62% ] [90m[1mreimport[22m | walk.png[39m[0m
[  62% ] [90m[1mreimport[22m | battle.png[39m[0m
[  62% ] [90m[1mreimport[22m | walk.png[39m[0m
[  62% ] [90m[1mreimport[22m | battle.png[39m[0m
[  62% ] [90m[1mreimport[22m | walk.png[39m[0m
[  62% ] [90m[1mreimport[22m | battle.png[39m[0m
[  62% ] [90m[1mreimport[22m | walk.png[39m[0m
[  62% ] [90m[1mreimport[22m | battle.png[39m[0m
[  62% ] [90m[1mreimport[22m | walk.png[39m[0m
[  62% ] [90m[1mreimport[22m | battle.png[39m[0m
[  62% ] [90m[1mreimport[22m | walk.png[39m[0m
[  62% ] [90m[1mreimport[22m | battle.png[39m[0m
[  62% ] [90m[1mreimport[22m | walk.png[39m[0m
[  62% ] [90m[1mreimport[22m | battle.png[39m[0m
[  62% ] [90m[1mreimport[22m | portrait.png[39m[0m
[  62% ] [90m[1mreimport[22m | walk.png[39m[0m
[  62% ] [90m[1mreimport[22m | battle.png[39m[0m
[  62% ] [90m[1mreimport[22m | walk.png[39m[0m
[  62% ] [90m[1mreimport[22m | battle.png[39m[0m
[  62% ] [90m[1mreimport[22m | walk.png[39m[0m
[  62% ] [90m[1mreimport[22m | battle.png[39m[0m
[  62% ] [90m[1mreimport[22m | walk.png[39m[0m
[  62% ] [90m[1mreimport[22m | battle.png[39m[0m
[  62% ] [90m[1mreimport[22m | walk.png[39m[0m
[  63% ] [90m[1mreimport[22m | battle.png[39m[0m
[  63% ] [90m[1mreimport[22m | walk.png[39m[0m
[  63% ] [90m[1mreimport[22m | battle.png[39m[0m
[  63% ] [90m[1mreimport[22m | walk.png[39m[0m
[  63% ] [90m[1mreimport[22m | battle.png[39m[0m
[  63% ] [90m[1mreimport[22m | walk.png[39m[0m
[  63% ] [90m[1mreimport[22m | battle.png[39m[0m
[  63% ] [90m[1mreimport[22m | walk.png[39m[0m
[  63% ] [90m[1mreimport[22m | battle.png[39m[0m
[  63% ] [90m[1mreimport[22m | walk.png[39m[0m
[  63% ] [90m[1mreimport[22m | battle.png[39m[0m
[  63% ] [90m[1mreimport[22m | event_bow_01.png[39m[0m
[  63% ] [90m[1mreimport[22m | event_bow_02.png[39m[0m
[  63% ] [90m[1mreimport[22m | event_bow_03.png[39m[0m
[  63% ] [90m[1mreimport[22m | event_bow_04.png[39m[0m
[  63% ] [90m[1mreimport[22m | event_dagger_01.png[39m[0m
[  63% ] [90m[1mreimport[22m | event_dagger_02.png[39m[0m
[  63% ] [90m[1mreimport[22m | event_dagger_03.png[39m[0m
[  63% ] [90m[1mreimport[22m | event_dagger_04.png[39m[0m
[  63% ] [90m[1mreimport[22m | event_hurt_01.png[39m[0m
[  63% ] [90m[1mreimport[22m | event_hurt_02.png[39m[0m
[  63% ] [90m[1mreimport[22m | event_hurt_03.png[39m[0m
[  63% ] [90m[1mreimport[22m | event_hurt_04.png[39m[0m
[  63% ] [90m[1mreimport[22m | event_magic_01.png[39m[0m
[  63% ] [90m[1mreimport[22m | event_magic_02.png[39m[0m
[  63% ] [90m[1mreimport[22m | event_magic_03.png[39m[0m
[  63% ] [90m[1mreimport[22m | event_magic_04.png[39m[0m
[  63% ] [90m[1mreimport[22m | event_standing.png[39m[0m
[  63% ] [90m[1mreimport[22m | event_sword_01.png[39m[0m
[  63% ] [90m[1mreimport[22m | event_sword_02.png[39m[0m
[  64% ] [90m[1mreimport[22m | event_sword_03.png[39m[0m
[  64% ] [90m[1mreimport[22m | event_sword_04.png[39m[0m
[  64% ] [90m[1mreimport[22m | event_victory_01.png[39m[0m
[  64% ] [90m[1mreimport[22m | event_victory_02.png[39m[0m
[  64% ] [90m[1mreimport[22m | event_bow_04.png[39m[0m
[  64% ] [90m[1mreimport[22m | event_dagger_01.png[39m[0m
[  64% ] [90m[1mreimport[22m | event_dagger_02.png[39m[0m
[  64% ] [90m[1mreimport[22m | event_dagger_03.png[39m[0m
[  64% ] [90m[1mreimport[22m | event_dagger_04.png[39m[0m
[  64% ] [90m[1mreimport[22m | event_hurt_01.png[39m[0m
[  64% ] [90m[1mreimport[22m | event_hurt_02.png[39m[0m
[  64% ] [90m[1mreimport[22m | event_hurt_03.png[39m[0m
[  64% ] [90m[1mreimport[22m | event_hurt_04.png[39m[0m
[  64% ] [90m[1mreimport[22m | event_magic_01.png[39m[0m
[  64% ] [90m[1mreimport[22m | event_magic_02.png[39m[0m
[  64% ] [90m[1mreimport[22m | event_magic_03.png[39m[0m
[  64% ] [90m[1mreimport[22m | event_magic_04.png[39m[0m
[  64% ] [90m[1mreimport[22m | event_standing.png[39m[0m
[  64% ] [90m[1mreimport[22m | event_sword_01.png[39m[0m
[  64% ] [90m[1mreimport[22m | event_sword_02.png[39m[0m
[  64% ] [90m[1mreimport[22m | event_sword_03.png[39m[0m
[  64% ] [90m[1mreimport[22m | event_sword_04.png[39m[0m
[  64% ] [90m[1mreimport[22m | event_victory_01.png[39m[0m
[  64% ] [90m[1mreimport[22m | event_victory_02.png[39m[0m
[  64% ] [90m[1mreimport[22m | event_victory_03.png[39m[0m
[  64% ] [90m[1mreimport[22m | event_victory_04.png[39m[0m
[  64% ] [90m[1mreimport[22m | walk.png[39m[0m
[  64% ] [90m[1mreimport[22m | event_sword_04.png[39m[0m
[  64% ] [90m[1mreimport[22m | event_victory_01.png[39m[0m
[  64% ] [90m[1mreimport[22m | event_victory_02.png[39m[0m
[  65% ] [90m[1mreimport[22m | event_victory_03.png[39m[0m
[  65% ] [90m[1mreimport[22m | event_victory_04.png[39m[0m
[  65% ] [90m[1mreimport[22m | walk.png[39m[0m
[  65% ] [90m[1mreimport[22m | event_bow_01.png[39m[0m
[  65% ] [90m[1mreimport[22m | event_bow_02.png[39m[0m
[  65% ] [90m[1mreimport[22m | event_bow_03.png[39m[0m
[  65% ] [90m[1mreimport[22m | event_bow_04.png[39m[0m
[  65% ] [90m[1mreimport[22m | event_dagger_01.png[39m[0m
[  65% ] [90m[1mreimport[22m | event_dagger_02.png[39m[0m
[  65% ] [90m[1mreimport[22m | event_dagger_03.png[39m[0m
[  65% ] [90m[1mreimport[22m | event_dagger_04.png[39m[0m
[  65% ] [90m[1mreimport[22m | event_standing.png[39m[0m
[  65% ] [90m[1mreimport[22m | event_sword_01.png[39m[0m
[  65% ] [90m[1mreimport[22m | event_sword_02.png[39m[0m
[  65% ] [90m[1mreimport[22m | event_sword_03.png[39m[0m
[  65% ] [90m[1mreimport[22m | event_sword_04.png[39m[0m
[  65% ] [90m[1mreimport[22m | walk.png[39m[0m
[  65% ] [90m[1mreimport[22m | battle.png[39m[0m
[  65% ] [90m[1mreimport[22m | walk.png[39m[0m
[  65% ] [90m[1mreimport[22m | battle.png[39m[0m
[  65% ] [90m[1mreimport[22m | event_victory_03.png[39m[0m
[  65% ] [90m[1mreimport[22m | event_victory_04.png[39m[0m
[  65% ] [90m[1mreimport[22m | walk.png[39m[0m
[  65% ] [90m[1mreimport[22m | event_bow_01.png[39m[0m
[  65% ] [90m[1mreimport[22m | event_bow_02.png[39m[0m
[  65% ] [90m[1mreimport[22m | event_bow_03.png[39m[0m
[  65% ] [90m[1mreimport[22m | event_bow_04.png[39m[0m
[  65% ] [90m[1mreimport[22m | event_dagger_01.png[39m[0m
[  65% ] [90m[1mreimport[22m | event_dagger_02.png[39m[0m
[  65% ] [90m[1mreimport[22m | event_dagger_03.png[39m[0m
[  66% ] [90m[1mreimport[22m | event_dagger_04.png[39m[0m
[  66% ] [90m[1mreimport[22m | event_hurt_01.png[39m[0m
[  66% ] [90m[1mreimport[22m | event_hurt_02.png[39m[0m
[  66% ] [90m[1mreimport[22m | event_hurt_03.png[39m[0m
[  66% ] [90m[1mreimport[22m | event_hurt_04.png[39m[0m
[  66% ] [90m[1mreimport[22m | event_magic_01.png[39m[0m
[  66% ] [90m[1mreimport[22m | event_magic_02.png[39m[0m
[  66% ] [90m[1mreimport[22m | event_magic_03.png[39m[0m
[  66% ] [90m[1mreimport[22m | event_magic_04.png[39m[0m
[  66% ] [90m[1mreimport[22m | event_standing.png[39m[0m
[  66% ] [90m[1mreimport[22m | event_sword_01.png[39m[0m
[  66% ] [90m[1mreimport[22m | event_sword_02.png[39m[0m
[  66% ] [90m[1mreimport[22m | event_sword_03.png[39m[0m
[  66% ] [90m[1mreimport[22m | temple.png[39m[0m
[  66% ] [90m[1mreimport[22m | tower.png[39m[0m
[  66% ] [90m[1mreimport[22m | underworld.png[39m[0m
[  66% ] [90m[1mreimport[22m | volcano.png[39m[0m
[  66% ] [90m[1mreimport[22m | human_standing_front.png[39m[0m
[  66% ] [90m[1mreimport[22m | shell_standing_front.png[39m[0m
[  66% ] [90m[1mreimport[22m | event_standing.png[39m[0m
[  66% ] [90m[1mreimport[22m | event_standing.png[39m[0m
[  66% ] [90m[1mreimport[22m | event_standing.png[39m[0m
[  66% ] [90m[1mreimport[22m | event_standing.png[39m[0m
[  66% ] [90m[1mreimport[22m | event_standing.png[39m[0m
[  66% ] [90m[1mreimport[22m | event_standing.png[39m[0m
[  66% ] [90m[1mreimport[22m | event_standing.png[39m[0m
[  66% ] [90m[1mreimport[22m | event_standing.png[39m[0m
[  66% ] [90m[1mreimport[22m | event_standing.png[39m[0m
[  66% ] [90m[1mreimport[22m | event_standing.png[39m[0m
[  66% ] [90m[1mreimport[22m | event_standing.png[39m[0m
[  67% ] [90m[1mreimport[22m | event_standing.png[39m[0m
[  67% ] [90m[1mreimport[22m | event_standing.png[39m[0m
[  67% ] [90m[1mreimport[22m | event_standing.png[39m[0m
[  67% ] [90m[1mreimport[22m | event_standing.png[39m[0m
[  67% ] [90m[1mreimport[22m | event_standing.png[39m[0m
[  67% ] [90m[1mreimport[22m | event_standing.png[39m[0m
[  67% ] [90m[1mreimport[22m | arrow.png[39m[0m
[  67% ] [90m[1mreimport[22m | play.png[39m[0m
[  67% ] [90m[1mreimport[22m | eyey.png[39m[0m
[  67% ] [90m[1mreimport[22m | Folder.svg[39m[0m
[  67% ] [90m[1mreimport[22m | green.png[39m[0m
[  67% ] [90m[1mreimport[22m | GutIconV2_base.png[39m[0m
[  67% ] [90m[1mreimport[22m | GutIconV2_no_shine.png[39m[0m
[  67% ] [90m[1mreimport[22m | HSplitContainer.svg[39m[0m
[  67% ] [90m[1mreimport[22m | red.png[39m[0m
[  67% ] [90m[1mreimport[22m | Script.svg[39m[0m
[  67% ] [90m[1mreimport[22m | VSplitContainer.svg[39m[0m
[  67% ] [90m[1mreimport[22m | yellow.png[39m[0m
[  67% ] [90m[1mreimport[22m | icon.png[39m[0m
[  67% ] [90m[1mreimport[22m | castle.png[39m[0m
[  67% ] [90m[1mreimport[22m | cave.png[39m[0m
[  67% ] [90m[1mreimport[22m | desert.png[39m[0m
[  67% ] [90m[1mreimport[22m | final_land.png[39m[0m
[  67% ] [90m[1mreimport[22m | forest.png[39m[0m
[  67% ] [90m[1mreimport[22m | plains.png[39m[0m
[  67% ] [90m[1mreimport[22m | ruins.png[39m[0m
[  67% ] [90m[1mreimport[22m | sea.png[39m[0m
[  67% ] [90m[1mreimport[22m | sky.png[39m[0m
[  67% ] [90m[1mreimport[22m | snowfield.png[39m[0m
[  67% ] [90m[1mreimport[22m | walk.png[39m[0m
[  68% ] [90m[1mreimport[22m | walk.png[39m[0m
[  68% ] [90m[1mreimport[22m | walk.png[39m[0m
[  68% ] [90m[1mreimport[22m | walk.png[39m[0m
[  68% ] [90m[1mreimport[22m | walk.png[39m[0m
[  68% ] [90m[1mreimport[22m | walk.png[39m[0m
[  68% ] [90m[1mreimport[22m | walk.png[39m[0m
[  68% ] [90m[1mreimport[22m | walk.png[39m[0m
[  68% ] [90m[1mreimport[22m | walk.png[39m[0m
[  68% ] [90m[1mreimport[22m | walk.png[39m[0m
[  68% ] [90m[1mreimport[22m | walk.png[39m[0m
[  68% ] [90m[1mreimport[22m | walk.png[39m[0m
[  68% ] [90m[1mreimport[22m | walk.png[39m[0m
[  68% ] [90m[1mreimport[22m | walk.png[39m[0m
[  68% ] [90m[1mreimport[22m | walk.png[39m[0m
[  68% ] [90m[1mreimport[22m | walk.png[39m[0m
[  68% ] [90m[1mreimport[22m | walk.png[39m[0m
[  68% ] [90m[1mreimport[22m | walk.png[39m[0m
[  68% ] [90m[1mreimport[22m | walk.png[39m[0m
[  68% ] [90m[1mreimport[22m | walk.png[39m[0m
[  68% ] [90m[1mreimport[22m | event_bow_01.png[39m[0m
[  68% ] [90m[1mreimport[22m | event_bow_02.png[39m[0m
[  68% ] [90m[1mreimport[22m | event_bow_03.png[39m[0m
[  68% ] [90m[1mreimport[22m | event_standing.png[39m[0m
[  68% ] [90m[1mreimport[22m | event_standing.png[39m[0m
[  68% ] [90m[1mreimport[22m | event_standing.png[39m[0m
[  68% ] [90m[1mreimport[22m | event_standing.png[39m[0m
[  68% ] [90m[1mreimport[22m | event_standing.png[39m[0m
[  68% ] [90m[1mreimport[22m | event_standing.png[39m[0m
[  68% ] [90m[1mreimport[22m | event_standing.png[39m[0m
[  68% ] [90m[1mreimport[22m | event_standing.png[39m[0m
[  69% ] [90m[1mreimport[22m | event_standing.png[39m[0m
[  69% ] [90m[1mreimport[22m | event_standing.png[39m[0m
[  69% ] [90m[1mreimport[22m | event_standing.png[39m[0m
[  69% ] [90m[1mreimport[22m | event_standing.png[39m[0m
[  69% ] [90m[1mreimport[22m | event_standing.png[39m[0m
[  69% ] [90m[1mreimport[22m | walk.png[39m[0m
[  69% ] [90m[1mreimport[22m | walk.png[39m[0m
[  69% ] [90m[1mreimport[22m | walk.png[39m[0m
[  69% ] [90m[1mreimport[22m | walk.png[39m[0m
[  69% ] [90m[1mreimport[22m | walk.png[39m[0m
[  69% ] [90m[1mreimport[22m | walk.png[39m[0m
[  69% ] [90m[1mreimport[22m | walk.png[39m[0m
[  69% ] [90m[1mreimport[22m | walk.png[39m[0m
[  69% ] [90m[1mreimport[22m | walk.png[39m[0m
[  69% ] [90m[1mreimport[22m | walk.png[39m[0m
[  69% ] [90m[1mreimport[22m | battle.png[39m[0m
[  69% ] [90m[1mreimport[22m | walk.png[39m[0m
[  69% ] [90m[1mreimport[22m | battle.png[39m[0m
[  69% ] [90m[1mreimport[22m | walk.png[39m[0m
[  69% ] [90m[1mreimport[22m | battle.png[39m[0m
[  69% ] [90m[1mreimport[22m | walk.png[39m[0m
[  69% ] [90m[1mreimport[22m | battle.png[39m[0m
[  69% ] [90m[1mreimport[22m | walk.png[39m[0m
[  69% ] [90m[1mreimport[22m | battle.png[39m[0m
[  69% ] [90m[1mreimport[22m | walk.png[39m[0m
[  69% ] [90m[1mreimport[22m | battle.png[39m[0m
[  69% ] [90m[1mreimport[22m | walk.png[39m[0m
[  69% ] [90m[1mreimport[22m | battle.png[39m[0m
[  69% ] [90m[1mreimport[22m | walk.png[39m[0m
[  69% ] [90m[1mreimport[22m | battle.png[39m[0m
[  70% ] [90m[1mreimport[22m | walk.png[39m[0m
[  70% ] [90m[1mreimport[22m | battle.png[39m[0m
[  70% ] [90m[1mreimport[22m | walk.png[39m[0m
[  70% ] [90m[1mreimport[22m | battle.png[39m[0m
[  70% ] [90m[1mreimport[22m | battle_monster.png[39m[0m
[  70% ] [90m[1mreimport[22m | portrait.png[39m[0m
[  70% ] [90m[1mreimport[22m | walk.png[39m[0m
[  70% ] [90m[1mreimport[22m | battle.png[39m[0m
[  70% ] [90m[1mreimport[22m | battle.png[39m[0m
[  70% ] [90m[1mreimport[22m | walk.png[39m[0m
[  70% ] [90m[1mreimport[22m | battle.png[39m[0m
[  70% ] [90m[1mreimport[22m | walk.png[39m[0m
[  70% ] [90m[1mreimport[22m | battle.png[39m[0m
[  70% ] [90m[1mreimport[22m | walk.png[39m[0m
[  70% ] [90m[1mreimport[22m | battle.png[39m[0m
[  70% ] [90m[1mreimport[22m | walk.png[39m[0m
[  70% ] [90m[1mreimport[22m | battle.png[39m[0m
[  70% ] [90m[1mreimport[22m | walk.png[39m[0m
[  70% ] [90m[1mreimport[22m | battle.png[39m[0m
[  70% ] [90m[1mreimport[22m | walk.png[39m[0m
[  70% ] [90m[1mreimport[22m | battle.png[39m[0m
[  70% ] [90m[1mreimport[22m | walk.png[39m[0m
[  70% ] [90m[1mreimport[22m | battle.png[39m[0m
[  70% ] [90m[1mreimport[22m | walk.png[39m[0m
[  70% ] [90m[1mreimport[22m | walk.png[39m[0m
[  70% ] [90m[1mreimport[22m | battle.png[39m[0m
[  70% ] [90m[1mreimport[22m | walk.png[39m[0m
[  70% ] [90m[1mreimport[22m | battle.png[39m[0m
[  70% ] [90m[1mreimport[22m | walk.png[39m[0m
[  70% ] [90m[1mreimport[22m | battle.png[39m[0m
[  71% ] [90m[1mreimport[22m | walk.png[39m[0m
[  71% ] [90m[1mreimport[22m | battle.png[39m[0m
[  71% ] [90m[1mreimport[22m | walk.png[39m[0m
[  71% ] [90m[1mreimport[22m | battle.png[39m[0m
[  71% ] [90m[1mreimport[22m | walk.png[39m[0m
[  71% ] [90m[1mreimport[22m | battle.png[39m[0m
[  71% ] [90m[1mreimport[22m | walk.png[39m[0m
[  71% ] [90m[1mreimport[22m | battle.png[39m[0m
[  71% ] [90m[1mreimport[22m | walk.png[39m[0m
[  71% ] [90m[1mreimport[22m | battle.png[39m[0m
[  71% ] [90m[1mreimport[22m | walk.png[39m[0m
[  71% ] [90m[1mreimport[22m | battle.png[39m[0m
[  71% ] [90m[1mreimport[22m | walk.png[39m[0m
[  71% ] [90m[1mreimport[22m | battle.png[39m[0m
[  71% ] [90m[1mreimport[22m | walk.png[39m[0m
[  71% ] [90m[1mreimport[22m | battle.png[39m[0m
[  71% ] [90m[1mreimport[22m | walk.png[39m[0m
[  71% ] [90m[1mreimport[22m | battle.png[39m[0m
[  71% ] [90m[1mreimport[22m | walk.png[39m[0m
[  71% ] [90m[1mreimport[22m | battle.png[39m[0m
[  71% ] [90m[1mreimport[22m | walk.png[39m[0m
[  71% ] [90m[1mreimport[22m | battle.png[39m[0m
[  71% ] [90m[1mreimport[22m | walk.png[39m[0m
[  71% ] [90m[1mreimport[22m | battle.png[39m[0m
[  71% ] [90m[1mreimport[22m | walk.png[39m[0m
[  71% ] [90m[1mreimport[22m | battle.png[39m[0m
[  71% ] [90m[1mreimport[22m | walk.png[39m[0m
[  71% ] [90m[1mreimport[22m | battle.png[39m[0m
[  71% ] [90m[1mreimport[22m | walk.png[39m[0m
[  71% ] [90m[1mreimport[22m | battle.png[39m[0m
[  72% ] [90m[1mreimport[22m | walk.png[39m[0m
[  72% ] [90m[1mreimport[22m | battle.png[39m[0m
[  72% ] [90m[1mreimport[22m | walk.png[39m[0m
[  72% ] [90m[1mreimport[22m | battle.png[39m[0m
[  72% ] [90m[1mreimport[22m | walk.png[39m[0m
[  72% ] [90m[1mreimport[22m | battle.png[39m[0m
[  72% ] [90m[1mreimport[22m | walk.png[39m[0m
[  72% ] [90m[1mreimport[22m | battle.png[39m[0m
[  72% ] [90m[1mreimport[22m | walk.png[39m[0m
[  72% ] [90m[1mreimport[22m | battle.png[39m[0m
[  72% ] [90m[1mreimport[22m | walk.png[39m[0m
[  72% ] [90m[1mreimport[22m | battle.png[39m[0m
[  72% ] [90m[1mreimport[22m | walk.png[39m[0m
[  72% ] [90m[1mreimport[22m | battle.png[39m[0m
[  72% ] [90m[1mreimport[22m | walk.png[39m[0m
[  72% ] [90m[1mreimport[22m | battle.png[39m[0m
[  72% ] [90m[1mreimport[22m | walk.png[39m[0m
[  72% ] [90m[1mreimport[22m | battle.png[39m[0m
[  72% ] [90m[1mreimport[22m | walk.png[39m[0m
[  72% ] [90m[1mreimport[22m | battle.png[39m[0m
[  72% ] [90m[1mreimport[22m | walk.png[39m[0m
[  72% ] [90m[1mreimport[22m | battle.png[39m[0m
[  72% ] [90m[1mreimport[22m | walk.png[39m[0m
[  72% ] [90m[1mreimport[22m | battle.png[39m[0m
[  72% ] [90m[1mreimport[22m | walk.png[39m[0m
[  72% ] [90m[1mreimport[22m | battle.png[39m[0m
[  72% ] [90m[1mreimport[22m | walk.png[39m[0m
[  72% ] [90m[1mreimport[22m | battle.png[39m[0m
[  72% ] [90m[1mreimport[22m | walk.png[39m[0m
[  72% ] [90m[1mreimport[22m | battle.png[39m[0m
[  73% ] [90m[1mreimport[22m | walk.png[39m[0m
[  73% ] [90m[1mreimport[22m | battle.png[39m[0m
[  73% ] [90m[1mreimport[22m | walk.png[39m[0m
[  73% ] [90m[1mreimport[22m | battle.png[39m[0m
[  73% ] [90m[1mreimport[22m | walk.png[39m[0m
[  73% ] [90m[1mreimport[22m | battle.png[39m[0m
[  73% ] [90m[1mreimport[22m | walk.png[39m[0m
[  73% ] [90m[1mreimport[22m | battle.png[39m[0m
[  73% ] [90m[1mreimport[22m | walk.png[39m[0m
[  73% ] [90m[1mreimport[22m | battle.png[39m[0m
[  73% ] [90m[1mreimport[22m | walk.png[39m[0m
[  73% ] [90m[1mreimport[22m | battle.png[39m[0m
[  73% ] [90m[1mreimport[22m | walk.png[39m[0m
[  73% ] [90m[1mreimport[22m | battle.png[39m[0m
[  73% ] [90m[1mreimport[22m | walk.png[39m[0m
[  73% ] [90m[1mreimport[22m | battle.png[39m[0m
[  73% ] [90m[1mreimport[22m | walk.png[39m[0m
[  73% ] [90m[1mreimport[22m | battle.png[39m[0m
[  73% ] [90m[1mreimport[22m | walk.png[39m[0m
[  73% ] [90m[1mreimport[22m | battle.png[39m[0m
[  73% ] [90m[1mreimport[22m | walk.png[39m[0m
[  73% ] [90m[1mreimport[22m | battle.png[39m[0m
[  73% ] [90m[1mreimport[22m | walk.png[39m[0m
[  73% ] [90m[1mreimport[22m | battle.png[39m[0m
[  73% ] [90m[1mreimport[22m | walk.png[39m[0m
[  73% ] [90m[1mreimport[22m | battle.png[39m[0m
[  73% ] [90m[1mreimport[22m | walk.png[39m[0m
[  73% ] [90m[1mreimport[22m | battle.png[39m[0m
[  73% ] [90m[1mreimport[22m | walk.png[39m[0m
[  73% ] [90m[1mreimport[22m | battle.png[39m[0m
[  74% ] [90m[1mreimport[22m | walk.png[39m[0m
[  74% ] [90m[1mreimport[22m | battle.png[39m[0m
[  74% ] [90m[1mreimport[22m | walk.png[39m[0m
[  74% ] [90m[1mreimport[22m | walk.png[39m[0m
[  74% ] [90m[1mreimport[22m | battle.png[39m[0m
[  74% ] [90m[1mreimport[22m | walk.png[39m[0m
[  74% ] [90m[1mreimport[22m | battle.png[39m[0m
[  74% ] [90m[1mreimport[22m | walk.png[39m[0m
[  74% ] [90m[1mreimport[22m | battle.png[39m[0m
[  74% ] [90m[1mreimport[22m | walk.png[39m[0m
[  74% ] [90m[1mreimport[22m | battle.png[39m[0m
[  74% ] [90m[1mreimport[22m | walk.png[39m[0m
[  74% ] [90m[1mreimport[22m | battle.png[39m[0m
[  74% ] [90m[1mreimport[22m | walk.png[39m[0m
[  74% ] [90m[1mreimport[22m | battle.png[39m[0m
[  74% ] [90m[1mreimport[22m | walk.png[39m[0m
[  74% ] [90m[1mreimport[22m | battle.png[39m[0m
[  74% ] [90m[1mreimport[22m | walk.png[39m[0m
[  74% ] [90m[1mreimport[22m | battle.png[39m[0m
[  74% ] [90m[1mreimport[22m | walk.png[39m[0m
[  74% ] [90m[1mreimport[22m | battle.png[39m[0m
[  74% ] [90m[1mreimport[22m | walk.png[39m[0m
[  74% ] [90m[1mreimport[22m | battle.png[39m[0m
[  74% ] [90m[1mreimport[22m | walk.png[39m[0m
[  74% ] [90m[1mreimport[22m | battle.png[39m[0m
[  74% ] [90m[1mreimport[22m | walk.png[39m[0m
[  74% ] [90m[1mreimport[22m | walk.png[39m[0m
[  74% ] [90m[1mreimport[22m | battle.png[39m[0m
[  74% ] [90m[1mreimport[22m | walk.png[39m[0m
[  75% ] [90m[1mreimport[22m | battle.png[39m[0m
[  75% ] [90m[1mreimport[22m | walk.png[39m[0m
[  75% ] [90m[1mreimport[22m | battle.png[39m[0m
[  75% ] [90m[1mreimport[22m | walk.png[39m[0m
[  75% ] [90m[1mreimport[22m | battle.png[39m[0m
[  75% ] [90m[1mreimport[22m | walk.png[39m[0m
[  75% ] [90m[1mreimport[22m | battle.png[39m[0m
[  75% ] [90m[1mreimport[22m | walk.png[39m[0m
[  75% ] [90m[1mreimport[22m | battle.png[39m[0m
[  75% ] [90m[1mreimport[22m | walk.png[39m[0m
[  75% ] [90m[1mreimport[22m | battle.png[39m[0m
[  75% ] [90m[1mreimport[22m | walk.png[39m[0m
[  75% ] [90m[1mreimport[22m | battle.png[39m[0m
[  75% ] [90m[1mreimport[22m | walk.png[39m[0m
[  75% ] [90m[1mreimport[22m | battle.png[39m[0m
[  75% ] [90m[1mreimport[22m | walk.png[39m[0m
[  75% ] [90m[1mreimport[22m | battle.png[39m[0m
[  75% ] [90m[1mreimport[22m | walk.png[39m[0m
[  75% ] [90m[1mreimport[22m | battle.png[39m[0m
[  75% ] [90m[1mreimport[22m | walk.png[39m[0m
[  75% ] [90m[1mreimport[22m | battle.png[39m[0m
[  75% ] [90m[1mreimport[22m | sheet-ui-objects.png[39m[0m
[  75% ] [90m[1mreimport[22m | village-mock.png[39m[0m
[  75% ] [90m[1mreimport[22m | 01-party-four.png[39m[0m
[  75% ] [90m[1mreimport[22m | 02-party-three.png[39m[0m
[  75% ] [90m[1mreimport[22m | 03-attack.png[39m[0m
[  75% ] [90m[1mreimport[22m | 04-target-cursor.png[39m[0m
[  75% ] [90m[1mreimport[22m | state-damage.png[39m[0m
[  75% ] [90m[1mreimport[22m | state-fallen.png[39m[0m
[  75% ] [90m[1mreimport[22m | state-heal.png[39m[0m
[  76% ] [90m[1mreimport[22m | state-revive.png[39m[0m
[  76% ] [90m[1mreimport[22m | 01-party-four.png[39m[0m
[  76% ] [90m[1mreimport[22m | 02-attack.png[39m[0m
[  76% ] [90m[1mreimport[22m | 03-skill-name.png[39m[0m
[  76% ] [90m[1mreimport[22m | 04-party-three.png[39m[0m
[  76% ] [90m[1mreimport[22m | bat.png[39m[0m
[  76% ] [90m[1mreimport[22m | gate_beast.png[39m[0m
[  76% ] [90m[1mreimport[22m | mending_beast.png[39m[0m
[  76% ] [90m[1mreimport[22m | river_beast.png[39m[0m
[  76% ] [90m[1mreimport[22m | shell_guard.png[39m[0m
[  76% ] [90m[1mreimport[22m | slime.png[39m[0m
[  76% ] [90m[1mreimport[22m | 01-party-four.png[39m[0m
[  76% ] [90m[1mreimport[22m | 02-attack.png[39m[0m
[  76% ] [90m[1mreimport[22m | 03-skill-name.png[39m[0m
[  76% ] [90m[1mreimport[22m | lake-1-mask.png[39m[0m
[  76% ] [90m[1mreimport[22m | lake-2-mask.png[39m[0m
[  76% ] [90m[1mreimport[22m | lake-3-mask.png[39m[0m
[  76% ] [90m[1mreimport[22m | new-assets-contact.png[39m[0m
[  76% ] [90m[1mreimport[22m | palette-natural-compare.png[39m[0m
[  76% ] [90m[1mreimport[22m | party-palette-review.png[39m[0m
[  76% ] [90m[1mreimport[22m | rock-pixel-before-after.png[39m[0m
[  76% ] [90m[1mreimport[22m | rock-pixel-source.png[39m[0m
[  76% ] [90m[1mreimport[22m | target-color-samples.png[39m[0m
[  76% ] [90m[1mreimport[22m | town-walled-a-compare.png[39m[0m
[  76% ] [90m[1mreimport[22m | town-walled-a.png[39m[0m
[  76% ] [90m[1mreimport[22m | village-farm-a-compare.png[39m[0m
[  76% ] [90m[1mreimport[22m | village-farm-a.png[39m[0m
[  76% ] [90m[1mreimport[22m | wall-mask.png[39m[0m
[  76% ] [90m[1mreimport[22m | wall-side-mask.png[39m[0m
[  76% ] [90m[1mreimport[22m | wall-top-mask.png[39m[0m
[  77% ] [90m[1mreimport[22m | world-organic.png[39m[0m
[  77% ] [90m[1mreimport[22m | palette-bright.png[39m[0m
[  77% ] [90m[1mreimport[22m | palette-compare.png[39m[0m
[  77% ] [90m[1mreimport[22m | party-compatibility.png[39m[0m
[  77% ] [90m[1mreimport[22m | sheet-battle-backgrounds.png[39m[0m
[  77% ] [90m[1mreimport[22m | sheet-characters.png[39m[0m
[  77% ] [90m[1mreimport[22m | sheet-tiles.png[39m[0m
[  77% ] [90m[1mreimport[22m | state-fallen.png[39m[0m
[  77% ] [90m[1mreimport[22m | state-heal.png[39m[0m
[  77% ] [90m[1mreimport[22m | state-revive.png[39m[0m
[  77% ] [90m[1mreimport[22m | backgrounds-14.png[39m[0m
[  77% ] [90m[1mreimport[22m | dotgothic16-plains.png[39m[0m
[  77% ] [90m[1mreimport[22m | font-comparison.png[39m[0m
[  77% ] [90m[1mreimport[22m | notosansjp-castle.png[39m[0m
[  77% ] [90m[1mreimport[22m | notosansjp-cave.png[39m[0m
[  77% ] [90m[1mreimport[22m | notosansjp-desert.png[39m[0m
[  77% ] [90m[1mreimport[22m | notosansjp-final_land.png[39m[0m
[  77% ] [90m[1mreimport[22m | notosansjp-forest.png[39m[0m
[  77% ] [90m[1mreimport[22m | notosansjp-plains.png[39m[0m
[  77% ] [90m[1mreimport[22m | notosansjp-ruins.png[39m[0m
[  77% ] [90m[1mreimport[22m | notosansjp-sea.png[39m[0m
[  77% ] [90m[1mreimport[22m | notosansjp-sky.png[39m[0m
[  77% ] [90m[1mreimport[22m | notosansjp-snowfield.png[39m[0m
[  77% ] [90m[1mreimport[22m | notosansjp-temple.png[39m[0m
[  77% ] [90m[1mreimport[22m | notosansjp-tower.png[39m[0m
[  77% ] [90m[1mreimport[22m | notosansjp-underworld.png[39m[0m
[  77% ] [90m[1mreimport[22m | notosansjp-volcano.png[39m[0m
[  77% ] [90m[1mreimport[22m | plains-attack.png[39m[0m
[  77% ] [90m[1mreimport[22m | plains-target.png[39m[0m
[  77% ] [90m[1mreimport[22m | 01-party-four.png[39m[0m
[  78% ] [90m[1mreimport[22m | 04-party-three.png[39m[0m
[  78% ] [90m[1mreimport[22m | 05-five-enemies.png[39m[0m
[  78% ] [90m[1mreimport[22m | 06-target-details.png[39m[0m
[  78% ] [90m[1mreimport[22m | background-castle.png[39m[0m
[  78% ] [90m[1mreimport[22m | background-cave.png[39m[0m
[  78% ] [90m[1mreimport[22m | background-desert.png[39m[0m
[  78% ] [90m[1mreimport[22m | background-final_land.png[39m[0m
[  78% ] [90m[1mreimport[22m | background-forest.png[39m[0m
[  78% ] [90m[1mreimport[22m | background-plains.png[39m[0m
[  78% ] [90m[1mreimport[22m | background-ruins.png[39m[0m
[  78% ] [90m[1mreimport[22m | background-sea.png[39m[0m
[  78% ] [90m[1mreimport[22m | background-sky.png[39m[0m
[  78% ] [90m[1mreimport[22m | background-snowfield.png[39m[0m
[  78% ] [90m[1mreimport[22m | background-temple.png[39m[0m
[  78% ] [90m[1mreimport[22m | background-tower.png[39m[0m
[  78% ] [90m[1mreimport[22m | background-underworld.png[39m[0m
[  78% ] [90m[1mreimport[22m | background-volcano.png[39m[0m
[  78% ] [90m[1mreimport[22m | backgrounds-14.png[39m[0m
[  78% ] [90m[1mreimport[22m | 01-party-four.png[39m[0m
[  78% ] [90m[1mreimport[22m | 02-party-three.png[39m[0m
[  78% ] [90m[1mreimport[22m | 03-attack.png[39m[0m
[  78% ] [90m[1mreimport[22m | 04-target-cursor.png[39m[0m
[  78% ] [90m[1mreimport[22m | state-damage.png[39m[0m
[  78% ] [90m[1mreimport[22m | natural_moss_floor.png[39m[0m
[  78% ] [90m[1mreimport[22m | natural_moss_wall.png[39m[0m
[  78% ] [90m[1mreimport[22m | natural_stone_floor.png[39m[0m
[  78% ] [90m[1mreimport[22m | natural_stone_wall.png[39m[0m
[  78% ] [90m[1mreimport[22m | natural_water.png[39m[0m
[  78% ] [90m[1mreimport[22m | region2_cobble.png[39m[0m
[  78% ] [90m[1mreimport[22m | region2_pier.png[39m[0m
[  79% ] [90m[1mreimport[22m | region2_sand.png[39m[0m
[  79% ] [90m[1mreimport[22m | region2_water.png[39m[0m
[  79% ] [90m[1mreimport[22m | world_connected_water.png[39m[0m
[  79% ] [90m[1mreimport[22m | world_water_alpha_mask.png[39m[0m
[  79% ] [90m[1mreimport[22m | region2_port.png[39m[0m
[  79% ] [90m[1mreimport[22m | region2_port_overlay.png[39m[0m
[  79% ] [90m[1mreimport[22m | region2_village_exterior.png[39m[0m
[  79% ] [90m[1mreimport[22m | region2_village_exterior_overlay.png[39m[0m
[  79% ] [90m[1mreimport[22m | cursor_bright.png[39m[0m
[  79% ] [90m[1mreimport[22m | icon_castle.png[39m[0m
[  79% ] [90m[1mreimport[22m | icon_cave.png[39m[0m
[  79% ] [90m[1mreimport[22m | icon_tower.png[39m[0m
[  79% ] [90m[1mreimport[22m | icon_town.png[39m[0m
[  79% ] [90m[1mreimport[22m | icon_village.png[39m[0m
[  79% ] [90m[1mreimport[22m | window_bright.png[39m[0m
[  79% ] [90m[1mreimport[22m | owner_ship.png[39m[0m
[  79% ] [90m[1mreimport[22m | dungeon_cave.png[39m[0m
[  79% ] [90m[1mreimport[22m | field_outdoor.png[39m[0m
[  79% ] [90m[1mreimport[22m | forest_tower_round_room.png[39m[0m
[  79% ] [90m[1mreimport[22m | home_floor.png[39m[0m
[  79% ] [90m[1mreimport[22m | home_wall.png[39m[0m
[  79% ] [90m[1mreimport[22m | natural_auto_cave.png[39m[0m
[  79% ] [90m[1mreimport[22m | natural_auto_cobble.png[39m[0m
[  79% ] [90m[1mreimport[22m | natural_auto_dirt.png[39m[0m
[  79% ] [90m[1mreimport[22m | natural_auto_forest.png[39m[0m
[  79% ] [90m[1mreimport[22m | natural_auto_hills.png[39m[0m
[  79% ] [90m[1mreimport[22m | natural_auto_lake.png[39m[0m
[  79% ] [90m[1mreimport[22m | natural_auto_mountains.png[39m[0m
[  79% ] [90m[1mreimport[22m | natural_auto_river.png[39m[0m
[  79% ] [90m[1mreimport[22m | natural_auto_shore.png[39m[0m
[  80% ] [90m[1mreimport[22m | natural_cave_floor.png[39m[0m
[  80% ] [90m[1mreimport[22m | natural_cave_floor_2.png[39m[0m
[  80% ] [90m[1mreimport[22m | natural_cave_rock.png[39m[0m
[  80% ] [90m[1mreimport[22m | natural_cobble.png[39m[0m
[  80% ] [90m[1mreimport[22m | natural_dirt.png[39m[0m
[  80% ] [90m[1mreimport[22m | natural_grass.png[39m[0m
[  80% ] [90m[1mreimport[22m | natural_grass_2.png[39m[0m
[  80% ] [90m[1mreimport[22m | natural_grass_3.png[39m[0m
[  80% ] [90m[1mreimport[22m | natural_grass_meadow.png[39m[0m
[  80% ] [90m[1mreimport[22m | bright_deep_forest-8x8.png[39m[0m
[  80% ] [90m[1mreimport[22m | bright_forest-8x8.png[39m[0m
[  80% ] [90m[1mreimport[22m | bright_grass-8x8.png[39m[0m
[  80% ] [90m[1mreimport[22m | bright_grass_2-8x8.png[39m[0m
[  80% ] [90m[1mreimport[22m | bright_grass_3-8x8.png[39m[0m
[  80% ] [90m[1mreimport[22m | bright_hills-8x8.png[39m[0m
[  80% ] [90m[1mreimport[22m | bright_interior_wall-8x8.png[39m[0m
[  80% ] [90m[1mreimport[22m | bright_mountains-8x8.png[39m[0m
[  80% ] [90m[1mreimport[22m | bright_road-8x8.png[39m[0m
[  80% ] [90m[1mreimport[22m | bright_water-8x8.png[39m[0m
[  80% ] [90m[1mreimport[22m | bright_wood_floor-8x8.png[39m[0m
[  80% ] [90m[1mreimport[22m | compatibility-atlases.png[39m[0m
[  80% ] [90m[1mreimport[22m | objects.png[39m[0m
[  80% ] [90m[1mreimport[22m | party-design-sheet.png[39m[0m
[  80% ] [90m[1mreimport[22m | party-sprites.png[39m[0m
[  80% ] [90m[1mreimport[22m | party-with-npcs.png[39m[0m
[  80% ] [90m[1mreimport[22m | tiles-and-furniture.png[39m[0m
[  80% ] [90m[1mreimport[22m | tiling-preview.png[39m[0m
[  80% ] [90m[1mreimport[22m | village-mock-v2.png[39m[0m
[  80% ] [90m[1mreimport[22m | world-mock.png[39m[0m
[  80% ] [90m[1mreimport[22m | cave-natural-compare.png[39m[0m
[  81% ] [90m[1mreimport[22m | cave-natural.png[39m[0m
[  81% ] [90m[1mreimport[22m | floor-mask.png[39m[0m
[  81% ] [90m[1mreimport[22m | battle-layout-mock.png[39m[0m
[  81% ] [90m[1mreimport[22m | battle-layout-target.jpg[39m[0m
[  81% ] [90m[1mreimport[22m | capital-city.jpg[39m[0m
[  81% ] [90m[1mreimport[22m | castle-town.jpg[39m[0m
[  81% ] [90m[1mreimport[22m | cave-natural.jpg[39m[0m
[  81% ] [90m[1mreimport[22m | dungeon-stone.jpg[39m[0m
[  81% ] [90m[1mreimport[22m | first-castle-hall.png[39m[0m
[  81% ] [90m[1mreimport[22m | first-castle-town.png[39m[0m
[  81% ] [90m[1mreimport[22m | forest-tower.png[39m[0m
[  81% ] [90m[1mreimport[22m | port-town.png[39m[0m
[  81% ] [90m[1mreimport[22m | region2-port-town.png[39m[0m
[  81% ] [90m[1mreimport[22m | ruins-temple.jpg[39m[0m
[  81% ] [90m[1mreimport[22m | town-river.jpg[39m[0m
[  81% ] [90m[1mreimport[22m | town-walled-a.jpg[39m[0m
[  81% ] [90m[1mreimport[22m | town-walled-b.jpg[39m[0m
[  81% ] [90m[1mreimport[22m | village-farm-a.jpg[39m[0m
[  81% ] [90m[1mreimport[22m | village-farm-b.jpg[39m[0m
[  81% ] [90m[1mreimport[22m | pc_01_design.png[39m[0m
[  81% ] [90m[1mreimport[22m | pc_02_design.png[39m[0m
[  81% ] [90m[1mreimport[22m | pc_03_design.png[39m[0m
[  81% ] [90m[1mreimport[22m | pc_04_design.png[39m[0m
[  81% ] [90m[1mreimport[22m | bright_cave_floor-8x8.png[39m[0m
[  81% ] [90m[1mreimport[22m | bright_cave_wall-8x8.png[39m[0m
[  81% ] [90m[1mreimport[22m | 03-castle-court.png[39m[0m
[  81% ] [90m[1mreimport[22m | 03b-castle-exterior.png[39m[0m
[  81% ] [90m[1mreimport[22m | 04-throne-hall.png[39m[0m
[  81% ] [90m[1mreimport[22m | 05-royal-audience.png[39m[0m
[  81% ] [90m[1mreimport[22m | 06-job-change.png[39m[0m
[  82% ] [90m[1mreimport[22m | 07-new-costume.png[39m[0m
[  82% ] [90m[1mreimport[22m | 08-treasury.png[39m[0m
[  82% ] [90m[1mreimport[22m | 09-library.png[39m[0m
[  82% ] [90m[1mreimport[22m | 10-inn.png[39m[0m
[  82% ] [90m[1mreimport[22m | 11-item-shop-counter.png[39m[0m
[  82% ] [90m[1mreimport[22m | 11-item-shop.png[39m[0m
[  82% ] [90m[1mreimport[22m | 12-weapon-shop-counter.png[39m[0m
[  82% ] [90m[1mreimport[22m | 12-weapon-shop.png[39m[0m
[  82% ] [90m[1mreimport[22m | 13-shrine.png[39m[0m
[  82% ] [90m[1mreimport[22m | 14-return-world.png[39m[0m
[  82% ] [90m[1mreimport[22m | 01-world-port.png[39m[0m
[  82% ] [90m[1mreimport[22m | 02-town-entrance.png[39m[0m
[  82% ] [90m[1mreimport[22m | 03-inn.png[39m[0m
[  82% ] [90m[1mreimport[22m | 04-market.png[39m[0m
[  82% ] [90m[1mreimport[22m | 05-item-shop.png[39m[0m
[  82% ] [90m[1mreimport[22m | 06-weapon-shop.png[39m[0m
[  82% ] [90m[1mreimport[22m | 07-armor-shop.png[39m[0m
[  82% ] [90m[1mreimport[22m | 08-shrine.png[39m[0m
[  82% ] [90m[1mreimport[22m | warrior-pc_01-2.png[39m[0m
[  82% ] [90m[1mreimport[22m | warrior-pc_02-0.png[39m[0m
[  82% ] [90m[1mreimport[22m | warrior-pc_02-1.png[39m[0m
[  82% ] [90m[1mreimport[22m | warrior-pc_02-2.png[39m[0m
[  82% ] [90m[1mreimport[22m | warrior-pc_03-0.png[39m[0m
[  82% ] [90m[1mreimport[22m | warrior-pc_03-1.png[39m[0m
[  82% ] [90m[1mreimport[22m | warrior-pc_03-2.png[39m[0m
[  82% ] [90m[1mreimport[22m | warrior-pc_04-0.png[39m[0m
[  82% ] [90m[1mreimport[22m | warrior-pc_04-1.png[39m[0m
[  82% ] [90m[1mreimport[22m | warrior-pc_04-2.png[39m[0m
[  82% ] [90m[1mreimport[22m | 01-party-four.png[39m[0m
[  82% ] [90m[1mreimport[22m | 02-party-three.png[39m[0m
[  83% ] [90m[1mreimport[22m | 03-attack.png[39m[0m
[  83% ] [90m[1mreimport[22m | 04-target-selection.png[39m[0m
[  83% ] [90m[1mreimport[22m | four-jobs-battle-96.png[39m[0m
[  83% ] [90m[1mreimport[22m | scaling-all-members.png[39m[0m
[  83% ] [90m[1mreimport[22m | scaling-four-jobs.png[39m[0m
[  83% ] [90m[1mreimport[22m | target-comparison.png[39m[0m
[  83% ] [90m[1mreimport[22m | 01-world-entrance.png[39m[0m
[  83% ] [90m[1mreimport[22m | 02-town-plaza.png[39m[0m
[  83% ] [90m[1mreimport[22m | 02a-town-gate.png[39m[0m
[  83% ] [90m[1mreimport[22m | 02b-town-southwest.png[39m[0m
[  83% ] [90m[1mreimport[22m | 02c-town-northeast.png[39m[0m
[  83% ] [90m[1mreimport[22m | 04-under-window.png[39m[0m
[  83% ] [90m[1mreimport[22m | 05-left-lighthouse.png[39m[0m
[  83% ] [90m[1mreimport[22m | 06-reentered.png[39m[0m
[  83% ] [90m[1mreimport[22m | before-after.png[39m[0m
[  83% ] [90m[1mreimport[22m | great_hall-collision-overlay.png[39m[0m
[  83% ] [90m[1mreimport[22m | great_hall-grid.png[39m[0m
[  83% ] [90m[1mreimport[22m | lighthouse-collision-overlay.png[39m[0m
[  83% ] [90m[1mreimport[22m | lighthouse-grid.png[39m[0m
[  83% ] [90m[1mreimport[22m | throne_room-collision-overlay.png[39m[0m
[  83% ] [90m[1mreimport[22m | throne_room-grid.png[39m[0m
[  83% ] [90m[1mreimport[22m | walk-through.png[39m[0m
[  83% ] [90m[1mreimport[22m | 01-world-entrance.png[39m[0m
[  83% ] [90m[1mreimport[22m | 02-town-plaza.png[39m[0m
[  83% ] [90m[1mreimport[22m | 02a-town-gate.png[39m[0m
[  83% ] [90m[1mreimport[22m | 02b-town-southwest.png[39m[0m
[  83% ] [90m[1mreimport[22m | 02c-town-northeast.png[39m[0m
[  83% ] [90m[1mreimport[22m | adopted-full-town.png[39m[0m
[  83% ] [90m[1mreimport[22m | adopted-vs-revised.png[39m[0m
[  83% ] [90m[1mreimport[22m | comparison.png[39m[0m
[  84% ] [90m[1mreimport[22m | full-town.png[39m[0m
[  84% ] [90m[1mreimport[22m | map-00.png[39m[0m
[  84% ] [90m[1mreimport[22m | runtime-sheet.png[39m[0m
[  84% ] [90m[1mreimport[22m | before-comparison.png[39m[0m
[  84% ] [90m[1mreimport[22m | 09-home.png[39m[0m
[  84% ] [90m[1mreimport[22m | 10-harbor-office.png[39m[0m
[  84% ] [90m[1mreimport[22m | 11-lighthouse-room.png[39m[0m
[  84% ] [90m[1mreimport[22m | 12-lighthouse-coast.png[39m[0m
[  84% ] [90m[1mreimport[22m | 13-upper-pier.png[39m[0m
[  84% ] [90m[1mreimport[22m | 14-lower-pier.png[39m[0m
[  84% ] [90m[1mreimport[22m | 15-return-world.png[39m[0m
[  84% ] [90m[1mreimport[22m | 01-court.png[39m[0m
[  84% ] [90m[1mreimport[22m | 02-great-hall-entered.png[39m[0m
[  84% ] [90m[1mreimport[22m | 03-great-hall-throne-door.png[39m[0m
[  84% ] [90m[1mreimport[22m | 04-throne-room-entered.png[39m[0m
[  84% ] [90m[1mreimport[22m | 05-throne-room-king.png[39m[0m
[  84% ] [90m[1mreimport[22m | 06-royal-audience.png[39m[0m
[  84% ] [90m[1mreimport[22m | 07-job-change.png[39m[0m
[  84% ] [90m[1mreimport[22m | 08-guard-talk.png[39m[0m
[  84% ] [90m[1mreimport[22m | 09-back-in-great-hall.png[39m[0m
[  84% ] [90m[1mreimport[22m | 10-treasury.png[39m[0m
[  84% ] [90m[1mreimport[22m | 11-library.png[39m[0m
[  84% ] [90m[1mreimport[22m | 12-great-hall-from-library.png[39m[0m
[  84% ] [90m[1mreimport[22m | 13-court-again.png[39m[0m
[  84% ] [90m[1mreimport[22m | 01-lighthouse-door.png[39m[0m
[  84% ] [90m[1mreimport[22m | 02-lighthouse-entered.png[39m[0m
[  84% ] [90m[1mreimport[22m | 03-talk-keeper.png[39m[0m
[  84% ] [90m[1mreimport[22m | state-revive.png[39m[0m
[  84% ] [90m[1mreimport[22m | 01-party-four.png[39m[0m
[  84% ] [90m[1mreimport[22m | 02-attack.png[39m[0m
[  85% ] [90m[1mreimport[22m | 03-skill-name.png[39m[0m
[  85% ] [90m[1mreimport[22m | 04-party-three.png[39m[0m
[  85% ] [90m[1mreimport[22m | 05-five-enemies.png[39m[0m
[  85% ] [90m[1mreimport[22m | 06-target-details.png[39m[0m
[  85% ] [90m[1mreimport[22m | 07-two-enemies.png[39m[0m
[  85% ] [90m[1mreimport[22m | background-castle.png[39m[0m
[  85% ] [90m[1mreimport[22m | background-cave.png[39m[0m
[  85% ] [90m[1mreimport[22m | background-desert.png[39m[0m
[  85% ] [90m[1mreimport[22m | background-final_land.png[39m[0m
[  85% ] [90m[1mreimport[22m | background-forest.png[39m[0m
[  85% ] [90m[1mreimport[22m | background-plains.png[39m[0m
[  85% ] [90m[1mreimport[22m | background-ruins.png[39m[0m
[  85% ] [90m[1mreimport[22m | background-sea.png[39m[0m
[  85% ] [90m[1mreimport[22m | background-sky.png[39m[0m
[  85% ] [90m[1mreimport[22m | background-snowfield.png[39m[0m
[  85% ] [90m[1mreimport[22m | background-temple.png[39m[0m
[  85% ] [90m[1mreimport[22m | background-tower.png[39m[0m
[  85% ] [90m[1mreimport[22m | background-underworld.png[39m[0m
[  85% ] [90m[1mreimport[22m | background-volcano.png[39m[0m
[  85% ] [90m[1mreimport[22m | head-regions.png[39m[0m
[  85% ] [90m[1mreimport[22m | 02-party-three.png[39m[0m
[  85% ] [90m[1mreimport[22m | 03-attack.png[39m[0m
[  85% ] [90m[1mreimport[22m | 04-target-cursor.png[39m[0m
[  85% ] [90m[1mreimport[22m | state-damage.png[39m[0m
[  85% ] [90m[1mreimport[22m | state-fallen.png[39m[0m
[  85% ] [90m[1mreimport[22m | state-heal.png[39m[0m
[  85% ] [90m[1mreimport[22m | state-revive.png[39m[0m
[  85% ] [90m[1mreimport[22m | 01-party-four.png[39m[0m
[  85% ] [90m[1mreimport[22m | 02-party-three.png[39m[0m
[  85% ] [90m[1mreimport[22m | 03-attack.png[39m[0m
[  86% ] [90m[1mreimport[22m | 04-target-cursor.png[39m[0m
[  86% ] [90m[1mreimport[22m | plains-comparison.png[39m[0m
[  86% ] [90m[1mreimport[22m | state-damage.png[39m[0m
[  86% ] [90m[1mreimport[22m | state-fallen.png[39m[0m
[  86% ] [90m[1mreimport[22m | state-heal.png[39m[0m
[  86% ] [90m[1mreimport[22m | state-revive.png[39m[0m
[  86% ] [90m[1mreimport[22m | 01-party-four.png[39m[0m
[  86% ] [90m[1mreimport[22m | 02-party-three.png[39m[0m
[  86% ] [90m[1mreimport[22m | 03-attack.png[39m[0m
[  86% ] [90m[1mreimport[22m | 04-target-cursor.png[39m[0m
[  86% ] [90m[1mreimport[22m | state-damage.png[39m[0m
[  86% ] [90m[1mreimport[22m | state-fallen.png[39m[0m
[  86% ] [90m[1mreimport[22m | state-heal.png[39m[0m
[  86% ] [90m[1mreimport[22m | martial_artist-pc_02-0.png[39m[0m
[  86% ] [90m[1mreimport[22m | martial_artist-pc_02-1.png[39m[0m
[  86% ] [90m[1mreimport[22m | martial_artist-pc_02-2.png[39m[0m
[  86% ] [90m[1mreimport[22m | martial_artist-pc_03-0.png[39m[0m
[  86% ] [90m[1mreimport[22m | martial_artist-pc_03-1.png[39m[0m
[  86% ] [90m[1mreimport[22m | martial_artist-pc_03-2.png[39m[0m
[  86% ] [90m[1mreimport[22m | martial_artist-pc_04-0.png[39m[0m
[  86% ] [90m[1mreimport[22m | martial_artist-pc_04-1.png[39m[0m
[  86% ] [90m[1mreimport[22m | martial_artist-pc_04-2.png[39m[0m
[  86% ] [90m[1mreimport[22m | priest-pc_01-0.png[39m[0m
[  86% ] [90m[1mreimport[22m | priest-pc_01-1.png[39m[0m
[  86% ] [90m[1mreimport[22m | priest-pc_01-2.png[39m[0m
[  86% ] [90m[1mreimport[22m | priest-pc_02-0.png[39m[0m
[  86% ] [90m[1mreimport[22m | priest-pc_02-1.png[39m[0m
[  86% ] [90m[1mreimport[22m | priest-pc_02-2.png[39m[0m
[  86% ] [90m[1mreimport[22m | priest-pc_03-0.png[39m[0m
[  86% ] [90m[1mreimport[22m | priest-pc_03-1.png[39m[0m
[  87% ] [90m[1mreimport[22m | priest-pc_03-2.png[39m[0m
[  87% ] [90m[1mreimport[22m | priest-pc_04-0.png[39m[0m
[  87% ] [90m[1mreimport[22m | priest-pc_04-1.png[39m[0m
[  87% ] [90m[1mreimport[22m | priest-pc_04-2.png[39m[0m
[  87% ] [90m[1mreimport[22m | warrior-pc_01-0.png[39m[0m
[  87% ] [90m[1mreimport[22m | warrior-pc_01-1.png[39m[0m
[  87% ] [90m[1mreimport[22m | target-comparison.png[39m[0m
[  87% ] [90m[1mreimport[22m | 01-party-four.png[39m[0m
[  87% ] [90m[1mreimport[22m | 02-party-three.png[39m[0m
[  87% ] [90m[1mreimport[22m | 03-attack.png[39m[0m
[  87% ] [90m[1mreimport[22m | 04-target-cursor.png[39m[0m
[  87% ] [90m[1mreimport[22m | state-damage.png[39m[0m
[  87% ] [90m[1mreimport[22m | state-fallen.png[39m[0m
[  87% ] [90m[1mreimport[22m | state-heal.png[39m[0m
[  87% ] [90m[1mreimport[22m | state-revive.png[39m[0m
[  87% ] [90m[1mreimport[22m | mage-pc_01-0.png[39m[0m
[  87% ] [90m[1mreimport[22m | mage-pc_01-1.png[39m[0m
[  87% ] [90m[1mreimport[22m | mage-pc_01-2.png[39m[0m
[  87% ] [90m[1mreimport[22m | mage-pc_02-0.png[39m[0m
[  87% ] [90m[1mreimport[22m | mage-pc_02-1.png[39m[0m
[  87% ] [90m[1mreimport[22m | mage-pc_02-2.png[39m[0m
[  87% ] [90m[1mreimport[22m | mage-pc_03-0.png[39m[0m
[  87% ] [90m[1mreimport[22m | mage-pc_03-1.png[39m[0m
[  87% ] [90m[1mreimport[22m | mage-pc_03-2.png[39m[0m
[  87% ] [90m[1mreimport[22m | mage-pc_04-0.png[39m[0m
[  87% ] [90m[1mreimport[22m | mage-pc_04-1.png[39m[0m
[  87% ] [90m[1mreimport[22m | mage-pc_04-2.png[39m[0m
[  87% ] [90m[1mreimport[22m | martial_artist-pc_01-0.png[39m[0m
[  87% ] [90m[1mreimport[22m | martial_artist-pc_01-1.png[39m[0m
[  88% ] [90m[1mreimport[22m | martial_artist-pc_01-2.png[39m[0m
[  88% ] [90m[1mreimport[22m | idle.png[39m[0m
[  88% ] [90m[1mreimport[22m | idle.png[39m[0m
[  88% ] [90m[1mreimport[22m | idle.png[39m[0m
[  88% ] [90m[1mreimport[22m | idle.png[39m[0m
[  88% ] [90m[1mreimport[22m | idle.png[39m[0m
[  88% ] [90m[1mreimport[22m | idle.png[39m[0m
[  88% ] [90m[1mreimport[22m | idle.png[39m[0m
[  88% ] [90m[1mreimport[22m | idle.png[39m[0m
[  88% ] [90m[1mreimport[22m | idle.png[39m[0m
[  88% ] [90m[1mreimport[22m | idle.png[39m[0m
[  88% ] [90m[1mreimport[22m | idle.png[39m[0m
[  88% ] [90m[1mreimport[22m | idle.png[39m[0m
[  88% ] [90m[1mreimport[22m | idle.png[39m[0m
[  88% ] [90m[1mreimport[22m | idle.png[39m[0m
[  88% ] [90m[1mreimport[22m | idle.png[39m[0m
[  88% ] [90m[1mreimport[22m | idle.png[39m[0m
[  88% ] [90m[1mreimport[22m | idle.png[39m[0m
[  88% ] [90m[1mreimport[22m | idle.png[39m[0m
[  88% ] [90m[1mreimport[22m | idle.png[39m[0m
[  88% ] [90m[1mreimport[22m | idle.png[39m[0m
[  88% ] [90m[1mreimport[22m | idle.png[39m[0m
[  88% ] [90m[1mreimport[22m | idle.png[39m[0m
[  88% ] [90m[1mreimport[22m | idle.png[39m[0m
[  88% ] [90m[1mreimport[22m | idle.png[39m[0m
[  88% ] [90m[1mreimport[22m | idle.png[39m[0m
[  88% ] [90m[1mreimport[22m | idle.png[39m[0m
[  88% ] [90m[1mreimport[22m | idle.png[39m[0m
[  88% ] [90m[1mreimport[22m | idle.png[39m[0m
[  88% ] [90m[1mreimport[22m | idle.png[39m[0m
[  89% ] [90m[1mreimport[22m | idle.png[39m[0m
[  89% ] [90m[1mreimport[22m | idle.png[39m[0m
[  89% ] [90m[1mreimport[22m | idle.png[39m[0m
[  89% ] [90m[1mreimport[22m | idle.png[39m[0m
[  89% ] [90m[1mreimport[22m | idle.png[39m[0m
[  89% ] [90m[1mreimport[22m | idle.png[39m[0m
[  89% ] [90m[1mreimport[22m | idle.png[39m[0m
[  89% ] [90m[1mreimport[22m | idle.png[39m[0m
[  89% ] [90m[1mreimport[22m | idle.png[39m[0m
[  89% ] [90m[1mreimport[22m | idle.png[39m[0m
[  89% ] [90m[1mreimport[22m | idle.png[39m[0m
[  89% ] [90m[1mreimport[22m | idle.png[39m[0m
[  89% ] [90m[1mreimport[22m | idle.png[39m[0m
[  89% ] [90m[1mreimport[22m | idle.png[39m[0m
[  89% ] [90m[1mreimport[22m | idle.png[39m[0m
[  89% ] [90m[1mreimport[22m | idle.png[39m[0m
[  89% ] [90m[1mreimport[22m | idle.png[39m[0m
[  89% ] [90m[1mreimport[22m | gado_tool_repaired.png[39m[0m
[  89% ] [90m[1mreimport[22m | gate.png[39m[0m
[  89% ] [90m[1mreimport[22m | home_bed.png[39m[0m
[  89% ] [90m[1mreimport[22m | home_cupboard.png[39m[0m
[  89% ] [90m[1mreimport[22m | home_hearth.png[39m[0m
[  89% ] [90m[1mreimport[22m | home_rug.png[39m[0m
[  89% ] [90m[1mreimport[22m | home_table.png[39m[0m
[  89% ] [90m[1mreimport[22m | home_window.png[39m[0m
[  89% ] [90m[1mreimport[22m | natural_barred_gate.png[39m[0m
[  89% ] [90m[1mreimport[22m | natural_barrels.png[39m[0m
[  89% ] [90m[1mreimport[22m | natural_bench.png[39m[0m
[  89% ] [90m[1mreimport[22m | natural_bridge.png[39m[0m
[  89% ] [90m[1mreimport[22m | natural_broken_pillar.png[39m[0m
[  90% ] [90m[1mreimport[22m | natural_broken_statue.png[39m[0m
[  90% ] [90m[1mreimport[22m | natural_cabbage.png[39m[0m
[  90% ] [90m[1mreimport[22m | natural_campfire.png[39m[0m
[  90% ] [90m[1mreimport[22m | natural_carrots.png[39m[0m
[  90% ] [90m[1mreimport[22m | natural_cart.png[39m[0m
[  90% ] [90m[1mreimport[22m | natural_castle.png[39m[0m
[  90% ] [90m[1mreimport[22m | natural_chicken.png[39m[0m
[  90% ] [90m[1mreimport[22m | natural_church.png[39m[0m
[  90% ] [90m[1mreimport[22m | natural_crates.png[39m[0m
[  90% ] [90m[1mreimport[22m | natural_dirt_patch.png[39m[0m
[  90% ] [90m[1mreimport[22m | idle.png[39m[0m
[  90% ] [90m[1mreimport[22m | idle.png[39m[0m
[  90% ] [90m[1mreimport[22m | idle.png[39m[0m
[  90% ] [90m[1mreimport[22m | idle.png[39m[0m
[  90% ] [90m[1mreimport[22m | idle.png[39m[0m
[  90% ] [90m[1mreimport[22m | idle.png[39m[0m
[  90% ] [90m[1mreimport[22m | idle.png[39m[0m
[  90% ] [90m[1mreimport[22m | idle.png[39m[0m
[  90% ] [90m[1mreimport[22m | idle.png[39m[0m
[  90% ] [90m[1mreimport[22m | idle.png[39m[0m
[  90% ] [90m[1mreimport[22m | idle.png[39m[0m
[  90% ] [90m[1mreimport[22m | idle.png[39m[0m
[  90% ] [90m[1mreimport[22m | idle.png[39m[0m
[  90% ] [90m[1mreimport[22m | idle.png[39m[0m
[  90% ] [90m[1mreimport[22m | castle_banner.png[39m[0m
[  90% ] [90m[1mreimport[22m | castle_bookcase.png[39m[0m
[  90% ] [90m[1mreimport[22m | castle_candelabrum.png[39m[0m
[  90% ] [90m[1mreimport[22m | castle_column.png[39m[0m
[  90% ] [90m[1mreimport[22m | castle_low_wall_vertical.png[39m[0m
[  90% ] [90m[1mreimport[22m | castle_throne.png[39m[0m
[  91% ] [90m[1mreimport[22m | chest.png[39m[0m
[  91% ] [90m[1mreimport[22m | first_cave_entrance.png[39m[0m
[  91% ] [90m[1mreimport[22m | gado_tool_broken.png[39m[0m
[  91% ] [90m[1mreimport[22m | port_armor.png[39m[0m
[  91% ] [90m[1mreimport[22m | port_harbor.png[39m[0m
[  91% ] [90m[1mreimport[22m | port_home.png[39m[0m
[  91% ] [90m[1mreimport[22m | port_inn.png[39m[0m
[  91% ] [90m[1mreimport[22m | port_item.png[39m[0m
[  91% ] [90m[1mreimport[22m | port_shrine.png[39m[0m
[  91% ] [90m[1mreimport[22m | port_weapon.png[39m[0m
[  91% ] [90m[1mreimport[22m | region2_armor.png[39m[0m
[  91% ] [90m[1mreimport[22m | region2_harbor.png[39m[0m
[  91% ] [90m[1mreimport[22m | region2_inn.png[39m[0m
[  91% ] [90m[1mreimport[22m | region2_item.png[39m[0m
[  91% ] [90m[1mreimport[22m | region2_shrine.png[39m[0m
[  91% ] [90m[1mreimport[22m | region2_village_inn.png[39m[0m
[  91% ] [90m[1mreimport[22m | region2_village_inn_overlay.png[39m[0m
[  91% ] [90m[1mreimport[22m | region2_village_item.png[39m[0m
[  91% ] [90m[1mreimport[22m | region2_village_item_overlay.png[39m[0m
[  91% ] [90m[1mreimport[22m | region2_village_shrine.png[39m[0m
[  91% ] [90m[1mreimport[22m | region2_village_shrine_overlay.png[39m[0m
[  91% ] [90m[1mreimport[22m | region2_village_weapon.png[39m[0m
[  91% ] [90m[1mreimport[22m | region2_village_weapon_overlay.png[39m[0m
[  91% ] [90m[1mreimport[22m | region2_weapon.png[39m[0m
[  91% ] [90m[1mreimport[22m | idle.png[39m[0m
[  91% ] [90m[1mreimport[22m | idle.png[39m[0m
[  91% ] [90m[1mreimport[22m | battle.png[39m[0m
[  91% ] [90m[1mreimport[22m | walk.png[39m[0m
[  91% ] [90m[1mreimport[22m | battle.png[39m[0m
[  91% ] [90m[1mreimport[22m | walk.png[39m[0m
[  92% ] [90m[1mreimport[22m | battle.png[39m[0m
[  92% ] [90m[1mreimport[22m | portrait.png[39m[0m
[  92% ] [90m[1mreimport[22m | walk.png[39m[0m
[  92% ] [90m[1mreimport[22m | castle_armor.png[39m[0m
[  92% ] [90m[1mreimport[22m | castle_court.png[39m[0m
[  92% ] [90m[1mreimport[22m | castle_great_hall.png[39m[0m
[  92% ] [90m[1mreimport[22m | castle_home.png[39m[0m
[  92% ] [90m[1mreimport[22m | castle_inn.png[39m[0m
[  92% ] [90m[1mreimport[22m | castle_item.png[39m[0m
[  92% ] [90m[1mreimport[22m | castle_library.png[39m[0m
[  92% ] [90m[1mreimport[22m | castle_shrine.png[39m[0m
[  92% ] [90m[1mreimport[22m | castle_throne_room.png[39m[0m
[  92% ] [90m[1mreimport[22m | castle_treasury.png[39m[0m
[  92% ] [90m[1mreimport[22m | castle_weapon.png[39m[0m
[  92% ] [90m[1mreimport[22m | kaina_home.png[39m[0m
[  92% ] [90m[1mreimport[22m | lighthouse_lookout.png[39m[0m
[  92% ] [90m[1mreimport[22m | milfe_inn.png[39m[0m
[  92% ] [90m[1mreimport[22m | milfe_item.png[39m[0m
[  92% ] [90m[1mreimport[22m | milfe_weapon.png[39m[0m
[  92% ] [90m[1mreimport[22m | idle.png[39m[0m
[  92% ] [90m[1mreimport[22m | idle.png[39m[0m
[  92% ] [90m[1mreimport[22m | idle.png[39m[0m
[  92% ] [90m[1mreimport[22m | idle.png[39m[0m
[  92% ] [90m[1mreimport[22m | idle.png[39m[0m
[  92% ] [90m[1mreimport[22m | idle.png[39m[0m
[  92% ] [90m[1mreimport[22m | idle.png[39m[0m
[  92% ] [90m[1mreimport[22m | idle.png[39m[0m
[  92% ] [90m[1mreimport[22m | idle.png[39m[0m
[  92% ] [90m[1mreimport[22m | idle.png[39m[0m
[  92% ] [90m[1mreimport[22m | idle.png[39m[0m
[  93% ] [90m[1mreimport[22m | idle.png[39m[0m
[  93% ] [90m[1mreimport[22m | idle.png[39m[0m
[  93% ] [90m[1mreimport[22m | idle.png[39m[0m
[  93% ] [90m[1mreimport[22m | idle.png[39m[0m
[  93% ] [90m[1mreimport[22m | idle.png[39m[0m
[  93% ] [90m[1mreimport[22m | idle.png[39m[0m
[  93% ] [90m[1mreimport[22m | idle.png[39m[0m
[  93% ] [90m[1mreimport[22m | idle.png[39m[0m
[  93% ] [90m[1mreimport[22m | idle.png[39m[0m
[  93% ] [90m[1mreimport[22m | idle.png[39m[0m
[  93% ] [90m[1mreimport[22m | idle.png[39m[0m
[  93% ] [90m[1mreimport[22m | idle.png[39m[0m
[  93% ] [90m[1mreimport[22m | idle.png[39m[0m
[  93% ] [90m[1mreimport[22m | idle.png[39m[0m
[  93% ] [90m[1mreimport[22m | idle.png[39m[0m
[  93% ] [90m[1mreimport[22m | idle.png[39m[0m
[  93% ] [90m[1mreimport[22m | idle.png[39m[0m
[  93% ] [90m[1mreimport[22m | idle.png[39m[0m
[  93% ] [90m[1mreimport[22m | idle.png[39m[0m
[  93% ] [90m[1mreimport[22m | idle.png[39m[0m
[  93% ] [90m[1mreimport[22m | idle.png[39m[0m
[  93% ] [90m[1mreimport[22m | idle.png[39m[0m
[  93% ] [90m[1mreimport[22m | idle.png[39m[0m
[  93% ] [90m[1mreimport[22m | idle.png[39m[0m
[  93% ] [90m[1mreimport[22m | idle.png[39m[0m
[  93% ] [90m[1mreimport[22m | idle.png[39m[0m
[  93% ] [90m[1mreimport[22m | idle.png[39m[0m
[  93% ] [90m[1mreimport[22m | idle.png[39m[0m
[  93% ] [90m[1mreimport[22m | idle.png[39m[0m
[  93% ] [90m[1mreimport[22m | idle.png[39m[0m
[  94% ] [90m[1mreimport[22m | idle.png[39m[0m
[  94% ] [90m[1mreimport[22m | idle.png[39m[0m
[  94% ] [90m[1mreimport[22m | idle.png[39m[0m
[  94% ] [90m[1mreimport[22m | idle.png[39m[0m
[  94% ] [90m[1mreimport[22m | idle.png[39m[0m
[  94% ] [90m[1mreimport[22m | bright_house_door.png[39m[0m
[  94% ] [90m[1mreimport[22m | bright_house_exterior.png[39m[0m
[  94% ] [90m[1mreimport[22m | bright_house_roof.png[39m[0m
[  94% ] [90m[1mreimport[22m | bright_house_wall.png[39m[0m
[  94% ] [90m[1mreimport[22m | bright_house_window.png[39m[0m
[  94% ] [90m[1mreimport[22m | bright_inn_counter.png[39m[0m
[  94% ] [90m[1mreimport[22m | bright_inn_door.png[39m[0m
[  94% ] [90m[1mreimport[22m | bright_inn_exterior.png[39m[0m
[  94% ] [90m[1mreimport[22m | bright_inn_roof.png[39m[0m
[  94% ] [90m[1mreimport[22m | bright_inn_wall.png[39m[0m
[  94% ] [90m[1mreimport[22m | bright_inn_window.png[39m[0m
[  94% ] [90m[1mreimport[22m | bright_interior_wall.png[39m[0m
[  94% ] [90m[1mreimport[22m | bright_item_shop_door.png[39m[0m
[  94% ] [90m[1mreimport[22m | bright_item_shop_exterior.png[39m[0m
[  94% ] [90m[1mreimport[22m | bright_item_shop_roof.png[39m[0m
[  94% ] [90m[1mreimport[22m | bright_item_shop_wall.png[39m[0m
[  94% ] [90m[1mreimport[22m | bright_item_shop_window.png[39m[0m
[  94% ] [90m[1mreimport[22m | bright_mountains.png[39m[0m
[  94% ] [90m[1mreimport[22m | bright_pot.png[39m[0m
[  94% ] [90m[1mreimport[22m | bright_road.png[39m[0m
[  94% ] [90m[1mreimport[22m | bright_road_edge_east.png[39m[0m
[  94% ] [90m[1mreimport[22m | bright_road_edge_inner_ne.png[39m[0m
[  94% ] [90m[1mreimport[22m | bright_road_edge_inner_nw.png[39m[0m
[  94% ] [90m[1mreimport[22m | bright_deep_forest_edge_se.png[39m[0m
[  94% ] [90m[1mreimport[22m | bright_deep_forest_edge_south.png[39m[0m
[  95% ] [90m[1mreimport[22m | bright_deep_forest_edge_sw.png[39m[0m
[  95% ] [90m[1mreimport[22m | bright_deep_forest_edge_west.png[39m[0m
[  95% ] [90m[1mreimport[22m | bright_fence.png[39m[0m
[  95% ] [90m[1mreimport[22m | bright_flowers.png[39m[0m
[  95% ] [90m[1mreimport[22m | bright_forest.png[39m[0m
[  95% ] [90m[1mreimport[22m | bright_forest_edge_east.png[39m[0m
[  95% ] [90m[1mreimport[22m | bright_forest_edge_inner_ne.png[39m[0m
[  95% ] [90m[1mreimport[22m | bright_forest_edge_inner_nw.png[39m[0m
[  95% ] [90m[1mreimport[22m | bright_forest_edge_inner_se.png[39m[0m
[  95% ] [90m[1mreimport[22m | bright_forest_edge_inner_sw.png[39m[0m
[  95% ] [90m[1mreimport[22m | bright_forest_edge_ne.png[39m[0m
[  95% ] [90m[1mreimport[22m | bright_forest_edge_north.png[39m[0m
[  95% ] [90m[1mreimport[22m | bright_forest_edge_nw.png[39m[0m
[  95% ] [90m[1mreimport[22m | bright_forest_edge_se.png[39m[0m
[  95% ] [90m[1mreimport[22m | bright_forest_edge_south.png[39m[0m
[  95% ] [90m[1mreimport[22m | bright_forest_edge_sw.png[39m[0m
[  95% ] [90m[1mreimport[22m | bright_forest_edge_west.png[39m[0m
[  95% ] [90m[1mreimport[22m | bright_grass.png[39m[0m
[  95% ] [90m[1mreimport[22m | bright_grass_2.png[39m[0m
[  95% ] [90m[1mreimport[22m | bright_grass_3.png[39m[0m
[  95% ] [90m[1mreimport[22m | bright_hills.png[39m[0m
[  95% ] [90m[1mreimport[22m | bright_shore_west.png[39m[0m
[  95% ] [90m[1mreimport[22m | bright_stairs_down.png[39m[0m
[  95% ] [90m[1mreimport[22m | bright_stairs_up.png[39m[0m
[  95% ] [90m[1mreimport[22m | bright_table.png[39m[0m
[  95% ] [90m[1mreimport[22m | bright_torch.png[39m[0m
[  95% ] [90m[1mreimport[22m | bright_tree_oak.png[39m[0m
[  95% ] [90m[1mreimport[22m | bright_tree_pine.png[39m[0m
[  95% ] [90m[1mreimport[22m | bright_water.png[39m[0m
[  95% ] [90m[1mreimport[22m | bright_weapon_shop_door.png[39m[0m
[  96% ] [90m[1mreimport[22m | bright_weapon_shop_exterior.png[39m[0m
[  96% ] [90m[1mreimport[22m | bright_weapon_shop_roof.png[39m[0m
[  96% ] [90m[1mreimport[22m | bright_weapon_shop_wall.png[39m[0m
[  96% ] [90m[1mreimport[22m | bright_weapon_shop_window.png[39m[0m
[  96% ] [90m[1mreimport[22m | bright_wood_floor.png[39m[0m
[  96% ] [90m[1mreimport[22m | castle_floor.png[39m[0m
[  96% ] [90m[1mreimport[22m | castle_runner.png[39m[0m
[  96% ] [90m[1mreimport[22m | castle_wall.png[39m[0m
[  96% ] [90m[1mreimport[22m | cave_filled_wall_autotile.png[39m[0m
[  96% ] [90m[1mreimport[22m | cave_quiet_floor.png[39m[0m
[  96% ] [90m[1mreimport[22m | cave_quiet_water.png[39m[0m
[  96% ] [90m[1mreimport[22m | cave_thick_wall_autotile.png[39m[0m
[  96% ] [90m[1mreimport[22m | cave_wall_side.png[39m[0m
[  96% ] [90m[1mreimport[22m | cave_wall_top.png[39m[0m
[  96% ] [90m[1mreimport[22m | bright_road_edge_inner_se.png[39m[0m
[  96% ] [90m[1mreimport[22m | bright_road_edge_inner_sw.png[39m[0m
[  96% ] [90m[1mreimport[22m | bright_road_edge_ne.png[39m[0m
[  96% ] [90m[1mreimport[22m | bright_road_edge_north.png[39m[0m
[  96% ] [90m[1mreimport[22m | bright_road_edge_nw.png[39m[0m
[  96% ] [90m[1mreimport[22m | bright_road_edge_se.png[39m[0m
[  96% ] [90m[1mreimport[22m | bright_road_edge_south.png[39m[0m
[  96% ] [90m[1mreimport[22m | bright_road_edge_sw.png[39m[0m
[  96% ] [90m[1mreimport[22m | bright_road_edge_west.png[39m[0m
[  96% ] [90m[1mreimport[22m | bright_rug.png[39m[0m
[  96% ] [90m[1mreimport[22m | bright_shelf.png[39m[0m
[  96% ] [90m[1mreimport[22m | bright_shop_counter.png[39m[0m
[  96% ] [90m[1mreimport[22m | bright_shore_east.png[39m[0m
[  96% ] [90m[1mreimport[22m | bright_shore_inner_ne.png[39m[0m
[  96% ] [90m[1mreimport[22m | bright_shore_inner_nw.png[39m[0m
[  96% ] [90m[1mreimport[22m | bright_shore_inner_se.png[39m[0m
[  97% ] [90m[1mreimport[22m | bright_shore_inner_sw.png[39m[0m
[  97% ] [90m[1mreimport[22m | bright_shore_ne.png[39m[0m
[  97% ] [90m[1mreimport[22m | bright_shore_north.png[39m[0m
[  97% ] [90m[1mreimport[22m | bright_shore_nw.png[39m[0m
[  97% ] [90m[1mreimport[22m | bright_shore_se.png[39m[0m
[  97% ] [90m[1mreimport[22m | bright_shore_south.png[39m[0m
[  97% ] [90m[1mreimport[22m | bright_shore_sw.png[39m[0m
[  97% ] [90m[1mreimport[22m | natural_haystack.png[39m[0m
[  97% ] [90m[1mreimport[22m | natural_leaves.png[39m[0m
[  97% ] [90m[1mreimport[22m | natural_manor.png[39m[0m
[  97% ] [90m[1mreimport[22m | natural_market_blue.png[39m[0m
[  97% ] [90m[1mreimport[22m | natural_market_ochre.png[39m[0m
[  97% ] [90m[1mreimport[22m | natural_market_purple.png[39m[0m
[  97% ] [90m[1mreimport[22m | natural_market_red.png[39m[0m
[  97% ] [90m[1mreimport[22m | natural_mine_timbers.png[39m[0m
[  97% ] [90m[1mreimport[22m | natural_mushrooms.png[39m[0m
[  97% ] [90m[1mreimport[22m | natural_overgrown_grass.png[39m[0m
[  97% ] [90m[1mreimport[22m | natural_pebbles.png[39m[0m
[  97% ] [90m[1mreimport[22m | natural_pillar.png[39m[0m
[  97% ] [90m[1mreimport[22m | natural_pool.png[39m[0m
[  97% ] [90m[1mreimport[22m | natural_rope_bridge.png[39m[0m
[  97% ] [90m[1mreimport[22m | natural_rubble.png[39m[0m
[  97% ] [90m[1mreimport[22m | natural_shrine.png[39m[0m
[  97% ] [90m[1mreimport[22m | natural_sign_inn.png[39m[0m
[  97% ] [90m[1mreimport[22m | natural_sign_item.png[39m[0m
[  97% ] [90m[1mreimport[22m | natural_sign_weapon.png[39m[0m
[  97% ] [90m[1mreimport[22m | natural_stairs_down.png[39m[0m
[  97% ] [90m[1mreimport[22m | natural_stairs_up.png[39m[0m
[  97% ] [90m[1mreimport[22m | natural_stalagmites.png[39m[0m
[  97% ] [90m[1mreimport[22m | natural_stele.png[39m[0m
[  98% ] [90m[1mreimport[22m | natural_door.png[39m[0m
[  98% ] [90m[1mreimport[22m | natural_door_closed.png[39m[0m
[  98% ] [90m[1mreimport[22m | natural_door_open.png[39m[0m
[  98% ] [90m[1mreimport[22m | natural_farm_house_a.png[39m[0m
[  98% ] [90m[1mreimport[22m | natural_farm_house_b.png[39m[0m
[  98% ] [90m[1mreimport[22m | natural_fenced_flowerbed_ne.png[39m[0m
[  98% ] [90m[1mreimport[22m | natural_fenced_flowerbed_nw.png[39m[0m
[  98% ] [90m[1mreimport[22m | natural_fenced_flowerbed_se.png[39m[0m
[  98% ] [90m[1mreimport[22m | natural_fenced_flowerbed_sw.png[39m[0m
[  98% ] [90m[1mreimport[22m | natural_fence_corner.png[39m[0m
[  98% ] [90m[1mreimport[22m | natural_fence_gap.png[39m[0m
[  98% ] [90m[1mreimport[22m | natural_fence_horizontal.png[39m[0m
[  98% ] [90m[1mreimport[22m | natural_fence_low_horizontal.png[39m[0m
[  98% ] [90m[1mreimport[22m | natural_fence_vertical.png[39m[0m
[  98% ] [90m[1mreimport[22m | natural_floor_pattern.png[39m[0m
[  98% ] [90m[1mreimport[22m | natural_flowerbed.png[39m[0m
[  98% ] [90m[1mreimport[22m | natural_flowers_pink.png[39m[0m
[  98% ] [90m[1mreimport[22m | natural_flowers_white.png[39m[0m
[  98% ] [90m[1mreimport[22m | natural_flowers_yellow.png[39m[0m
[  98% ] [90m[1mreimport[22m | natural_fountain.png[39m[0m
[  98% ] [90m[1mreimport[22m | natural_gate.png[39m[0m
[  98% ] [90m[1mreimport[22m | natural_gate_closed.png[39m[0m
[  98% ] [90m[1mreimport[22m | natural_gate_open.png[39m[0m
[  98% ] [90m[1mreimport[22m | region2_shrine.png[39m[0m
[  98% ] [90m[1mreimport[22m | region2_stall_blue.png[39m[0m
[  98% ] [90m[1mreimport[22m | region2_stall_gold.png[39m[0m
[  98% ] [90m[1mreimport[22m | region2_stall_red.png[39m[0m
[  98% ] [90m[1mreimport[22m | region2_stall_sand.png[39m[0m
[  98% ] [90m[1mreimport[22m | region2_wall.png[39m[0m
[  98% ] [90m[1mreimport[22m | region2_weapon.png[39m[0m
[  99% ] [90m[1mreimport[22m | region2_well.png[39m[0m
[  99% ] [90m[1mreimport[22m | bright_barrel.png[39m[0m
[  99% ] [90m[1mreimport[22m | bright_bed.png[39m[0m
[  99% ] [90m[1mreimport[22m | bright_bridge.png[39m[0m
[  99% ] [90m[1mreimport[22m | bright_cave_floor.png[39m[0m
[  99% ] [90m[1mreimport[22m | bright_cave_wall.png[39m[0m
[  99% ] [90m[1mreimport[22m | bright_chair.png[39m[0m
[  99% ] [90m[1mreimport[22m | bright_deep_forest.png[39m[0m
[  99% ] [90m[1mreimport[22m | bright_deep_forest_edge_east.png[39m[0m
[  99% ] [90m[1mreimport[22m | bright_deep_forest_edge_inner_ne.png[39m[0m
[  99% ] [90m[1mreimport[22m | bright_deep_forest_edge_inner_nw.png[39m[0m
[  99% ] [90m[1mreimport[22m | bright_deep_forest_edge_inner_se.png[39m[0m
[  99% ] [90m[1mreimport[22m | bright_deep_forest_edge_inner_sw.png[39m[0m
[  99% ] [90m[1mreimport[22m | bright_deep_forest_edge_ne.png[39m[0m
[  99% ] [90m[1mreimport[22m | bright_deep_forest_edge_north.png[39m[0m
[  99% ] [90m[1mreimport[22m | bright_deep_forest_edge_nw.png[39m[0m
[  99% ] [90m[1mreimport[22m | natural_torch.png[39m[0m
[  99% ] [90m[1mreimport[22m | natural_town_house_blue.png[39m[0m
[  99% ] [90m[1mreimport[22m | natural_town_house_red.png[39m[0m
[  99% ] [90m[1mreimport[22m | source_code_pro.fnt[39m[0m
[  99% ] [90m[1mreimport[22m | NotoSansJP.ttf[39m[0m
[  99% ] [90m[1mreimport[22m | DotGothic16-Regular.ttf[39m[0m
[  99% ] [90m[1mreimport[22m | LobsterTwo-Regular.ttf[39m[0m
[  99% ] [90m[1mreimport[22m | LobsterTwo-Italic.ttf[39m[0m
[  99% ] [90m[1mreimport[22m | LobsterTwo-BoldItalic.ttf[39m[0m
[  99% ] [90m[1mreimport[22m | LobsterTwo-Bold.ttf[39m[0m
[  99% ] [90m[1mreimport[22m | AnonymousPro-Bold.ttf[39m[0m
[  99% ] [90m[1mreimport[22m | AnonymousPro-BoldItalic.ttf[39m[0m
[  99% ] [90m[1mreimport[22m | Finalizing Asset Import...[39m[0m
[92m[ DONE ][39m [1mreimport[22m
[0m
[   0% ] [90m[1mreimport[22m | Started (Re)Importing Assets (2991 steps)[39m[0m
[   0% ] [90m[1mreimport[22m | Executing post-reimport operations...[39m[0m
[92m[ DONE ][39m [1mreimport[22m
[0m
[   0% ] [90m[1mloading_editor_layout[22m | Started Loading editor (5 steps)[39m[0m
[   0% ] [90m[1mloading_editor_layout[22m | Loading editor layout...[39m[0m
[  16% ] [90m[1mloading_editor_layout[22m | Loading docks...[39m[0m
[92m[ DONE ][39m [1mloading_editor_layout[22m
[0m
