2026-10-09T01:41:04.2701386Z Current runner version: '2.337.0'
2026-10-09T01:41:04.2737437Z ##[group]Runner Image Provisioner
2026-10-09T01:41:04.2738863Z Hosted Compute Agent
2026-10-09T01:41:04.2739839Z Version: 20260901.588
2026-10-09T01:41:04.2740874Z Commit: f88ec8081b781fac6c440065ac7ff9e710ce3d0b
2026-10-09T01:41:04.2742186Z Build Date: 2026-09-01T19:56:44Z
2026-10-09T01:41:04.2743492Z Worker ID: {a996ec96-4bea-4485-8825-20db34ad5fdf}
2026-10-09T01:41:04.2744744Z Azure Region: centralus
2026-10-09T01:41:04.2745668Z ##[endgroup]
2026-10-09T01:41:04.2747971Z ##[group]Operating System
2026-10-09T01:41:04.2749114Z Microsoft Windows Server 2025
2026-10-09T01:41:04.2750090Z 10.0.26100
2026-10-09T01:41:04.2750931Z Datacenter
2026-10-09T01:41:04.2751908Z ##[endgroup]
2026-10-09T01:41:04.2753243Z ##[group]Runner Image
2026-10-09T01:41:04.2754309Z Image: windows-2025-vs2026
2026-10-09T01:41:04.2755290Z Version: 20260925.250.1
2026-10-09T01:41:04.2757900Z Included Software: https://github.com/actions/runner-images/blob/win25-vs2026/20260925.250/images/windows/Windows2025-VS2026-Readme.md
2026-10-09T01:41:04.2761040Z Image Release: https://github.com/actions/runner-images/releases/tag/win25-vs2026%2F20260925.250
2026-10-09T01:41:04.2762627Z ##[endgroup]
2026-10-09T01:41:04.2763893Z ##[group]GITHUB_TOKEN Permissions
2026-10-09T01:41:04.2766207Z Contents: read
2026-10-09T01:41:04.2766841Z Metadata: read
2026-10-09T01:41:04.2767359Z ##[endgroup]
2026-10-09T01:41:04.2769615Z Secret source: Actions
2026-10-09T01:41:04.2770647Z Cache mode: write
2026-10-09T01:41:04.2771691Z Prepare workflow directory
2026-10-09T01:41:04.3170581Z Prepare all required actions
2026-10-09T01:41:04.3242447Z Getting action download info
2026-10-09T01:41:04.5463232Z Download action repository 'actions/checkout@v4' (SHA:11d5960a326750d5838078e36cf38b85af677262)
2026-10-09T01:41:04.6779079Z Download action repository 'actions/setup-python@v5' (SHA:a26af69be951a213d495a4c3e4e4022e16d87065)
2026-10-09T01:41:04.8269641Z Download action repository 'ilammy/msvc-dev-cmd@v1' (SHA:0b201ec74fa43914dc39ae48a89fd1d8cb592756)
2026-10-09T01:41:05.1850794Z Download action repository 'actions/upload-artifact@v4' (SHA:ea165f8d65b6e75b540449e92b4886f43607fa02)
2026-10-09T01:41:05.5484989Z Complete job name: equipment-native (windows-latest, fixed055, transaction)
2026-10-09T01:41:05.6946155Z ##[group]Run actions/checkout@v4
2026-10-09T01:41:05.6947394Z with:
2026-10-09T01:41:05.6947887Z   ref: 4f1e6129cea612da657ae389a8e59db217581394
2026-10-09T01:41:05.6948559Z   repository: hiroshitanaka-creator/RPG-maker
2026-10-09T01:41:05.6952862Z   token: ***
2026-10-09T01:41:05.6953308Z   ssh-strict: true
2026-10-09T01:41:05.6953748Z   ssh-user: git
2026-10-09T01:41:05.6954192Z   persist-credentials: true
2026-10-09T01:41:05.6954696Z   clean: true
2026-10-09T01:41:05.6955152Z   sparse-checkout-cone-mode: true
2026-10-09T01:41:05.6955693Z   fetch-depth: 1
2026-10-09T01:41:05.6956125Z   fetch-tags: false
2026-10-09T01:41:05.6956576Z   show-progress: true
2026-10-09T01:41:05.6957065Z   lfs: false
2026-10-09T01:41:05.6957503Z   submodules: false
2026-10-09T01:41:05.6957952Z   set-safe-directory: true
2026-10-09T01:41:05.6958474Z   allow-unsafe-pr-checkout: false
2026-10-09T01:41:05.6959296Z env:
2026-10-09T01:41:05.6959728Z   GODOT_VERSION: 4.7.2-stable
2026-10-09T01:41:05.6960278Z   PYTHONUTF8: 1
2026-10-09T01:41:05.6960714Z   GIT_CONFIG_COUNT: 1
2026-10-09T01:41:05.6961181Z   GIT_CONFIG_KEY_0: core.autocrlf
2026-10-09T01:41:05.6961707Z   GIT_CONFIG_VALUE_0: false
2026-10-09T01:41:05.6962193Z ##[endgroup]
2026-10-09T01:41:05.8395068Z Syncing repository: hiroshitanaka-creator/RPG-maker
2026-10-09T01:41:05.8396998Z ##[group]Getting Git version info
2026-10-09T01:41:05.8397657Z Working directory is 'D:\a\RPG-maker\RPG-maker'
2026-10-09T01:41:05.9351457Z [command]"C:\Program Files\Git\bin\git.exe" version
2026-10-09T01:41:06.2564948Z git version 2.55.0.windows.5
2026-10-09T01:41:06.2609701Z ##[endgroup]
2026-10-09T01:41:06.2629416Z Temporarily overriding HOME='D:\a\_temp\3ea9f560-489c-44ef-99ff-588cf128c537' before making global git config changes
2026-10-09T01:41:06.2633539Z Adding repository directory to the temporary git global config as a safe directory
2026-10-09T01:41:06.2641197Z [command]"C:\Program Files\Git\bin\git.exe" config --global --add safe.directory D:\a\RPG-maker\RPG-maker
2026-10-09T01:41:06.3255948Z Deleting the contents of 'D:\a\RPG-maker\RPG-maker'
2026-10-09T01:41:06.3263875Z ##[group]Initializing the repository
2026-10-09T01:41:06.3272670Z [command]"C:\Program Files\Git\bin\git.exe" init D:\a\RPG-maker\RPG-maker
2026-10-09T01:41:06.4082904Z Initialized empty Git repository in D:/a/RPG-maker/RPG-maker/.git/
2026-10-09T01:41:06.4152148Z [command]"C:\Program Files\Git\bin\git.exe" remote add origin https://github.com/hiroshitanaka-creator/RPG-maker
2026-10-09T01:41:06.4706630Z ##[endgroup]
2026-10-09T01:41:06.4710913Z ##[group]Disabling automatic garbage collection
2026-10-09T01:41:06.4715906Z [command]"C:\Program Files\Git\bin\git.exe" config --local gc.auto 0
2026-10-09T01:41:06.5004459Z ##[endgroup]
2026-10-09T01:41:06.5006248Z ##[group]Setting up auth
2026-10-09T01:41:06.5016129Z [command]"C:\Program Files\Git\bin\git.exe" config --local --name-only --get-regexp core\.sshCommand
2026-10-09T01:41:06.5304496Z [command]"C:\Program Files\Git\bin\git.exe" submodule foreach --recursive "sh -c \"git config --local --name-only --get-regexp 'core\.sshCommand' && git config --local --unset-all 'core.sshCommand' || :\""
2026-10-09T01:41:07.7963129Z [command]"C:\Program Files\Git\bin\git.exe" config --local --name-only --get-regexp http\.https\:\/\/github\.com\/\.extraheader
2026-10-09T01:41:07.8250429Z [command]"C:\Program Files\Git\bin\git.exe" submodule foreach --recursive "sh -c \"git config --local --name-only --get-regexp 'http\.https\:\/\/github\.com\/\.extraheader' && git config --local --unset-all 'http.https://github.com/.extraheader' || :\""
2026-10-09T01:41:08.3466362Z [command]"C:\Program Files\Git\bin\git.exe" config --local --name-only --get-regexp ^includeIf\.gitdir:
2026-10-09T01:41:08.3752787Z [command]"C:\Program Files\Git\bin\git.exe" submodule foreach --recursive "git config --local --show-origin --name-only --get-regexp remote.origin.url"
2026-10-09T01:41:08.8894500Z [command]"C:\Program Files\Git\bin\git.exe" config --local http.https://github.com/.extraheader "AUTHORIZATION: basic ***"
2026-10-09T01:41:08.9193532Z ##[endgroup]
2026-10-09T01:41:08.9195098Z ##[group]Fetching the repository
2026-10-09T01:41:08.9207733Z [command]"C:\Program Files\Git\bin\git.exe" -c protocol.version=2 fetch --no-tags --prune --no-recurse-submodules --depth=1 origin 4f1e6129cea612da657ae389a8e59db217581394
2026-10-09T01:41:24.3343171Z From https://github.com/hiroshitanaka-creator/RPG-maker
2026-10-09T01:41:24.3345448Z  * branch            4f1e6129cea612da657ae389a8e59db217581394 -> FETCH_HEAD
2026-10-09T01:41:24.3386229Z ##[endgroup]
2026-10-09T01:41:24.3386883Z ##[group]Determining the checkout info
2026-10-09T01:41:24.3389528Z ##[endgroup]
2026-10-09T01:41:24.3401191Z [command]"C:\Program Files\Git\bin\git.exe" sparse-checkout disable
2026-10-09T01:41:24.3812909Z [command]"C:\Program Files\Git\bin\git.exe" config --local --unset-all extensions.worktreeConfig
2026-10-09T01:41:24.4115348Z ##[group]Checking out the ref
2026-10-09T01:41:24.4125465Z [command]"C:\Program Files\Git\bin\git.exe" checkout --progress --force 4f1e6129cea612da657ae389a8e59db217581394
2026-10-09T01:41:25.6764686Z Updating files:   7% (566/7806)
2026-10-09T01:41:25.7177141Z Updating files:   8% (625/7806)
2026-10-09T01:41:25.7371352Z Updating files:   9% (703/7806)
2026-10-09T01:41:25.7590227Z Updating files:  10% (781/7806)
2026-10-09T01:41:25.7832949Z Updating files:  11% (859/7806)
2026-10-09T01:41:25.8070695Z Updating files:  12% (937/7806)
2026-10-09T01:41:25.8318321Z Updating files:  13% (1015/7806)
2026-10-09T01:41:25.8564330Z Updating files:  14% (1093/7806)
2026-10-09T01:41:25.8800257Z Updating files:  15% (1171/7806)
2026-10-09T01:41:25.9047495Z Updating files:  16% (1249/7806)
2026-10-09T01:41:26.0445197Z Updating files:  17% (1328/7806)
2026-10-09T01:41:26.0856088Z Updating files:  18% (1406/7806)
2026-10-09T01:41:26.1116796Z Updating files:  19% (1484/7806)
2026-10-09T01:41:26.1312925Z Updating files:  20% (1562/7806)
2026-10-09T01:41:26.1587362Z Updating files:  21% (1640/7806)
2026-10-09T01:41:26.1777892Z Updating files:  22% (1718/7806)
2026-10-09T01:41:26.2199075Z Updating files:  23% (1796/7806)
2026-10-09T01:41:26.2584788Z Updating files:  24% (1874/7806)
2026-10-09T01:41:26.2804851Z Updating files:  25% (1952/7806)
2026-10-09T01:41:26.3579043Z Updating files:  26% (2030/7806)
2026-10-09T01:41:26.3812747Z Updating files:  27% (2108/7806)
2026-10-09T01:41:26.4367209Z Updating files:  28% (2186/7806)
2026-10-09T01:41:26.4856808Z Updating files:  29% (2264/7806)
2026-10-09T01:41:26.5279270Z Updating files:  29% (2303/7806)
2026-10-09T01:41:26.5983079Z Updating files:  30% (2342/7806)
2026-10-09T01:41:26.6437320Z Updating files:  31% (2420/7806)
2026-10-09T01:41:26.7181946Z Updating files:  32% (2498/7806)
2026-10-09T01:41:26.8451673Z Updating files:  33% (2576/7806)
2026-10-09T01:41:26.8629525Z Updating files:  34% (2655/7806)
2026-10-09T01:41:26.8786226Z Updating files:  35% (2733/7806)
2026-10-09T01:41:26.8943469Z Updating files:  36% (2811/7806)
2026-10-09T01:41:26.9112024Z Updating files:  37% (2889/7806)
2026-10-09T01:41:26.9262752Z Updating files:  38% (2967/7806)
2026-10-09T01:41:26.9424169Z Updating files:  39% (3045/7806)
2026-10-09T01:41:26.9593124Z Updating files:  40% (3123/7806)
2026-10-09T01:41:27.0843966Z Updating files:  41% (3201/7806)
2026-10-09T01:41:27.1015447Z Updating files:  42% (3279/7806)
2026-10-09T01:41:27.1189678Z Updating files:  43% (3357/7806)
2026-10-09T01:41:27.1372712Z Updating files:  44% (3435/7806)
2026-10-09T01:41:27.5291004Z Updating files:  45% (3513/7806)
2026-10-09T01:41:27.6609329Z Updating files:  45% (3576/7806)
2026-10-09T01:41:27.6776351Z Updating files:  46% (3591/7806)
2026-10-09T01:41:27.6947496Z Updating files:  47% (3669/7806)
2026-10-09T01:41:27.7115073Z Updating files:  48% (3747/7806)
2026-10-09T01:41:27.7296372Z Updating files:  49% (3825/7806)
2026-10-09T01:41:27.7483582Z Updating files:  50% (3903/7806)
2026-10-09T01:41:27.7651920Z Updating files:  51% (3982/7806)
2026-10-09T01:41:27.7827713Z Updating files:  52% (4060/7806)
2026-10-09T01:41:27.7998604Z Updating files:  53% (4138/7806)
2026-10-09T01:41:27.8172052Z Updating files:  54% (4216/7806)
2026-10-09T01:41:27.8377483Z Updating files:  55% (4294/7806)
2026-10-09T01:41:27.8681154Z Updating files:  56% (4372/7806)
2026-10-09T01:41:27.8871062Z Updating files:  57% (4450/7806)
2026-10-09T01:41:27.9064530Z Updating files:  58% (4528/7806)
2026-10-09T01:41:27.9261579Z Updating files:  59% (4606/7806)
2026-10-09T01:41:27.9455499Z Updating files:  60% (4684/7806)
2026-10-09T01:41:28.0018181Z Updating files:  61% (4762/7806)
2026-10-09T01:41:28.0640363Z Updating files:  62% (4840/7806)
2026-10-09T01:41:28.1310052Z Updating files:  63% (4918/7806)
2026-10-09T01:41:28.1720619Z Updating files:  64% (4996/7806)
2026-10-09T01:41:28.2308340Z Updating files:  65% (5074/7806)
2026-10-09T01:41:28.3681274Z Updating files:  66% (5152/7806)
2026-10-09T01:41:28.5281644Z Updating files:  67% (5231/7806)
2026-10-09T01:41:28.5595447Z Updating files:  67% (5300/7806)
2026-10-09T01:41:28.7119950Z Updating files:  68% (5309/7806)
2026-10-09T01:41:28.7466895Z Updating files:  69% (5387/7806)
2026-10-09T01:41:28.8456793Z Updating files:  70% (5465/7806)
2026-10-09T01:41:28.9018168Z Updating files:  71% (5543/7806)
2026-10-09T01:41:28.9760621Z Updating files:  72% (5621/7806)
2026-10-09T01:41:29.0770010Z Updating files:  73% (5699/7806)
2026-10-09T01:41:29.1575949Z Updating files:  74% (5777/7806)
2026-10-09T01:41:29.2170374Z Updating files:  75% (5855/7806)
2026-10-09T01:41:29.2776170Z Updating files:  76% (5933/7806)
2026-10-09T01:41:29.3388811Z Updating files:  77% (6011/7806)
2026-10-09T01:41:29.3959223Z Updating files:  78% (6089/7806)
2026-10-09T01:41:29.4374896Z Updating files:  79% (6167/7806)
2026-10-09T01:41:29.4641670Z Updating files:  80% (6245/7806)
2026-10-09T01:41:29.5087253Z Updating files:  81% (6323/7806)
2026-10-09T01:41:29.5095657Z Updating files:  81% (6397/7806)
2026-10-09T01:41:29.5465368Z Updating files:  82% (6401/7806)
2026-10-09T01:41:29.6084861Z Updating files:  83% (6479/7806)
2026-10-09T01:41:29.6342331Z Updating files:  84% (6558/7806)
2026-10-09T01:41:29.6528408Z Updating files:  85% (6636/7806)
2026-10-09T01:41:29.7163384Z Updating files:  86% (6714/7806)
2026-10-09T01:41:29.7464555Z Updating files:  87% (6792/7806)
2026-10-09T01:41:29.7681762Z Updating files:  88% (6870/7806)
2026-10-09T01:41:29.8050058Z Updating files:  89% (6948/7806)
2026-10-09T01:41:29.8314851Z Updating files:  90% (7026/7806)
2026-10-09T01:41:29.8518311Z Updating files:  91% (7104/7806)
2026-10-09T01:41:29.8702392Z Updating files:  92% (7182/7806)
2026-10-09T01:41:29.8906619Z Updating files:  93% (7260/7806)
2026-10-09T01:41:29.9088061Z Updating files:  94% (7338/7806)
2026-10-09T01:41:29.9273193Z Updating files:  95% (7416/7806)
2026-10-09T01:41:29.9448893Z Updating files:  96% (7494/7806)
2026-10-09T01:41:29.9634772Z Updating files:  97% (7572/7806)
2026-10-09T01:41:29.9832674Z Updating files:  98% (7650/7806)
2026-10-09T01:41:30.0071263Z Updating files:  99% (7728/7806)
2026-10-09T01:41:30.0071922Z Updating files: 100% (7806/7806)
2026-10-09T01:41:30.0072221Z Updating files: 100% (7806/7806), done.
2026-10-09T01:41:30.0270034Z Note: switching to '4f1e6129cea612da657ae389a8e59db217581394'.
2026-10-09T01:41:30.0270469Z 
2026-10-09T01:41:30.0270761Z You are in 'detached HEAD' state. You can look around, make experimental
2026-10-09T01:41:30.0271258Z changes and commit them, and you can discard any commits you make in this
2026-10-09T01:41:30.0271965Z state without impacting any branches by switching back to a branch.
2026-10-09T01:41:30.0272260Z 
2026-10-09T01:41:30.0272469Z If you want to create a new branch to retain commits you create, you may
2026-10-09T01:41:30.0272936Z do so (now or later) by using -c with the switch command. Example:
2026-10-09T01:41:30.0273182Z 
2026-10-09T01:41:30.0273314Z   git switch -c <new-branch-name>
2026-10-09T01:41:30.0273581Z 
2026-10-09T01:41:30.0274359Z Or undo this operation with:
2026-10-09T01:41:30.0274592Z 
2026-10-09T01:41:30.0274697Z   git switch -
2026-10-09T01:41:30.0274828Z 
2026-10-09T01:41:30.0275080Z Turn off this advice by setting config variable advice.detachedHead to false
2026-10-09T01:41:30.0275438Z 
2026-10-09T01:41:30.0275675Z HEAD is now at 4f1e612 docs: submit task 055 evidence and remaining acceptance gaps
2026-10-09T01:41:30.1366473Z ##[endgroup]
2026-10-09T01:41:30.1774893Z [command]"C:\Program Files\Git\bin\git.exe" log -1 --format=%H
2026-10-09T01:41:30.2035845Z 4f1e6129cea612da657ae389a8e59db217581394
2026-10-09T01:41:30.2468817Z ##[group]Run python -c "import pathlib,re,subprocess; sha=pathlib.Path('docs/verification/equipment-save-transaction-platform/code-fixed-sha.txt').read_text().strip(); assert re.fullmatch('[0-9a-f]{40}',sha); subprocess.run(['git','fetch','--no-tags','--depth=1','origin',sha],check=True); subprocess.run(['git','checkout','--detach',sha],check=True)"
2026-10-09T01:41:30.2471295Z [36;1mpython -c "import pathlib,re,subprocess; sha=pathlib.Path('docs/verification/equipment-save-transaction-platform/code-fixed-sha.txt').read_text().strip(); assert re.fullmatch('[0-9a-f]{40}',sha); subprocess.run(['git','fetch','--no-tags','--depth=1','origin',sha],check=True); subprocess.run(['git','checkout','--detach',sha],check=True)"[0m
2026-10-09T01:41:30.2496493Z shell: C:\Program Files\Git\bin\bash.EXE --noprofile --norc -e -o pipefail {0}
2026-10-09T01:41:30.2496885Z env:
2026-10-09T01:41:30.2497063Z   GODOT_VERSION: 4.7.2-stable
2026-10-09T01:41:30.2497280Z   PYTHONUTF8: 1
2026-10-09T01:41:30.2497503Z   GIT_CONFIG_COUNT: 1
2026-10-09T01:41:30.2497711Z   GIT_CONFIG_KEY_0: core.autocrlf
2026-10-09T01:41:30.2498152Z   GIT_CONFIG_VALUE_0: false
2026-10-09T01:41:30.2498360Z ##[endgroup]
2026-10-09T01:41:50.1043703Z From https://github.com/hiroshitanaka-creator/RPG-maker
2026-10-09T01:41:50.1044401Z  * branch            adbd4b1b1fde34a0fa8f5a48388571e25e996eb3 -> FETCH_HEAD
2026-10-09T01:41:50.2002030Z Warning: you are leaving 1 commit behind, not connected to
2026-10-09T01:41:50.2002780Z any of your branches:
2026-10-09T01:41:50.2003068Z 
2026-10-09T01:41:50.2003434Z   4f1e612 docs: submit task 055 evidence and remaining acceptance gaps
2026-10-09T01:41:50.2004502Z 
2026-10-09T01:41:50.2004921Z If you want to keep it by creating a new branch, this may be a good time
2026-10-09T01:41:50.2005708Z to do so with:
2026-10-09T01:41:50.2005949Z 
2026-10-09T01:41:50.2006173Z  git branch <new-branch-name> 4f1e612
2026-10-09T01:41:50.2006574Z 
2026-10-09T01:41:50.2085979Z HEAD is now at adbd4b1 最新CIの浅いcheckoutでもscope用固定commitを明示取得する
2026-10-09T01:41:50.2476905Z ##[group]Run actions/setup-python@v5
2026-10-09T01:41:50.2477246Z with:
2026-10-09T01:41:50.2477441Z   python-version: 3.12
2026-10-09T01:41:50.2477652Z   check-latest: false
2026-10-09T01:41:50.2480414Z   token: ***
2026-10-09T01:41:50.2480632Z   update-environment: true
2026-10-09T01:41:50.2480867Z   allow-prereleases: false
2026-10-09T01:41:50.2481079Z   freethreaded: false
2026-10-09T01:41:50.2481271Z env:
2026-10-09T01:41:50.2481649Z   GODOT_VERSION: 4.7.2-stable
2026-10-09T01:41:50.2481872Z   PYTHONUTF8: 1
2026-10-09T01:41:50.2482052Z   GIT_CONFIG_COUNT: 1
2026-10-09T01:41:50.2482253Z   GIT_CONFIG_KEY_0: core.autocrlf
2026-10-09T01:41:50.2482481Z   GIT_CONFIG_VALUE_0: false
2026-10-09T01:41:50.2482684Z ##[endgroup]
2026-10-09T01:41:50.4092419Z ##[group]Installed versions
2026-10-09T01:41:50.4295823Z (node:7240) [DEP0040] DeprecationWarning: The `punycode` module is deprecated. Please use a userland alternative instead.
2026-10-09T01:41:50.4296812Z (Use `node --trace-deprecation ...` to show where the warning was created)
2026-10-09T01:41:50.4297582Z Successfully set up CPython (3.12.10)
2026-10-09T01:41:50.4298529Z ##[endgroup]
2026-10-09T01:41:50.4600081Z ##[group]Run ilammy/msvc-dev-cmd@v1
2026-10-09T01:41:50.4600397Z with:
2026-10-09T01:41:50.4600577Z   arch: x64
2026-10-09T01:41:50.4600745Z env:
2026-10-09T01:41:50.4600911Z   GODOT_VERSION: 4.7.2-stable
2026-10-09T01:41:50.4601138Z   PYTHONUTF8: 1
2026-10-09T01:41:50.4601319Z   GIT_CONFIG_COUNT: 1
2026-10-09T01:41:50.4601523Z   GIT_CONFIG_KEY_0: core.autocrlf
2026-10-09T01:41:50.4601752Z   GIT_CONFIG_VALUE_0: false
2026-10-09T01:41:50.4602062Z   pythonLocation: C:\hostedtoolcache\windows\Python\3.12.10\x64
2026-10-09T01:41:50.4602543Z   PKG_CONFIG_PATH: C:\hostedtoolcache\windows\Python\3.12.10\x64/lib/pkgconfig
2026-10-09T01:41:50.4603006Z   Python_ROOT_DIR: C:\hostedtoolcache\windows\Python\3.12.10\x64
2026-10-09T01:41:50.4603422Z   Python2_ROOT_DIR: C:\hostedtoolcache\windows\Python\3.12.10\x64
2026-10-09T01:41:50.4603825Z   Python3_ROOT_DIR: C:\hostedtoolcache\windows\Python\3.12.10\x64
2026-10-09T01:41:50.4604576Z ##[endgroup]
2026-10-09T01:41:50.8819815Z Found with vswhere: C:\Program Files\Microsoft Visual Studio\18\Enterprise\VC\Auxiliary\Build\vcvarsall.bat
2026-10-09T01:41:55.3569901Z ##[group]Environment variables
2026-10-09T01:41:55.3570435Z Setting CommandPromptType
2026-10-09T01:41:55.3580265Z Setting DevEnvDir
2026-10-09T01:41:55.3583902Z Setting ExtensionSdkDir
2026-10-09T01:41:55.3586849Z Setting EXTERNAL_INCLUDE
2026-10-09T01:41:55.3594672Z Setting Framework40Version
2026-10-09T01:41:55.3597342Z Setting FrameworkDir
2026-10-09T01:41:55.3626358Z Setting FrameworkDir64
2026-10-09T01:41:55.3627241Z Setting FrameworkVersion
2026-10-09T01:41:55.3627853Z Setting FrameworkVersion64
2026-10-09T01:41:55.3635394Z Setting FSHARPINSTALLDIR
2026-10-09T01:41:55.3635885Z Setting HTMLHelpDir
2026-10-09T01:41:55.3636290Z Setting INCLUDE
2026-10-09T01:41:55.3636652Z Setting LIB
2026-10-09T01:41:55.3637007Z Setting LIBPATH
2026-10-09T01:41:55.3638426Z Setting llvmArm64
2026-10-09T01:41:55.3638815Z Setting llvmX64
2026-10-09T01:41:55.3639190Z Setting NETFXSDKDir
2026-10-09T01:41:55.3639628Z Setting Path
2026-10-09T01:41:55.3639994Z Setting Platform
2026-10-09T01:41:55.3640358Z Setting UCRTVersion
2026-10-09T01:41:55.3642370Z Setting UniversalCRTSdkDir
2026-10-09T01:41:55.3645185Z Setting use_x64_llvm
2026-10-09T01:41:55.3648381Z Setting VCIDEInstallDir
2026-10-09T01:41:55.3650537Z Setting VCINSTALLDIR
2026-10-09T01:41:55.3652588Z Setting VCPKG_ROOT
2026-10-09T01:41:55.3654719Z Setting VCToolsInstallDir
2026-10-09T01:41:55.3656952Z Setting VCToolsRedistDir
2026-10-09T01:41:55.3658929Z Setting VCToolsVersion
2026-10-09T01:41:55.3660876Z Setting VisualStudioVersion
2026-10-09T01:41:55.3663310Z Setting VS180COMNTOOLS
2026-10-09T01:41:55.3665269Z Setting VSCMD_ARG_app_plat
2026-10-09T01:41:55.3667186Z Setting VSCMD_ARG_HOST_ARCH
2026-10-09T01:41:55.3669128Z Setting VSCMD_ARG_TGT_ARCH
2026-10-09T01:41:55.3671294Z Setting VSCMD_VER
2026-10-09T01:41:55.3673359Z Setting VSINSTALLDIR
2026-10-09T01:41:55.3675509Z Setting VSSDK150INSTALL
2026-10-09T01:41:55.3677273Z Setting VSSDKINSTALL
2026-10-09T01:41:55.3679495Z Setting WindowsLibPath
2026-10-09T01:41:55.3681503Z Setting WindowsSdkBinPath
2026-10-09T01:41:55.3684073Z Setting WindowsSdkDir
2026-10-09T01:41:55.3686056Z Setting WindowsSDKLibVersion
2026-10-09T01:41:55.3688013Z Setting WindowsSdkVerBinPath
2026-10-09T01:41:55.3689959Z Setting WindowsSDKVersion
2026-10-09T01:41:55.3693027Z Setting WindowsSDK_ExecutablePath_x64
2026-10-09T01:41:55.3694789Z Setting WindowsSDK_ExecutablePath_x86
2026-10-09T01:41:55.3696846Z Setting __DOTNET_ADD_64BIT
2026-10-09T01:41:55.3698912Z Setting __DOTNET_PREFERRED_BITNESS
2026-10-09T01:41:55.3700923Z Setting __VSCMD_PREINIT_PATH
2026-10-09T01:41:55.3704015Z ##[endgroup]
2026-10-09T01:41:55.3704517Z Configured Developer Command Prompt
2026-10-09T01:41:55.3944780Z ##[group]Run git fetch --no-tags --depth=1 origin e003b126de6695fa131e07a3db14c3011fb74f2e b17f2b475ff8c58924720ea24cce8f205422c50b
2026-10-09T01:41:55.3945788Z [36;1mgit fetch --no-tags --depth=1 origin e003b126de6695fa131e07a3db14c3011fb74f2e b17f2b475ff8c58924720ea24cce8f205422c50b[0m
2026-10-09T01:41:55.3962548Z shell: C:\Program Files\Git\bin\bash.EXE --noprofile --norc -e -o pipefail {0}
2026-10-09T01:41:55.3962933Z env:
2026-10-09T01:41:55.3963109Z   GODOT_VERSION: 4.7.2-stable
2026-10-09T01:41:55.3963332Z   PYTHONUTF8: 1
2026-10-09T01:41:55.3963518Z   GIT_CONFIG_COUNT: 1
2026-10-09T01:41:55.3963727Z   GIT_CONFIG_KEY_0: core.autocrlf
2026-10-09T01:41:55.3963962Z   GIT_CONFIG_VALUE_0: false
2026-10-09T01:41:55.3964258Z   pythonLocation: C:\hostedtoolcache\windows\Python\3.12.10\x64
2026-10-09T01:41:55.3964711Z   PKG_CONFIG_PATH: C:\hostedtoolcache\windows\Python\3.12.10\x64/lib/pkgconfig
2026-10-09T01:41:55.3965193Z   Python_ROOT_DIR: C:\hostedtoolcache\windows\Python\3.12.10\x64
2026-10-09T01:41:55.3965592Z   Python2_ROOT_DIR: C:\hostedtoolcache\windows\Python\3.12.10\x64
2026-10-09T01:41:55.3965989Z   Python3_ROOT_DIR: C:\hostedtoolcache\windows\Python\3.12.10\x64
2026-10-09T01:41:55.3966316Z   CommandPromptType: Native
2026-10-09T01:41:55.3966654Z   DevEnvDir: C:\Program Files\Microsoft Visual Studio\18\Enterprise\Common7\IDE\
2026-10-09T01:41:55.3967202Z   ExtensionSdkDir: C:\Program Files (x86)\Microsoft SDKs\Windows Kits\10\ExtensionSDKs
2026-10-09T01:41:55.3969582Z   EXTERNAL_INCLUDE: C:\Program Files\Microsoft Visual Studio\18\Enterprise\VC\Tools\MSVC\14.51.36231\include;C:\Program Files\Microsoft Visual Studio\18\Enterprise\VC\Tools\MSVC\14.51.36231\ATLMFC\include;C:\Program Files\Microsoft Visual Studio\18\Enterprise\VC\Auxiliary\VS\include;C:\Program Files (x86)\Windows Kits\10\include\10.0.26100.0\ucrt;C:\Program Files (x86)\Windows Kits\10\\include\10.0.26100.0\\um;C:\Program Files (x86)\Windows Kits\10\\include\10.0.26100.0\\shared;C:\Program Files (x86)\Windows Kits\10\\include\10.0.26100.0\\winrt;C:\Program Files (x86)\Windows Kits\10\\include\10.0.26100.0\\cppwinrt;C:\Program Files (x86)\Windows Kits\NETFXSDK\4.8.1\include\um
2026-10-09T01:41:55.3971952Z   Framework40Version: v4.0
2026-10-09T01:41:55.3972209Z   FrameworkDir: C:\Windows\Microsoft.NET\Framework64\
2026-10-09T01:41:55.3973102Z   FrameworkDir64: C:\Windows\Microsoft.NET\Framework64\
2026-10-09T01:41:55.3973397Z   FrameworkVersion: v4.0.30319
2026-10-09T01:41:55.3973622Z   FrameworkVersion64: v4.0.30319
2026-10-09T01:41:55.3974138Z   FSHARPINSTALLDIR: C:\Program Files\Microsoft Visual Studio\18\Enterprise\Common7\IDE\CommonExtensions\Microsoft\FSharp\Tools
2026-10-09T01:41:55.3974724Z   HTMLHelpDir: C:\Program Files (x86)\HTML Help Workshop
2026-10-09T01:41:55.3976952Z   INCLUDE: C:\Program Files\Microsoft Visual Studio\18\Enterprise\VC\Tools\MSVC\14.51.36231\include;C:\Program Files\Microsoft Visual Studio\18\Enterprise\VC\Tools\MSVC\14.51.36231\ATLMFC\include;C:\Program Files\Microsoft Visual Studio\18\Enterprise\VC\Auxiliary\VS\include;C:\Program Files (x86)\Windows Kits\10\include\10.0.26100.0\ucrt;C:\Program Files (x86)\Windows Kits\10\\include\10.0.26100.0\\um;C:\Program Files (x86)\Windows Kits\10\\include\10.0.26100.0\\shared;C:\Program Files (x86)\Windows Kits\10\\include\10.0.26100.0\\winrt;C:\Program Files (x86)\Windows Kits\10\\include\10.0.26100.0\\cppwinrt;C:\Program Files (x86)\Windows Kits\NETFXSDK\4.8.1\include\um
2026-10-09T01:41:55.3980144Z   LIB: C:\Program Files\Microsoft Visual Studio\18\Enterprise\VC\Tools\MSVC\14.51.36231\ATLMFC\lib\x64;C:\Program Files\Microsoft Visual Studio\18\Enterprise\VC\Tools\MSVC\14.51.36231\lib\x64;C:\Program Files (x86)\Windows Kits\NETFXSDK\4.8.1\lib\um\x64;C:\Program Files (x86)\Windows Kits\10\lib\10.0.26100.0\ucrt\x64;C:\Program Files (x86)\Windows Kits\10\\lib\10.0.26100.0\\um\x64
2026-10-09T01:41:55.3984264Z   LIBPATH: C:\Program Files\Microsoft Visual Studio\18\Enterprise\VC\Tools\MSVC\14.51.36231\ATLMFC\lib\x64;C:\Program Files\Microsoft Visual Studio\18\Enterprise\VC\Tools\MSVC\14.51.36231\lib\x64;C:\Program Files\Microsoft Visual Studio\18\Enterprise\VC\Tools\MSVC\14.51.36231\lib\x86\store\references;C:\Program Files (x86)\Windows Kits\10\UnionMetadata\10.0.26100.0;C:\Program Files (x86)\Windows Kits\10\References\10.0.26100.0;C:\Windows\Microsoft.NET\Framework64\v4.0.30319
2026-10-09T01:41:55.3986128Z   llvmArm64: C:\Program Files\Microsoft Visual Studio\18\Enterprise\VC\Tools\Llvm\ARM64\bin
2026-10-09T01:41:55.3986694Z   llvmX64: C:\Program Files\Microsoft Visual Studio\18\Enterprise\VC\Tools\Llvm\x64\bin
2026-10-09T01:41:55.3987179Z   NETFXSDKDir: C:\Program Files (x86)\Windows Kits\NETFXSDK\4.8.1\
2026-10-09T01:41:55.4002866Z   Path: C:\Program Files\Microsoft Visual Studio\18\Enterprise\VC\Tools\MSVC\14.51.36231\bin\HostX64\x64;C:\Program Files\Microsoft Visual Studio\18\Enterprise\Common7\IDE\VC\VCPackages;C:\Program Files\Microsoft Visual Studio\18\Enterprise\Common7\IDE\CommonExtensions\Microsoft\TestWindow;C:\Program Files\Microsoft Visual Studio\18\Enterprise\Common7\IDE\CommonExtensions\Microsoft\TeamFoundation\Team Explorer;C:\Program Files\Microsoft Visual Studio\18\Enterprise\MSBuild\Current\bin\Roslyn;C:\Program Files (x86)\Microsoft SDKs\Windows\v10.0A\bin\NETFX 4.8.1 Tools\x64\;C:\Program Files (x86)\HTML Help Workshop;C:\Program Files\Microsoft Visual Studio\18\Enterprise\Common7\IDE\CommonExtensions\Microsoft\FSharp\Tools;C:\Program Files\Microsoft Visual Studio\18\Enterprise\Team Tools\DiagnosticsHub\Collector;C:\Program Files\Microsoft Visual Studio\18\Enterprise\Common7\IDE\Extensions\Microsoft\CodeCoverage.Console;C:\Program Files (x86)\Windows Kits\10\bin\10.0.26100.0\\x64;C:\Program Files (x86)\Windows Kits\10\bin\\x64;C:\Program Files\Microsoft Visual Studio\18\Enterprise\\MSBuild\Current\Bin\amd64;C:\Windows\Microsoft.NET\Framework64\v4.0.30319;C:\Program Files\Microsoft Visual Studio\18\Enterprise\Common7\IDE\;C:\Program Files\Microsoft Visual Studio\18\Enterprise\Common7\Tools\;C:\Users\runneradmin\AppData\Roaming\Python\Python312\Scripts;C:\hostedtoolcache\windows\Python\3.12.10\x64\Scripts;C:\hostedtoolcache\windows\Python\3.12.10\x64;C:\Program Files\MongoDB\Server\7.0\bin;C:\vcpkg;C:\tools\zstd;C:\hostedtoolcache\windows\stack\3.11.1\x64;C:\cabal\bin;C:\\ghcup\bin;C:\mingw64\bin;C:\Program Files\dotnet;C:\Program Files\MySQL\MySQL Server 8.0\bin;C:\Program Files\R\R-4.6.1\bin\x64;C:\SeleniumWebDrivers\GeckoDriver;C:\SeleniumWebDrivers\EdgeDriver\;C:\SeleniumWebDrivers\ChromeDriver;C:\Program Files (x86)\sbt\bin;C:\Program Files (x86)\GitHub CLI;C:\Program Files\Git\bin;C:\Program Files (x86)\pipx_bin;C:\npm\prefix;C:\hostedtoolcache\windows\go\1.24.13\x64\bin;C:\hostedtoolcache\windows\Ruby\3.3.12\x64\bin;C:\Program Files\OpenSSL\bin;C:\tools\kotlinc\bin;C:\hostedtoolcache\windows\Java_Temurin-Hotspot_jdk\17.0.20-101\x64\bin;C:\Program Files\ImageMagick-7.1.2-Q16-HDRI;C:\Program Files\Microsoft SDKs\Azure\CLI2\wbin;C:\ProgramData\kind;C:\ProgramData\Chocolatey\bin;C:\Windows\system32;C:\Windows;C:\Windows\System32\Wbem;C:\Windows\System32\WindowsPowerShell\v1.0\;C:\Windows\System32\OpenSSH\;C:\Program Files\PowerShell\7\;C:\Program Files\Microsoft\Web Platform Installer\;C:\Program Files\Microsoft SQL Server\170\Tools\Binn\;C:\Program Files\Microsoft SQL Server\Client SDK\ODBC\170\Tools\Binn\;C:\Program Files\dotnet\;C:\Program Files (x86)\Windows Kits\10\Windows Performance Toolkit\;C:\Program Files (x86)\WiX Toolset v3.14\bin;C:\Program Files\Microsoft SQL Server\130\DTS\Binn\;C:\Program Files\Microsoft SQL Server\140\DTS\Binn\;C:\Program Files\Microsoft SQL Server\150\DTS\Binn\;C:\Program Files\Microsoft SQL Server\160\DTS\Binn\;C:\Program Files\Microsoft SQL Server\170\DTS\Binn\;C:\ProgramData\chocolatey\lib\pulumi\tools\Pulumi\bin;C:\Program Files\CMake\bin;C:\Strawberry\c\bin;C:\Strawberry\perl\site\bin;C:\Strawberry\perl\bin;C:\ProgramData\chocolatey\lib\maven\apache-maven-3.9.16\bin;C:\Program Files\Microsoft Service Fabric\bin\Fabric\Fabric.Code;C:\Program Files\Microsoft SDKs\Service Fabric\Tools\ServiceFabricLocalClusterManager;C:\Program Files\nodejs\;C:\Program Files\Git\cmd;C:\Program Files\Git\mingw64\bin;C:\Program Files\Git\usr\bin;C:\Program Files\GitHub CLI\;c:\tools\php;C:\Program Files\Amazon\AWSCLIV2\;C:\Program Files\Amazon\SessionManagerPlugin\bin\;C:\Program Files\Amazon\AWSSAMCLI\bin\;C:\Program Files\Microsoft SQL Server\130\Tools\Binn\;C:\Program Files\mongosh\;C:\Program Files\LLVM\bin;C:\Program Files (x86)\LLVM\bin;C:\Users\runneradmin\.dotnet\tools;C:\Users\runneradmin\.cargo\bin;C:\Users\runneradmin\AppData\Local\Microsoft\WindowsApps;C:\Program Files (x86)\Microsoft Visual Studio\Installer;C:\Program Files\Microsoft Visual Studio\18\Enterprise\VC\Tools\Llvm\x64\bin;C:\Program Files\Microsoft Visual Studio\18\Enterprise\Common7\IDE\CommonExtensions\Microsoft\CMake\CMake\bin;C:\Program Files\Microsoft Visual Studio\18\Enterprise\Common7\IDE\CommonExtensions\Microsoft\CMake\Ninja;C:\Program Files\Microsoft Visual Studio\18\Enterprise\Common7\IDE\VC\Linux\bin\ConnectionManagerExe;C:\Program Files\Microsoft Visual Studio\18\Enterprise\VC\vcpkg
2026-10-09T01:41:55.4018438Z   Platform: x64
2026-10-09T01:41:55.4018632Z   UCRTVersion: 10.0.26100.0
2026-10-09T01:41:55.4018927Z   UniversalCRTSdkDir: C:\Program Files (x86)\Windows Kits\10\
2026-10-09T01:41:55.4019243Z   use_x64_llvm: true
2026-10-09T01:41:55.4019589Z   VCIDEInstallDir: C:\Program Files\Microsoft Visual Studio\18\Enterprise\Common7\IDE\VC\
2026-10-09T01:41:55.4020104Z   VCINSTALLDIR: C:\Program Files\Microsoft Visual Studio\18\Enterprise\VC\
2026-10-09T01:41:55.4020572Z   VCPKG_ROOT: C:\Program Files\Microsoft Visual Studio\18\Enterprise\VC\vcpkg
2026-10-09T01:41:55.4021128Z   VCToolsInstallDir: C:\Program Files\Microsoft Visual Studio\18\Enterprise\VC\Tools\MSVC\14.51.36231\
2026-10-09T01:41:55.4021770Z   VCToolsRedistDir: C:\Program Files\Microsoft Visual Studio\18\Enterprise\VC\Redist\MSVC\14.51.36231\
2026-10-09T01:41:55.4022224Z   VCToolsVersion: 14.51.36231
2026-10-09T01:41:55.4022454Z   VisualStudioVersion: 18.0
2026-10-09T01:41:55.4022812Z   VS180COMNTOOLS: C:\Program Files\Microsoft Visual Studio\18\Enterprise\Common7\Tools\
2026-10-09T01:41:55.4023343Z   VSCMD_ARG_app_plat: Desktop
2026-10-09T01:41:55.4023562Z   VSCMD_ARG_HOST_ARCH: x64
2026-10-09T01:41:55.4023792Z   VSCMD_ARG_TGT_ARCH: x64
2026-10-09T01:41:55.4023984Z   VSCMD_VER: 18.10.2
2026-10-09T01:41:55.4024268Z   VSINSTALLDIR: C:\Program Files\Microsoft Visual Studio\18\Enterprise\
2026-10-09T01:41:55.4024738Z   VSSDK150INSTALL: C:\Program Files\Microsoft Visual Studio\18\Enterprise\VSSDK
2026-10-09T01:41:55.4025220Z   VSSDKINSTALL: C:\Program Files\Microsoft Visual Studio\18\Enterprise\VSSDK
2026-10-09T01:41:55.4025912Z   WindowsLibPath: C:\Program Files (x86)\Windows Kits\10\UnionMetadata\10.0.26100.0;C:\Program Files (x86)\Windows Kits\10\References\10.0.26100.0
2026-10-09T01:41:55.4026565Z   WindowsSdkBinPath: C:\Program Files (x86)\Windows Kits\10\bin\
2026-10-09T01:41:55.4026941Z   WindowsSdkDir: C:\Program Files (x86)\Windows Kits\10\
2026-10-09T01:41:55.4027240Z   WindowsSDKLibVersion: 10.0.26100.0\
2026-10-09T01:41:55.4027597Z   WindowsSdkVerBinPath: C:\Program Files (x86)\Windows Kits\10\bin\10.0.26100.0\
2026-10-09T01:41:55.4027972Z   WindowsSDKVersion: 10.0.26100.0\
2026-10-09T01:41:55.4028413Z   WindowsSDK_ExecutablePath_x64: C:\Program Files (x86)\Microsoft SDKs\Windows\v10.0A\bin\NETFX 4.8.1 Tools\x64\
2026-10-09T01:41:55.4029090Z   WindowsSDK_ExecutablePath_x86: C:\Program Files (x86)\Microsoft SDKs\Windows\v10.0A\bin\NETFX 4.8.1 Tools\
2026-10-09T01:41:55.4029539Z   __DOTNET_ADD_64BIT: 1
2026-10-09T01:41:55.4029739Z   __DOTNET_PREFERRED_BITNESS: 64
2026-10-09T01:41:55.4039585Z   __VSCMD_PREINIT_PATH: C:\Users\runneradmin\AppData\Roaming\Python\Python312\Scripts;C:\hostedtoolcache\windows\Python\3.12.10\x64\Scripts;C:\hostedtoolcache\windows\Python\3.12.10\x64;C:\Program Files\MongoDB\Server\7.0\bin;C:\vcpkg;C:\tools\zstd;C:\hostedtoolcache\windows\stack\3.11.1\x64;C:\cabal\bin;C:\\ghcup\bin;C:\mingw64\bin;C:\Program Files\dotnet;C:\Program Files\MySQL\MySQL Server 8.0\bin;C:\Program Files\R\R-4.6.1\bin\x64;C:\SeleniumWebDrivers\GeckoDriver;C:\SeleniumWebDrivers\EdgeDriver\;C:\SeleniumWebDrivers\ChromeDriver;C:\Program Files (x86)\sbt\bin;C:\Program Files (x86)\GitHub CLI;C:\Program Files\Git\bin;C:\Program Files (x86)\pipx_bin;C:\npm\prefix;C:\hostedtoolcache\windows\go\1.24.13\x64\bin;C:\hostedtoolcache\windows\Python\3.12.10\x64\Scripts;C:\hostedtoolcache\windows\Python\3.12.10\x64;C:\hostedtoolcache\windows\Ruby\3.3.12\x64\bin;C:\Program Files\OpenSSL\bin;C:\tools\kotlinc\bin;C:\hostedtoolcache\windows\Java_Temurin-Hotspot_jdk\17.0.20-101\x64\bin;C:\Program Files\ImageMagick-7.1.2-Q16-HDRI;C:\Program Files\Microsoft SDKs\Azure\CLI2\wbin;C:\ProgramData\kind;C:\ProgramData\Chocolatey\bin;C:\Windows\system32;C:\Windows;C:\Windows\System32\Wbem;C:\Windows\System32\WindowsPowerShell\v1.0\;C:\Windows\System32\OpenSSH\;C:\Program Files\PowerShell\7\;C:\Program Files\Microsoft\Web Platform Installer\;C:\Program Files\Microsoft SQL Server\170\Tools\Binn\;C:\Program Files\Microsoft SQL Server\Client SDK\ODBC\170\Tools\Binn\;C:\Program Files\dotnet\;C:\Program Files (x86)\Windows Kits\10\Windows Performance Toolkit\;C:\Program Files (x86)\WiX Toolset v3.14\bin;C:\Program Files\Microsoft SQL Server\130\DTS\Binn\;C:\Program Files\Microsoft SQL Server\140\DTS\Binn\;C:\Program Files\Microsoft SQL Server\150\DTS\Binn\;C:\Program Files\Microsoft SQL Server\160\DTS\Binn\;C:\Program Files\Microsoft SQL Server\170\DTS\Binn\;C:\ProgramData\chocolatey\lib\pulumi\tools\Pulumi\bin;C:\Program Files\CMake\bin;C:\Strawberry\c\bin;C:\Strawberry\perl\site\bin;C:\Strawberry\perl\bin;C:\ProgramData\chocolatey\lib\maven\apache-maven-3.9.16\bin;C:\Program Files\Microsoft Service Fabric\bin\Fabric\Fabric.Code;C:\Program Files\Microsoft SDKs\Service Fabric\Tools\ServiceFabricLocalClusterManager;C:\Program Files\nodejs\;C:\Program Files\Git\cmd;C:\Program Files\Git\mingw64\bin;C:\Program Files\Git\usr\bin;C:\Program Files\GitHub CLI\;c:\tools\php;C:\Program Files (x86)\sbt\bin;C:\Program Files\Amazon\AWSCLIV2\;C:\Program Files\Amazon\SessionManagerPlugin\bin\;C:\Program Files\Amazon\AWSSAMCLI\bin\;C:\Program Files\Microsoft SQL Server\130\Tools\Binn\;C:\Program Files\mongosh\;C:\Program Files\LLVM\bin;C:\Program Files (x86)\LLVM\bin;C:\Users\runneradmin\.dotnet\tools;C:\Users\runneradmin\.cargo\bin;C:\Users\runneradmin\AppData\Local\Microsoft\WindowsApps;C:\Program Files (x86)\Microsoft Visual Studio\Installer
2026-10-09T01:41:55.4049686Z ##[endgroup]
2026-10-09T01:42:13.7033002Z From https://github.com/hiroshitanaka-creator/RPG-maker
2026-10-09T01:42:13.7035193Z  * branch              e003b126de6695fa131e07a3db14c3011fb74f2e -> FETCH_HEAD
2026-10-09T01:42:13.7035684Z  * branch              b17f2b475ff8c58924720ea24cce8f205422c50b -> FETCH_HEAD
2026-10-09T01:42:13.7262200Z ##[group]Run python -m pip install scons==4.10.0
2026-10-09T01:42:13.7262600Z [36;1mpython -m pip install scons==4.10.0[0m
2026-10-09T01:42:13.7731251Z shell: C:\Program Files\PowerShell\7\pwsh.EXE -command ". '{0}'"
2026-10-09T01:42:13.7731680Z env:
2026-10-09T01:42:13.7731911Z   GODOT_VERSION: 4.7.2-stable
2026-10-09T01:42:13.7732195Z   PYTHONUTF8: 1
2026-10-09T01:42:13.7732427Z   GIT_CONFIG_COUNT: 1
2026-10-09T01:42:13.7732681Z   GIT_CONFIG_KEY_0: core.autocrlf
2026-10-09T01:42:13.7732981Z   GIT_CONFIG_VALUE_0: false
2026-10-09T01:42:13.7733360Z   pythonLocation: C:\hostedtoolcache\windows\Python\3.12.10\x64
2026-10-09T01:42:13.7734125Z   PKG_CONFIG_PATH: C:\hostedtoolcache\windows\Python\3.12.10\x64/lib/pkgconfig
2026-10-09T01:42:13.7734736Z   Python_ROOT_DIR: C:\hostedtoolcache\windows\Python\3.12.10\x64
2026-10-09T01:42:13.7735254Z   Python2_ROOT_DIR: C:\hostedtoolcache\windows\Python\3.12.10\x64
2026-10-09T01:42:13.7735799Z   Python3_ROOT_DIR: C:\hostedtoolcache\windows\Python\3.12.10\x64
2026-10-09T01:42:13.7736228Z   CommandPromptType: Native
2026-10-09T01:42:13.7736677Z   DevEnvDir: C:\Program Files\Microsoft Visual Studio\18\Enterprise\Common7\IDE\
2026-10-09T01:42:13.7737366Z   ExtensionSdkDir: C:\Program Files (x86)\Microsoft SDKs\Windows Kits\10\ExtensionSDKs
2026-10-09T01:42:13.7740640Z   EXTERNAL_INCLUDE: C:\Program Files\Microsoft Visual Studio\18\Enterprise\VC\Tools\MSVC\14.51.36231\include;C:\Program Files\Microsoft Visual Studio\18\Enterprise\VC\Tools\MSVC\14.51.36231\ATLMFC\include;C:\Program Files\Microsoft Visual Studio\18\Enterprise\VC\Auxiliary\VS\include;C:\Program Files (x86)\Windows Kits\10\include\10.0.26100.0\ucrt;C:\Program Files (x86)\Windows Kits\10\\include\10.0.26100.0\\um;C:\Program Files (x86)\Windows Kits\10\\include\10.0.26100.0\\shared;C:\Program Files (x86)\Windows Kits\10\\include\10.0.26100.0\\winrt;C:\Program Files (x86)\Windows Kits\10\\include\10.0.26100.0\\cppwinrt;C:\Program Files (x86)\Windows Kits\NETFXSDK\4.8.1\include\um
2026-10-09T01:42:13.7743283Z   Framework40Version: v4.0
2026-10-09T01:42:13.7743549Z   FrameworkDir: C:\Windows\Microsoft.NET\Framework64\
2026-10-09T01:42:13.7743881Z   FrameworkDir64: C:\Windows\Microsoft.NET\Framework64\
2026-10-09T01:42:13.7744186Z   FrameworkVersion: v4.0.30319
2026-10-09T01:42:13.7744428Z   FrameworkVersion64: v4.0.30319
2026-10-09T01:42:13.7744946Z   FSHARPINSTALLDIR: C:\Program Files\Microsoft Visual Studio\18\Enterprise\Common7\IDE\CommonExtensions\Microsoft\FSharp\Tools
2026-10-09T01:42:13.7745529Z   HTMLHelpDir: C:\Program Files (x86)\HTML Help Workshop
2026-10-09T01:42:13.7747757Z   INCLUDE: C:\Program Files\Microsoft Visual Studio\18\Enterprise\VC\Tools\MSVC\14.51.36231\include;C:\Program Files\Microsoft Visual Studio\18\Enterprise\VC\Tools\MSVC\14.51.36231\ATLMFC\include;C:\Program Files\Microsoft Visual Studio\18\Enterprise\VC\Auxiliary\VS\include;C:\Program Files (x86)\Windows Kits\10\include\10.0.26100.0\ucrt;C:\Program Files (x86)\Windows Kits\10\\include\10.0.26100.0\\um;C:\Program Files (x86)\Windows Kits\10\\include\10.0.26100.0\\shared;C:\Program Files (x86)\Windows Kits\10\\include\10.0.26100.0\\winrt;C:\Program Files (x86)\Windows Kits\10\\include\10.0.26100.0\\cppwinrt;C:\Program Files (x86)\Windows Kits\NETFXSDK\4.8.1\include\um
2026-10-09T01:42:13.7751724Z   LIB: C:\Program Files\Microsoft Visual Studio\18\Enterprise\VC\Tools\MSVC\14.51.36231\ATLMFC\lib\x64;C:\Program Files\Microsoft Visual Studio\18\Enterprise\VC\Tools\MSVC\14.51.36231\lib\x64;C:\Program Files (x86)\Windows Kits\NETFXSDK\4.8.1\lib\um\x64;C:\Program Files (x86)\Windows Kits\10\lib\10.0.26100.0\ucrt\x64;C:\Program Files (x86)\Windows Kits\10\\lib\10.0.26100.0\\um\x64
2026-10-09T01:42:13.7756066Z   LIBPATH: C:\Program Files\Microsoft Visual Studio\18\Enterprise\VC\Tools\MSVC\14.51.36231\ATLMFC\lib\x64;C:\Program Files\Microsoft Visual Studio\18\Enterprise\VC\Tools\MSVC\14.51.36231\lib\x64;C:\Program Files\Microsoft Visual Studio\18\Enterprise\VC\Tools\MSVC\14.51.36231\lib\x86\store\references;C:\Program Files (x86)\Windows Kits\10\UnionMetadata\10.0.26100.0;C:\Program Files (x86)\Windows Kits\10\References\10.0.26100.0;C:\Windows\Microsoft.NET\Framework64\v4.0.30319
2026-10-09T01:42:13.7757931Z   llvmArm64: C:\Program Files\Microsoft Visual Studio\18\Enterprise\VC\Tools\Llvm\ARM64\bin
2026-10-09T01:42:13.7758507Z   llvmX64: C:\Program Files\Microsoft Visual Studio\18\Enterprise\VC\Tools\Llvm\x64\bin
2026-10-09T01:42:13.7758991Z   NETFXSDKDir: C:\Program Files (x86)\Windows Kits\NETFXSDK\4.8.1\
2026-10-09T01:42:13.7774572Z   Path: C:\Program Files\Microsoft Visual Studio\18\Enterprise\VC\Tools\MSVC\14.51.36231\bin\HostX64\x64;C:\Program Files\Microsoft Visual Studio\18\Enterprise\Common7\IDE\VC\VCPackages;C:\Program Files\Microsoft Visual Studio\18\Enterprise\Common7\IDE\CommonExtensions\Microsoft\TestWindow;C:\Program Files\Microsoft Visual Studio\18\Enterprise\Common7\IDE\CommonExtensions\Microsoft\TeamFoundation\Team Explorer;C:\Program Files\Microsoft Visual Studio\18\Enterprise\MSBuild\Current\bin\Roslyn;C:\Program Files (x86)\Microsoft SDKs\Windows\v10.0A\bin\NETFX 4.8.1 Tools\x64\;C:\Program Files (x86)\HTML Help Workshop;C:\Program Files\Microsoft Visual Studio\18\Enterprise\Common7\IDE\CommonExtensions\Microsoft\FSharp\Tools;C:\Program Files\Microsoft Visual Studio\18\Enterprise\Team Tools\DiagnosticsHub\Collector;C:\Program Files\Microsoft Visual Studio\18\Enterprise\Common7\IDE\Extensions\Microsoft\CodeCoverage.Console;C:\Program Files (x86)\Windows Kits\10\bin\10.0.26100.0\\x64;C:\Program Files (x86)\Windows Kits\10\bin\\x64;C:\Program Files\Microsoft Visual Studio\18\Enterprise\\MSBuild\Current\Bin\amd64;C:\Windows\Microsoft.NET\Framework64\v4.0.30319;C:\Program Files\Microsoft Visual Studio\18\Enterprise\Common7\IDE\;C:\Program Files\Microsoft Visual Studio\18\Enterprise\Common7\Tools\;C:\Users\runneradmin\AppData\Roaming\Python\Python312\Scripts;C:\hostedtoolcache\windows\Python\3.12.10\x64\Scripts;C:\hostedtoolcache\windows\Python\3.12.10\x64;C:\Program Files\MongoDB\Server\7.0\bin;C:\vcpkg;C:\tools\zstd;C:\hostedtoolcache\windows\stack\3.11.1\x64;C:\cabal\bin;C:\\ghcup\bin;C:\mingw64\bin;C:\Program Files\dotnet;C:\Program Files\MySQL\MySQL Server 8.0\bin;C:\Program Files\R\R-4.6.1\bin\x64;C:\SeleniumWebDrivers\GeckoDriver;C:\SeleniumWebDrivers\EdgeDriver\;C:\SeleniumWebDrivers\ChromeDriver;C:\Program Files (x86)\sbt\bin;C:\Program Files (x86)\GitHub CLI;C:\Program Files\Git\bin;C:\Program Files (x86)\pipx_bin;C:\npm\prefix;C:\hostedtoolcache\windows\go\1.24.13\x64\bin;C:\hostedtoolcache\windows\Ruby\3.3.12\x64\bin;C:\Program Files\OpenSSL\bin;C:\tools\kotlinc\bin;C:\hostedtoolcache\windows\Java_Temurin-Hotspot_jdk\17.0.20-101\x64\bin;C:\Program Files\ImageMagick-7.1.2-Q16-HDRI;C:\Program Files\Microsoft SDKs\Azure\CLI2\wbin;C:\ProgramData\kind;C:\ProgramData\Chocolatey\bin;C:\Windows\system32;C:\Windows;C:\Windows\System32\Wbem;C:\Windows\System32\WindowsPowerShell\v1.0\;C:\Windows\System32\OpenSSH\;C:\Program Files\PowerShell\7\;C:\Program Files\Microsoft\Web Platform Installer\;C:\Program Files\Microsoft SQL Server\170\Tools\Binn\;C:\Program Files\Microsoft SQL Server\Client SDK\ODBC\170\Tools\Binn\;C:\Program Files\dotnet\;C:\Program Files (x86)\Windows Kits\10\Windows Performance Toolkit\;C:\Program Files (x86)\WiX Toolset v3.14\bin;C:\Program Files\Microsoft SQL Server\130\DTS\Binn\;C:\Program Files\Microsoft SQL Server\140\DTS\Binn\;C:\Program Files\Microsoft SQL Server\150\DTS\Binn\;C:\Program Files\Microsoft SQL Server\160\DTS\Binn\;C:\Program Files\Microsoft SQL Server\170\DTS\Binn\;C:\ProgramData\chocolatey\lib\pulumi\tools\Pulumi\bin;C:\Program Files\CMake\bin;C:\Strawberry\c\bin;C:\Strawberry\perl\site\bin;C:\Strawberry\perl\bin;C:\ProgramData\chocolatey\lib\maven\apache-maven-3.9.16\bin;C:\Program Files\Microsoft Service Fabric\bin\Fabric\Fabric.Code;C:\Program Files\Microsoft SDKs\Service Fabric\Tools\ServiceFabricLocalClusterManager;C:\Program Files\nodejs\;C:\Program Files\Git\cmd;C:\Program Files\Git\mingw64\bin;C:\Program Files\Git\usr\bin;C:\Program Files\GitHub CLI\;c:\tools\php;C:\Program Files\Amazon\AWSCLIV2\;C:\Program Files\Amazon\SessionManagerPlugin\bin\;C:\Program Files\Amazon\AWSSAMCLI\bin\;C:\Program Files\Microsoft SQL Server\130\Tools\Binn\;C:\Program Files\mongosh\;C:\Program Files\LLVM\bin;C:\Program Files (x86)\LLVM\bin;C:\Users\runneradmin\.dotnet\tools;C:\Users\runneradmin\.cargo\bin;C:\Users\runneradmin\AppData\Local\Microsoft\WindowsApps;C:\Program Files (x86)\Microsoft Visual Studio\Installer;C:\Program Files\Microsoft Visual Studio\18\Enterprise\VC\Tools\Llvm\x64\bin;C:\Program Files\Microsoft Visual Studio\18\Enterprise\Common7\IDE\CommonExtensions\Microsoft\CMake\CMake\bin;C:\Program Files\Microsoft Visual Studio\18\Enterprise\Common7\IDE\CommonExtensions\Microsoft\CMake\Ninja;C:\Program Files\Microsoft Visual Studio\18\Enterprise\Common7\IDE\VC\Linux\bin\ConnectionManagerExe;C:\Program Files\Microsoft Visual Studio\18\Enterprise\VC\vcpkg
2026-10-09T01:42:13.7789678Z   Platform: x64
2026-10-09T01:42:13.7789860Z   UCRTVersion: 10.0.26100.0
2026-10-09T01:42:13.7790145Z   UniversalCRTSdkDir: C:\Program Files (x86)\Windows Kits\10\
2026-10-09T01:42:13.7790665Z   use_x64_llvm: true
2026-10-09T01:42:13.7791011Z   VCIDEInstallDir: C:\Program Files\Microsoft Visual Studio\18\Enterprise\Common7\IDE\VC\
2026-10-09T01:42:13.7791520Z   VCINSTALLDIR: C:\Program Files\Microsoft Visual Studio\18\Enterprise\VC\
2026-10-09T01:42:13.7791982Z   VCPKG_ROOT: C:\Program Files\Microsoft Visual Studio\18\Enterprise\VC\vcpkg
2026-10-09T01:42:13.7792538Z   VCToolsInstallDir: C:\Program Files\Microsoft Visual Studio\18\Enterprise\VC\Tools\MSVC\14.51.36231\
2026-10-09T01:42:13.7793183Z   VCToolsRedistDir: C:\Program Files\Microsoft Visual Studio\18\Enterprise\VC\Redist\MSVC\14.51.36231\
2026-10-09T01:42:13.7793632Z   VCToolsVersion: 14.51.36231
2026-10-09T01:42:13.7793850Z   VisualStudioVersion: 18.0
2026-10-09T01:42:13.7794202Z   VS180COMNTOOLS: C:\Program Files\Microsoft Visual Studio\18\Enterprise\Common7\Tools\
2026-10-09T01:42:13.7794813Z   VSCMD_ARG_app_plat: Desktop
2026-10-09T01:42:13.7795029Z   VSCMD_ARG_HOST_ARCH: x64
2026-10-09T01:42:13.7795239Z   VSCMD_ARG_TGT_ARCH: x64
2026-10-09T01:42:13.7795433Z   VSCMD_VER: 18.10.2
2026-10-09T01:42:13.7795728Z   VSINSTALLDIR: C:\Program Files\Microsoft Visual Studio\18\Enterprise\
2026-10-09T01:42:13.7796205Z   VSSDK150INSTALL: C:\Program Files\Microsoft Visual Studio\18\Enterprise\VSSDK
2026-10-09T01:42:13.7796691Z   VSSDKINSTALL: C:\Program Files\Microsoft Visual Studio\18\Enterprise\VSSDK
2026-10-09T01:42:13.7797373Z   WindowsLibPath: C:\Program Files (x86)\Windows Kits\10\UnionMetadata\10.0.26100.0;C:\Program Files (x86)\Windows Kits\10\References\10.0.26100.0
2026-10-09T01:42:13.7798023Z   WindowsSdkBinPath: C:\Program Files (x86)\Windows Kits\10\bin\
2026-10-09T01:42:13.7798395Z   WindowsSdkDir: C:\Program Files (x86)\Windows Kits\10\
2026-10-09T01:42:13.7798692Z   WindowsSDKLibVersion: 10.0.26100.0\
2026-10-09T01:42:13.7799048Z   WindowsSdkVerBinPath: C:\Program Files (x86)\Windows Kits\10\bin\10.0.26100.0\
2026-10-09T01:42:13.7799426Z   WindowsSDKVersion: 10.0.26100.0\
2026-10-09T01:42:13.7799872Z   WindowsSDK_ExecutablePath_x64: C:\Program Files (x86)\Microsoft SDKs\Windows\v10.0A\bin\NETFX 4.8.1 Tools\x64\
2026-10-09T01:42:13.7800544Z   WindowsSDK_ExecutablePath_x86: C:\Program Files (x86)\Microsoft SDKs\Windows\v10.0A\bin\NETFX 4.8.1 Tools\
2026-10-09T01:42:13.7801331Z   __DOTNET_ADD_64BIT: 1
2026-10-09T01:42:13.7801535Z   __DOTNET_PREFERRED_BITNESS: 64
2026-10-09T01:42:13.7811161Z   __VSCMD_PREINIT_PATH: C:\Users\runneradmin\AppData\Roaming\Python\Python312\Scripts;C:\hostedtoolcache\windows\Python\3.12.10\x64\Scripts;C:\hostedtoolcache\windows\Python\3.12.10\x64;C:\Program Files\MongoDB\Server\7.0\bin;C:\vcpkg;C:\tools\zstd;C:\hostedtoolcache\windows\stack\3.11.1\x64;C:\cabal\bin;C:\\ghcup\bin;C:\mingw64\bin;C:\Program Files\dotnet;C:\Program Files\MySQL\MySQL Server 8.0\bin;C:\Program Files\R\R-4.6.1\bin\x64;C:\SeleniumWebDrivers\GeckoDriver;C:\SeleniumWebDrivers\EdgeDriver\;C:\SeleniumWebDrivers\ChromeDriver;C:\Program Files (x86)\sbt\bin;C:\Program Files (x86)\GitHub CLI;C:\Program Files\Git\bin;C:\Program Files (x86)\pipx_bin;C:\npm\prefix;C:\hostedtoolcache\windows\go\1.24.13\x64\bin;C:\hostedtoolcache\windows\Python\3.12.10\x64\Scripts;C:\hostedtoolcache\windows\Python\3.12.10\x64;C:\hostedtoolcache\windows\Ruby\3.3.12\x64\bin;C:\Program Files\OpenSSL\bin;C:\tools\kotlinc\bin;C:\hostedtoolcache\windows\Java_Temurin-Hotspot_jdk\17.0.20-101\x64\bin;C:\Program Files\ImageMagick-7.1.2-Q16-HDRI;C:\Program Files\Microsoft SDKs\Azure\CLI2\wbin;C:\ProgramData\kind;C:\ProgramData\Chocolatey\bin;C:\Windows\system32;C:\Windows;C:\Windows\System32\Wbem;C:\Windows\System32\WindowsPowerShell\v1.0\;C:\Windows\System32\OpenSSH\;C:\Program Files\PowerShell\7\;C:\Program Files\Microsoft\Web Platform Installer\;C:\Program Files\Microsoft SQL Server\170\Tools\Binn\;C:\Program Files\Microsoft SQL Server\Client SDK\ODBC\170\Tools\Binn\;C:\Program Files\dotnet\;C:\Program Files (x86)\Windows Kits\10\Windows Performance Toolkit\;C:\Program Files (x86)\WiX Toolset v3.14\bin;C:\Program Files\Microsoft SQL Server\130\DTS\Binn\;C:\Program Files\Microsoft SQL Server\140\DTS\Binn\;C:\Program Files\Microsoft SQL Server\150\DTS\Binn\;C:\Program Files\Microsoft SQL Server\160\DTS\Binn\;C:\Program Files\Microsoft SQL Server\170\DTS\Binn\;C:\ProgramData\chocolatey\lib\pulumi\tools\Pulumi\bin;C:\Program Files\CMake\bin;C:\Strawberry\c\bin;C:\Strawberry\perl\site\bin;C:\Strawberry\perl\bin;C:\ProgramData\chocolatey\lib\maven\apache-maven-3.9.16\bin;C:\Program Files\Microsoft Service Fabric\bin\Fabric\Fabric.Code;C:\Program Files\Microsoft SDKs\Service Fabric\Tools\ServiceFabricLocalClusterManager;C:\Program Files\nodejs\;C:\Program Files\Git\cmd;C:\Program Files\Git\mingw64\bin;C:\Program Files\Git\usr\bin;C:\Program Files\GitHub CLI\;c:\tools\php;C:\Program Files (x86)\sbt\bin;C:\Program Files\Amazon\AWSCLIV2\;C:\Program Files\Amazon\SessionManagerPlugin\bin\;C:\Program Files\Amazon\AWSSAMCLI\bin\;C:\Program Files\Microsoft SQL Server\130\Tools\Binn\;C:\Program Files\mongosh\;C:\Program Files\LLVM\bin;C:\Program Files (x86)\LLVM\bin;C:\Users\runneradmin\.dotnet\tools;C:\Users\runneradmin\.cargo\bin;C:\Users\runneradmin\AppData\Local\Microsoft\WindowsApps;C:\Program Files (x86)\Microsoft Visual Studio\Installer
2026-10-09T01:42:13.7820852Z ##[endgroup]
2026-10-09T01:42:17.7848966Z Collecting scons==4.10.0
2026-10-09T01:42:18.0095741Z   Downloading scons-4.10.0-py3-none-any.whl.metadata (9.7 kB)
2026-10-09T01:42:18.0530001Z Downloading scons-4.10.0-py3-none-any.whl (4.1 MB)
2026-10-09T01:42:18.4010903Z    ---------------------------------------- 4.1/4.1 MB 14.6 MB/s  0:00:00
2026-10-09T01:42:18.6702773Z Installing collected packages: scons
2026-10-09T01:42:21.1809728Z Successfully installed scons-4.10.0
2026-10-09T01:42:21.3703430Z ##[group]Run python -c "import os,shutil; shutil.copytree('addons/equipment_save_io',os.environ['RUNNER_TEMP']+'/native-evidence/shipped/equipment_save_io')"
2026-10-09T01:42:21.3704592Z [36;1mpython -c "import os,shutil; shutil.copytree('addons/equipment_save_io',os.environ['RUNNER_TEMP']+'/native-evidence/shipped/equipment_save_io')"[0m
2026-10-09T01:42:21.3777460Z shell: C:\Program Files\PowerShell\7\pwsh.EXE -command ". '{0}'"
2026-10-09T01:42:21.3777827Z env:
2026-10-09T01:42:21.3777999Z   GODOT_VERSION: 4.7.2-stable
2026-10-09T01:42:21.3778816Z   PYTHONUTF8: 1
2026-10-09T01:42:21.3779007Z   GIT_CONFIG_COUNT: 1
2026-10-09T01:42:21.3779207Z   GIT_CONFIG_KEY_0: core.autocrlf
2026-10-09T01:42:21.3779438Z   GIT_CONFIG_VALUE_0: false
2026-10-09T01:42:21.3779739Z   pythonLocation: C:\hostedtoolcache\windows\Python\3.12.10\x64
2026-10-09T01:42:21.3780191Z   PKG_CONFIG_PATH: C:\hostedtoolcache\windows\Python\3.12.10\x64/lib/pkgconfig
2026-10-09T01:42:21.3780684Z   Python_ROOT_DIR: C:\hostedtoolcache\windows\Python\3.12.10\x64
2026-10-09T01:42:21.3781080Z   Python2_ROOT_DIR: C:\hostedtoolcache\windows\Python\3.12.10\x64
2026-10-09T01:42:21.3781470Z   Python3_ROOT_DIR: C:\hostedtoolcache\windows\Python\3.12.10\x64
2026-10-09T01:42:21.3781788Z   CommandPromptType: Native
2026-10-09T01:42:21.3782127Z   DevEnvDir: C:\Program Files\Microsoft Visual Studio\18\Enterprise\Common7\IDE\
2026-10-09T01:42:21.3782641Z   ExtensionSdkDir: C:\Program Files (x86)\Microsoft SDKs\Windows Kits\10\ExtensionSDKs
2026-10-09T01:42:21.3785039Z   EXTERNAL_INCLUDE: C:\Program Files\Microsoft Visual Studio\18\Enterprise\VC\Tools\MSVC\14.51.36231\include;C:\Program Files\Microsoft Visual Studio\18\Enterprise\VC\Tools\MSVC\14.51.36231\ATLMFC\include;C:\Program Files\Microsoft Visual Studio\18\Enterprise\VC\Auxiliary\VS\include;C:\Program Files (x86)\Windows Kits\10\include\10.0.26100.0\ucrt;C:\Program Files (x86)\Windows Kits\10\\include\10.0.26100.0\\um;C:\Program Files (x86)\Windows Kits\10\\include\10.0.26100.0\\shared;C:\Program Files (x86)\Windows Kits\10\\include\10.0.26100.0\\winrt;C:\Program Files (x86)\Windows Kits\10\\include\10.0.26100.0\\cppwinrt;C:\Program Files (x86)\Windows Kits\NETFXSDK\4.8.1\include\um
2026-10-09T01:42:21.3787450Z   Framework40Version: v4.0
2026-10-09T01:42:21.3787715Z   FrameworkDir: C:\Windows\Microsoft.NET\Framework64\
2026-10-09T01:42:21.3788048Z   FrameworkDir64: C:\Windows\Microsoft.NET\Framework64\
2026-10-09T01:42:21.3788341Z   FrameworkVersion: v4.0.30319
2026-10-09T01:42:21.3788566Z   FrameworkVersion64: v4.0.30319
2026-10-09T01:42:21.3789070Z   FSHARPINSTALLDIR: C:\Program Files\Microsoft Visual Studio\18\Enterprise\Common7\IDE\CommonExtensions\Microsoft\FSharp\Tools
2026-10-09T01:42:21.3789659Z   HTMLHelpDir: C:\Program Files (x86)\HTML Help Workshop
2026-10-09T01:42:21.3791909Z   INCLUDE: C:\Program Files\Microsoft Visual Studio\18\Enterprise\VC\Tools\MSVC\14.51.36231\include;C:\Program Files\Microsoft Visual Studio\18\Enterprise\VC\Tools\MSVC\14.51.36231\ATLMFC\include;C:\Program Files\Microsoft Visual Studio\18\Enterprise\VC\Auxiliary\VS\include;C:\Program Files (x86)\Windows Kits\10\include\10.0.26100.0\ucrt;C:\Program Files (x86)\Windows Kits\10\\include\10.0.26100.0\\um;C:\Program Files (x86)\Windows Kits\10\\include\10.0.26100.0\\shared;C:\Program Files (x86)\Windows Kits\10\\include\10.0.26100.0\\winrt;C:\Program Files (x86)\Windows Kits\10\\include\10.0.26100.0\\cppwinrt;C:\Program Files (x86)\Windows Kits\NETFXSDK\4.8.1\include\um
2026-10-09T01:42:21.3795152Z   LIB: C:\Program Files\Microsoft Visual Studio\18\Enterprise\VC\Tools\MSVC\14.51.36231\ATLMFC\lib\x64;C:\Program Files\Microsoft Visual Studio\18\Enterprise\VC\Tools\MSVC\14.51.36231\lib\x64;C:\Program Files (x86)\Windows Kits\NETFXSDK\4.8.1\lib\um\x64;C:\Program Files (x86)\Windows Kits\10\lib\10.0.26100.0\ucrt\x64;C:\Program Files (x86)\Windows Kits\10\\lib\10.0.26100.0\\um\x64
2026-10-09T01:42:21.3799745Z   LIBPATH: C:\Program Files\Microsoft Visual Studio\18\Enterprise\VC\Tools\MSVC\14.51.36231\ATLMFC\lib\x64;C:\Program Files\Microsoft Visual Studio\18\Enterprise\VC\Tools\MSVC\14.51.36231\lib\x64;C:\Program Files\Microsoft Visual Studio\18\Enterprise\VC\Tools\MSVC\14.51.36231\lib\x86\store\references;C:\Program Files (x86)\Windows Kits\10\UnionMetadata\10.0.26100.0;C:\Program Files (x86)\Windows Kits\10\References\10.0.26100.0;C:\Windows\Microsoft.NET\Framework64\v4.0.30319
2026-10-09T01:42:21.3801615Z   llvmArm64: C:\Program Files\Microsoft Visual Studio\18\Enterprise\VC\Tools\Llvm\ARM64\bin
2026-10-09T01:42:21.3802307Z   llvmX64: C:\Program Files\Microsoft Visual Studio\18\Enterprise\VC\Tools\Llvm\x64\bin
2026-10-09T01:42:21.3802792Z   NETFXSDKDir: C:\Program Files (x86)\Windows Kits\NETFXSDK\4.8.1\
2026-10-09T01:42:21.3818589Z   Path: C:\Program Files\Microsoft Visual Studio\18\Enterprise\VC\Tools\MSVC\14.51.36231\bin\HostX64\x64;C:\Program Files\Microsoft Visual Studio\18\Enterprise\Common7\IDE\VC\VCPackages;C:\Program Files\Microsoft Visual Studio\18\Enterprise\Common7\IDE\CommonExtensions\Microsoft\TestWindow;C:\Program Files\Microsoft Visual Studio\18\Enterprise\Common7\IDE\CommonExtensions\Microsoft\TeamFoundation\Team Explorer;C:\Program Files\Microsoft Visual Studio\18\Enterprise\MSBuild\Current\bin\Roslyn;C:\Program Files (x86)\Microsoft SDKs\Windows\v10.0A\bin\NETFX 4.8.1 Tools\x64\;C:\Program Files (x86)\HTML Help Workshop;C:\Program Files\Microsoft Visual Studio\18\Enterprise\Common7\IDE\CommonExtensions\Microsoft\FSharp\Tools;C:\Program Files\Microsoft Visual Studio\18\Enterprise\Team Tools\DiagnosticsHub\Collector;C:\Program Files\Microsoft Visual Studio\18\Enterprise\Common7\IDE\Extensions\Microsoft\CodeCoverage.Console;C:\Program Files (x86)\Windows Kits\10\bin\10.0.26100.0\\x64;C:\Program Files (x86)\Windows Kits\10\bin\\x64;C:\Program Files\Microsoft Visual Studio\18\Enterprise\\MSBuild\Current\Bin\amd64;C:\Windows\Microsoft.NET\Framework64\v4.0.30319;C:\Program Files\Microsoft Visual Studio\18\Enterprise\Common7\IDE\;C:\Program Files\Microsoft Visual Studio\18\Enterprise\Common7\Tools\;C:\Users\runneradmin\AppData\Roaming\Python\Python312\Scripts;C:\hostedtoolcache\windows\Python\3.12.10\x64\Scripts;C:\hostedtoolcache\windows\Python\3.12.10\x64;C:\Program Files\MongoDB\Server\7.0\bin;C:\vcpkg;C:\tools\zstd;C:\hostedtoolcache\windows\stack\3.11.1\x64;C:\cabal\bin;C:\\ghcup\bin;C:\mingw64\bin;C:\Program Files\dotnet;C:\Program Files\MySQL\MySQL Server 8.0\bin;C:\Program Files\R\R-4.6.1\bin\x64;C:\SeleniumWebDrivers\GeckoDriver;C:\SeleniumWebDrivers\EdgeDriver\;C:\SeleniumWebDrivers\ChromeDriver;C:\Program Files (x86)\sbt\bin;C:\Program Files (x86)\GitHub CLI;C:\Program Files\Git\bin;C:\Program Files (x86)\pipx_bin;C:\npm\prefix;C:\hostedtoolcache\windows\go\1.24.13\x64\bin;C:\hostedtoolcache\windows\Ruby\3.3.12\x64\bin;C:\Program Files\OpenSSL\bin;C:\tools\kotlinc\bin;C:\hostedtoolcache\windows\Java_Temurin-Hotspot_jdk\17.0.20-101\x64\bin;C:\Program Files\ImageMagick-7.1.2-Q16-HDRI;C:\Program Files\Microsoft SDKs\Azure\CLI2\wbin;C:\ProgramData\kind;C:\ProgramData\Chocolatey\bin;C:\Windows\system32;C:\Windows;C:\Windows\System32\Wbem;C:\Windows\System32\WindowsPowerShell\v1.0\;C:\Windows\System32\OpenSSH\;C:\Program Files\PowerShell\7\;C:\Program Files\Microsoft\Web Platform Installer\;C:\Program Files\Microsoft SQL Server\170\Tools\Binn\;C:\Program Files\Microsoft SQL Server\Client SDK\ODBC\170\Tools\Binn\;C:\Program Files\dotnet\;C:\Program Files (x86)\Windows Kits\10\Windows Performance Toolkit\;C:\Program Files (x86)\WiX Toolset v3.14\bin;C:\Program Files\Microsoft SQL Server\130\DTS\Binn\;C:\Program Files\Microsoft SQL Server\140\DTS\Binn\;C:\Program Files\Microsoft SQL Server\150\DTS\Binn\;C:\Program Files\Microsoft SQL Server\160\DTS\Binn\;C:\Program Files\Microsoft SQL Server\170\DTS\Binn\;C:\ProgramData\chocolatey\lib\pulumi\tools\Pulumi\bin;C:\Program Files\CMake\bin;C:\Strawberry\c\bin;C:\Strawberry\perl\site\bin;C:\Strawberry\perl\bin;C:\ProgramData\chocolatey\lib\maven\apache-maven-3.9.16\bin;C:\Program Files\Microsoft Service Fabric\bin\Fabric\Fabric.Code;C:\Program Files\Microsoft SDKs\Service Fabric\Tools\ServiceFabricLocalClusterManager;C:\Program Files\nodejs\;C:\Program Files\Git\cmd;C:\Program Files\Git\mingw64\bin;C:\Program Files\Git\usr\bin;C:\Program Files\GitHub CLI\;c:\tools\php;C:\Program Files\Amazon\AWSCLIV2\;C:\Program Files\Amazon\SessionManagerPlugin\bin\;C:\Program Files\Amazon\AWSSAMCLI\bin\;C:\Program Files\Microsoft SQL Server\130\Tools\Binn\;C:\Program Files\mongosh\;C:\Program Files\LLVM\bin;C:\Program Files (x86)\LLVM\bin;C:\Users\runneradmin\.dotnet\tools;C:\Users\runneradmin\.cargo\bin;C:\Users\runneradmin\AppData\Local\Microsoft\WindowsApps;C:\Program Files (x86)\Microsoft Visual Studio\Installer;C:\Program Files\Microsoft Visual Studio\18\Enterprise\VC\Tools\Llvm\x64\bin;C:\Program Files\Microsoft Visual Studio\18\Enterprise\Common7\IDE\CommonExtensions\Microsoft\CMake\CMake\bin;C:\Program Files\Microsoft Visual Studio\18\Enterprise\Common7\IDE\CommonExtensions\Microsoft\CMake\Ninja;C:\Program Files\Microsoft Visual Studio\18\Enterprise\Common7\IDE\VC\Linux\bin\ConnectionManagerExe;C:\Program Files\Microsoft Visual Studio\18\Enterprise\VC\vcpkg
2026-10-09T01:42:21.3833620Z   Platform: x64
2026-10-09T01:42:21.3833801Z   UCRTVersion: 10.0.26100.0
2026-10-09T01:42:21.3834094Z   UniversalCRTSdkDir: C:\Program Files (x86)\Windows Kits\10\
2026-10-09T01:42:21.3834403Z   use_x64_llvm: true
2026-10-09T01:42:21.3834746Z   VCIDEInstallDir: C:\Program Files\Microsoft Visual Studio\18\Enterprise\Common7\IDE\VC\
2026-10-09T01:42:21.3835263Z   VCINSTALLDIR: C:\Program Files\Microsoft Visual Studio\18\Enterprise\VC\
2026-10-09T01:42:21.3835739Z   VCPKG_ROOT: C:\Program Files\Microsoft Visual Studio\18\Enterprise\VC\vcpkg
2026-10-09T01:42:21.3836308Z   VCToolsInstallDir: C:\Program Files\Microsoft Visual Studio\18\Enterprise\VC\Tools\MSVC\14.51.36231\
2026-10-09T01:42:21.3836967Z   VCToolsRedistDir: C:\Program Files\Microsoft Visual Studio\18\Enterprise\VC\Redist\MSVC\14.51.36231\
2026-10-09T01:42:21.3837420Z   VCToolsVersion: 14.51.36231
2026-10-09T01:42:21.3837647Z   VisualStudioVersion: 18.0
2026-10-09T01:42:21.3838434Z   VS180COMNTOOLS: C:\Program Files\Microsoft Visual Studio\18\Enterprise\Common7\Tools\
2026-10-09T01:42:21.3838839Z   VSCMD_ARG_app_plat: Desktop
2026-10-09T01:42:21.3839056Z   VSCMD_ARG_HOST_ARCH: x64
2026-10-09T01:42:21.3839259Z   VSCMD_ARG_TGT_ARCH: x64
2026-10-09T01:42:21.3839453Z   VSCMD_VER: 18.10.2
2026-10-09T01:42:21.3839735Z   VSINSTALLDIR: C:\Program Files\Microsoft Visual Studio\18\Enterprise\
2026-10-09T01:42:21.3840209Z   VSSDK150INSTALL: C:\Program Files\Microsoft Visual Studio\18\Enterprise\VSSDK
2026-10-09T01:42:21.3840699Z   VSSDKINSTALL: C:\Program Files\Microsoft Visual Studio\18\Enterprise\VSSDK
2026-10-09T01:42:21.3841381Z   WindowsLibPath: C:\Program Files (x86)\Windows Kits\10\UnionMetadata\10.0.26100.0;C:\Program Files (x86)\Windows Kits\10\References\10.0.26100.0
2026-10-09T01:42:21.3842034Z   WindowsSdkBinPath: C:\Program Files (x86)\Windows Kits\10\bin\
2026-10-09T01:42:21.3842415Z   WindowsSdkDir: C:\Program Files (x86)\Windows Kits\10\
2026-10-09T01:42:21.3842714Z   WindowsSDKLibVersion: 10.0.26100.0\
2026-10-09T01:42:21.3843075Z   WindowsSdkVerBinPath: C:\Program Files (x86)\Windows Kits\10\bin\10.0.26100.0\
2026-10-09T01:42:21.3843457Z   WindowsSDKVersion: 10.0.26100.0\
2026-10-09T01:42:21.3843907Z   WindowsSDK_ExecutablePath_x64: C:\Program Files (x86)\Microsoft SDKs\Windows\v10.0A\bin\NETFX 4.8.1 Tools\x64\
2026-10-09T01:42:21.3844589Z   WindowsSDK_ExecutablePath_x86: C:\Program Files (x86)\Microsoft SDKs\Windows\v10.0A\bin\NETFX 4.8.1 Tools\
2026-10-09T01:42:21.3845057Z   __DOTNET_ADD_64BIT: 1
2026-10-09T01:42:21.3845261Z   __DOTNET_PREFERRED_BITNESS: 64
2026-10-09T01:42:21.3854689Z   __VSCMD_PREINIT_PATH: C:\Users\runneradmin\AppData\Roaming\Python\Python312\Scripts;C:\hostedtoolcache\windows\Python\3.12.10\x64\Scripts;C:\hostedtoolcache\windows\Python\3.12.10\x64;C:\Program Files\MongoDB\Server\7.0\bin;C:\vcpkg;C:\tools\zstd;C:\hostedtoolcache\windows\stack\3.11.1\x64;C:\cabal\bin;C:\\ghcup\bin;C:\mingw64\bin;C:\Program Files\dotnet;C:\Program Files\MySQL\MySQL Server 8.0\bin;C:\Program Files\R\R-4.6.1\bin\x64;C:\SeleniumWebDrivers\GeckoDriver;C:\SeleniumWebDrivers\EdgeDriver\;C:\SeleniumWebDrivers\ChromeDriver;C:\Program Files (x86)\sbt\bin;C:\Program Files (x86)\GitHub CLI;C:\Program Files\Git\bin;C:\Program Files (x86)\pipx_bin;C:\npm\prefix;C:\hostedtoolcache\windows\go\1.24.13\x64\bin;C:\hostedtoolcache\windows\Python\3.12.10\x64\Scripts;C:\hostedtoolcache\windows\Python\3.12.10\x64;C:\hostedtoolcache\windows\Ruby\3.3.12\x64\bin;C:\Program Files\OpenSSL\bin;C:\tools\kotlinc\bin;C:\hostedtoolcache\windows\Java_Temurin-Hotspot_jdk\17.0.20-101\x64\bin;C:\Program Files\ImageMagick-7.1.2-Q16-HDRI;C:\Program Files\Microsoft SDKs\Azure\CLI2\wbin;C:\ProgramData\kind;C:\ProgramData\Chocolatey\bin;C:\Windows\system32;C:\Windows;C:\Windows\System32\Wbem;C:\Windows\System32\WindowsPowerShell\v1.0\;C:\Windows\System32\OpenSSH\;C:\Program Files\PowerShell\7\;C:\Program Files\Microsoft\Web Platform Installer\;C:\Program Files\Microsoft SQL Server\170\Tools\Binn\;C:\Program Files\Microsoft SQL Server\Client SDK\ODBC\170\Tools\Binn\;C:\Program Files\dotnet\;C:\Program Files (x86)\Windows Kits\10\Windows Performance Toolkit\;C:\Program Files (x86)\WiX Toolset v3.14\bin;C:\Program Files\Microsoft SQL Server\130\DTS\Binn\;C:\Program Files\Microsoft SQL Server\140\DTS\Binn\;C:\Program Files\Microsoft SQL Server\150\DTS\Binn\;C:\Program Files\Microsoft SQL Server\160\DTS\Binn\;C:\Program Files\Microsoft SQL Server\170\DTS\Binn\;C:\ProgramData\chocolatey\lib\pulumi\tools\Pulumi\bin;C:\Program Files\CMake\bin;C:\Strawberry\c\bin;C:\Strawberry\perl\site\bin;C:\Strawberry\perl\bin;C:\ProgramData\chocolatey\lib\maven\apache-maven-3.9.16\bin;C:\Program Files\Microsoft Service Fabric\bin\Fabric\Fabric.Code;C:\Program Files\Microsoft SDKs\Service Fabric\Tools\ServiceFabricLocalClusterManager;C:\Program Files\nodejs\;C:\Program Files\Git\cmd;C:\Program Files\Git\mingw64\bin;C:\Program Files\Git\usr\bin;C:\Program Files\GitHub CLI\;c:\tools\php;C:\Program Files (x86)\sbt\bin;C:\Program Files\Amazon\AWSCLIV2\;C:\Program Files\Amazon\SessionManagerPlugin\bin\;C:\Program Files\Amazon\AWSSAMCLI\bin\;C:\Program Files\Microsoft SQL Server\130\Tools\Binn\;C:\Program Files\mongosh\;C:\Program Files\LLVM\bin;C:\Program Files (x86)\LLVM\bin;C:\Users\runneradmin\.dotnet\tools;C:\Users\runneradmin\.cargo\bin;C:\Users\runneradmin\AppData\Local\Microsoft\WindowsApps;C:\Program Files (x86)\Microsoft Visual Studio\Installer
2026-10-09T01:42:21.3864664Z ##[endgroup]
2026-10-09T01:42:21.8237474Z ##[group]Run python native/equipment_save_io/build.py --platform "windows" --output "$RUNNER_TEMP/native-evidence/build"
2026-10-09T01:42:21.8238427Z [36;1mpython native/equipment_save_io/build.py --platform "windows" --output "$RUNNER_TEMP/native-evidence/build"[0m
2026-10-09T01:42:21.8255606Z shell: C:\Program Files\Git\bin\bash.EXE --noprofile --norc -e -o pipefail {0}
2026-10-09T01:42:21.8255999Z env:
2026-10-09T01:42:21.8256183Z   GODOT_VERSION: 4.7.2-stable
2026-10-09T01:42:21.8256403Z   PYTHONUTF8: 1
2026-10-09T01:42:21.8256585Z   GIT_CONFIG_COUNT: 1
2026-10-09T01:42:21.8256790Z   GIT_CONFIG_KEY_0: core.autocrlf
2026-10-09T01:42:21.8257016Z   GIT_CONFIG_VALUE_0: false
2026-10-09T01:42:21.8257302Z   pythonLocation: C:\hostedtoolcache\windows\Python\3.12.10\x64
2026-10-09T01:42:21.8257760Z   PKG_CONFIG_PATH: C:\hostedtoolcache\windows\Python\3.12.10\x64/lib/pkgconfig
2026-10-09T01:42:21.8258208Z   Python_ROOT_DIR: C:\hostedtoolcache\windows\Python\3.12.10\x64
2026-10-09T01:42:21.8258665Z   Python2_ROOT_DIR: C:\hostedtoolcache\windows\Python\3.12.10\x64
2026-10-09T01:42:21.8259052Z   Python3_ROOT_DIR: C:\hostedtoolcache\windows\Python\3.12.10\x64
2026-10-09T01:42:21.8259370Z   CommandPromptType: Native
2026-10-09T01:42:21.8259720Z   DevEnvDir: C:\Program Files\Microsoft Visual Studio\18\Enterprise\Common7\IDE\
2026-10-09T01:42:21.8260236Z   ExtensionSdkDir: C:\Program Files (x86)\Microsoft SDKs\Windows Kits\10\ExtensionSDKs
2026-10-09T01:42:21.8262622Z   EXTERNAL_INCLUDE: C:\Program Files\Microsoft Visual Studio\18\Enterprise\VC\Tools\MSVC\14.51.36231\include;C:\Program Files\Microsoft Visual Studio\18\Enterprise\VC\Tools\MSVC\14.51.36231\ATLMFC\include;C:\Program Files\Microsoft Visual Studio\18\Enterprise\VC\Auxiliary\VS\include;C:\Program Files (x86)\Windows Kits\10\include\10.0.26100.0\ucrt;C:\Program Files (x86)\Windows Kits\10\\include\10.0.26100.0\\um;C:\Program Files (x86)\Windows Kits\10\\include\10.0.26100.0\\shared;C:\Program Files (x86)\Windows Kits\10\\include\10.0.26100.0\\winrt;C:\Program Files (x86)\Windows Kits\10\\include\10.0.26100.0\\cppwinrt;C:\Program Files (x86)\Windows Kits\NETFXSDK\4.8.1\include\um
2026-10-09T01:42:21.8265412Z   Framework40Version: v4.0
2026-10-09T01:42:21.8265677Z   FrameworkDir: C:\Windows\Microsoft.NET\Framework64\
2026-10-09T01:42:21.8266310Z   FrameworkDir64: C:\Windows\Microsoft.NET\Framework64\
2026-10-09T01:42:21.8266617Z   FrameworkVersion: v4.0.30319
2026-10-09T01:42:21.8266846Z   FrameworkVersion64: v4.0.30319
2026-10-09T01:42:21.8267361Z   FSHARPINSTALLDIR: C:\Program Files\Microsoft Visual Studio\18\Enterprise\Common7\IDE\CommonExtensions\Microsoft\FSharp\Tools
2026-10-09T01:42:21.8267949Z   HTMLHelpDir: C:\Program Files (x86)\HTML Help Workshop
2026-10-09T01:42:21.8270193Z   INCLUDE: C:\Program Files\Microsoft Visual Studio\18\Enterprise\VC\Tools\MSVC\14.51.36231\include;C:\Program Files\Microsoft Visual Studio\18\Enterprise\VC\Tools\MSVC\14.51.36231\ATLMFC\include;C:\Program Files\Microsoft Visual Studio\18\Enterprise\VC\Auxiliary\VS\include;C:\Program Files (x86)\Windows Kits\10\include\10.0.26100.0\ucrt;C:\Program Files (x86)\Windows Kits\10\\include\10.0.26100.0\\um;C:\Program Files (x86)\Windows Kits\10\\include\10.0.26100.0\\shared;C:\Program Files (x86)\Windows Kits\10\\include\10.0.26100.0\\winrt;C:\Program Files (x86)\Windows Kits\10\\include\10.0.26100.0\\cppwinrt;C:\Program Files (x86)\Windows Kits\NETFXSDK\4.8.1\include\um
2026-10-09T01:42:21.8273398Z   LIB: C:\Program Files\Microsoft Visual Studio\18\Enterprise\VC\Tools\MSVC\14.51.36231\ATLMFC\lib\x64;C:\Program Files\Microsoft Visual Studio\18\Enterprise\VC\Tools\MSVC\14.51.36231\lib\x64;C:\Program Files (x86)\Windows Kits\NETFXSDK\4.8.1\lib\um\x64;C:\Program Files (x86)\Windows Kits\10\lib\10.0.26100.0\ucrt\x64;C:\Program Files (x86)\Windows Kits\10\\lib\10.0.26100.0\\um\x64
2026-10-09T01:42:21.8278255Z   LIBPATH: C:\Program Files\Microsoft Visual Studio\18\Enterprise\VC\Tools\MSVC\14.51.36231\ATLMFC\lib\x64;C:\Program Files\Microsoft Visual Studio\18\Enterprise\VC\Tools\MSVC\14.51.36231\lib\x64;C:\Program Files\Microsoft Visual Studio\18\Enterprise\VC\Tools\MSVC\14.51.36231\lib\x86\store\references;C:\Program Files (x86)\Windows Kits\10\UnionMetadata\10.0.26100.0;C:\Program Files (x86)\Windows Kits\10\References\10.0.26100.0;C:\Windows\Microsoft.NET\Framework64\v4.0.30319
2026-10-09T01:42:21.8280134Z   llvmArm64: C:\Program Files\Microsoft Visual Studio\18\Enterprise\VC\Tools\Llvm\ARM64\bin
2026-10-09T01:42:21.8280696Z   llvmX64: C:\Program Files\Microsoft Visual Studio\18\Enterprise\VC\Tools\Llvm\x64\bin
2026-10-09T01:42:21.8281184Z   NETFXSDKDir: C:\Program Files (x86)\Windows Kits\NETFXSDK\4.8.1\
2026-10-09T01:42:21.8296989Z   Path: C:\Program Files\Microsoft Visual Studio\18\Enterprise\VC\Tools\MSVC\14.51.36231\bin\HostX64\x64;C:\Program Files\Microsoft Visual Studio\18\Enterprise\Common7\IDE\VC\VCPackages;C:\Program Files\Microsoft Visual Studio\18\Enterprise\Common7\IDE\CommonExtensions\Microsoft\TestWindow;C:\Program Files\Microsoft Visual Studio\18\Enterprise\Common7\IDE\CommonExtensions\Microsoft\TeamFoundation\Team Explorer;C:\Program Files\Microsoft Visual Studio\18\Enterprise\MSBuild\Current\bin\Roslyn;C:\Program Files (x86)\Microsoft SDKs\Windows\v10.0A\bin\NETFX 4.8.1 Tools\x64\;C:\Program Files (x86)\HTML Help Workshop;C:\Program Files\Microsoft Visual Studio\18\Enterprise\Common7\IDE\CommonExtensions\Microsoft\FSharp\Tools;C:\Program Files\Microsoft Visual Studio\18\Enterprise\Team Tools\DiagnosticsHub\Collector;C:\Program Files\Microsoft Visual Studio\18\Enterprise\Common7\IDE\Extensions\Microsoft\CodeCoverage.Console;C:\Program Files (x86)\Windows Kits\10\bin\10.0.26100.0\\x64;C:\Program Files (x86)\Windows Kits\10\bin\\x64;C:\Program Files\Microsoft Visual Studio\18\Enterprise\\MSBuild\Current\Bin\amd64;C:\Windows\Microsoft.NET\Framework64\v4.0.30319;C:\Program Files\Microsoft Visual Studio\18\Enterprise\Common7\IDE\;C:\Program Files\Microsoft Visual Studio\18\Enterprise\Common7\Tools\;C:\Users\runneradmin\AppData\Roaming\Python\Python312\Scripts;C:\hostedtoolcache\windows\Python\3.12.10\x64\Scripts;C:\hostedtoolcache\windows\Python\3.12.10\x64;C:\Program Files\MongoDB\Server\7.0\bin;C:\vcpkg;C:\tools\zstd;C:\hostedtoolcache\windows\stack\3.11.1\x64;C:\cabal\bin;C:\\ghcup\bin;C:\mingw64\bin;C:\Program Files\dotnet;C:\Program Files\MySQL\MySQL Server 8.0\bin;C:\Program Files\R\R-4.6.1\bin\x64;C:\SeleniumWebDrivers\GeckoDriver;C:\SeleniumWebDrivers\EdgeDriver\;C:\SeleniumWebDrivers\ChromeDriver;C:\Program Files (x86)\sbt\bin;C:\Program Files (x86)\GitHub CLI;C:\Program Files\Git\bin;C:\Program Files (x86)\pipx_bin;C:\npm\prefix;C:\hostedtoolcache\windows\go\1.24.13\x64\bin;C:\hostedtoolcache\windows\Ruby\3.3.12\x64\bin;C:\Program Files\OpenSSL\bin;C:\tools\kotlinc\bin;C:\hostedtoolcache\windows\Java_Temurin-Hotspot_jdk\17.0.20-101\x64\bin;C:\Program Files\ImageMagick-7.1.2-Q16-HDRI;C:\Program Files\Microsoft SDKs\Azure\CLI2\wbin;C:\ProgramData\kind;C:\ProgramData\Chocolatey\bin;C:\Windows\system32;C:\Windows;C:\Windows\System32\Wbem;C:\Windows\System32\WindowsPowerShell\v1.0\;C:\Windows\System32\OpenSSH\;C:\Program Files\PowerShell\7\;C:\Program Files\Microsoft\Web Platform Installer\;C:\Program Files\Microsoft SQL Server\170\Tools\Binn\;C:\Program Files\Microsoft SQL Server\Client SDK\ODBC\170\Tools\Binn\;C:\Program Files\dotnet\;C:\Program Files (x86)\Windows Kits\10\Windows Performance Toolkit\;C:\Program Files (x86)\WiX Toolset v3.14\bin;C:\Program Files\Microsoft SQL Server\130\DTS\Binn\;C:\Program Files\Microsoft SQL Server\140\DTS\Binn\;C:\Program Files\Microsoft SQL Server\150\DTS\Binn\;C:\Program Files\Microsoft SQL Server\160\DTS\Binn\;C:\Program Files\Microsoft SQL Server\170\DTS\Binn\;C:\ProgramData\chocolatey\lib\pulumi\tools\Pulumi\bin;C:\Program Files\CMake\bin;C:\Strawberry\c\bin;C:\Strawberry\perl\site\bin;C:\Strawberry\perl\bin;C:\ProgramData\chocolatey\lib\maven\apache-maven-3.9.16\bin;C:\Program Files\Microsoft Service Fabric\bin\Fabric\Fabric.Code;C:\Program Files\Microsoft SDKs\Service Fabric\Tools\ServiceFabricLocalClusterManager;C:\Program Files\nodejs\;C:\Program Files\Git\cmd;C:\Program Files\Git\mingw64\bin;C:\Program Files\Git\usr\bin;C:\Program Files\GitHub CLI\;c:\tools\php;C:\Program Files\Amazon\AWSCLIV2\;C:\Program Files\Amazon\SessionManagerPlugin\bin\;C:\Program Files\Amazon\AWSSAMCLI\bin\;C:\Program Files\Microsoft SQL Server\130\Tools\Binn\;C:\Program Files\mongosh\;C:\Program Files\LLVM\bin;C:\Program Files (x86)\LLVM\bin;C:\Users\runneradmin\.dotnet\tools;C:\Users\runneradmin\.cargo\bin;C:\Users\runneradmin\AppData\Local\Microsoft\WindowsApps;C:\Program Files (x86)\Microsoft Visual Studio\Installer;C:\Program Files\Microsoft Visual Studio\18\Enterprise\VC\Tools\Llvm\x64\bin;C:\Program Files\Microsoft Visual Studio\18\Enterprise\Common7\IDE\CommonExtensions\Microsoft\CMake\CMake\bin;C:\Program Files\Microsoft Visual Studio\18\Enterprise\Common7\IDE\CommonExtensions\Microsoft\CMake\Ninja;C:\Program Files\Microsoft Visual Studio\18\Enterprise\Common7\IDE\VC\Linux\bin\ConnectionManagerExe;C:\Program Files\Microsoft Visual Studio\18\Enterprise\VC\vcpkg
2026-10-09T01:42:21.8319818Z   Platform: x64
2026-10-09T01:42:21.8320155Z   UCRTVersion: 10.0.26100.0
2026-10-09T01:42:21.8320679Z   UniversalCRTSdkDir: C:\Program Files (x86)\Windows Kits\10\
2026-10-09T01:42:21.8321257Z   use_x64_llvm: true
2026-10-09T01:42:21.8321887Z   VCIDEInstallDir: C:\Program Files\Microsoft Visual Studio\18\Enterprise\Common7\IDE\VC\
2026-10-09T01:42:21.8322841Z   VCINSTALLDIR: C:\Program Files\Microsoft Visual Studio\18\Enterprise\VC\
2026-10-09T01:42:21.8323691Z   VCPKG_ROOT: C:\Program Files\Microsoft Visual Studio\18\Enterprise\VC\vcpkg
2026-10-09T01:42:21.8324734Z   VCToolsInstallDir: C:\Program Files\Microsoft Visual Studio\18\Enterprise\VC\Tools\MSVC\14.51.36231\
2026-10-09T01:42:21.8325921Z   VCToolsRedistDir: C:\Program Files\Microsoft Visual Studio\18\Enterprise\VC\Redist\MSVC\14.51.36231\
2026-10-09T01:42:21.8327091Z   VCToolsVersion: 14.51.36231
2026-10-09T01:42:21.8327485Z   VisualStudioVersion: 18.0
2026-10-09T01:42:21.8328400Z   VS180COMNTOOLS: C:\Program Files\Microsoft Visual Studio\18\Enterprise\Common7\Tools\
2026-10-09T01:42:21.8329142Z   VSCMD_ARG_app_plat: Desktop
2026-10-09T01:42:21.8329532Z   VSCMD_ARG_HOST_ARCH: x64
2026-10-09T01:42:21.8329896Z   VSCMD_ARG_TGT_ARCH: x64
2026-10-09T01:42:21.8330248Z   VSCMD_VER: 18.10.2
2026-10-09T01:42:21.8330762Z   VSINSTALLDIR: C:\Program Files\Microsoft Visual Studio\18\Enterprise\
2026-10-09T01:42:21.8331641Z   VSSDK150INSTALL: C:\Program Files\Microsoft Visual Studio\18\Enterprise\VSSDK
2026-10-09T01:42:21.8332527Z   VSSDKINSTALL: C:\Program Files\Microsoft Visual Studio\18\Enterprise\VSSDK
2026-10-09T01:42:21.8333803Z   WindowsLibPath: C:\Program Files (x86)\Windows Kits\10\UnionMetadata\10.0.26100.0;C:\Program Files (x86)\Windows Kits\10\References\10.0.26100.0
2026-10-09T01:42:21.8334976Z   WindowsSdkBinPath: C:\Program Files (x86)\Windows Kits\10\bin\
2026-10-09T01:42:21.8335628Z   WindowsSdkDir: C:\Program Files (x86)\Windows Kits\10\
2026-10-09T01:42:21.8336166Z   WindowsSDKLibVersion: 10.0.26100.0\
2026-10-09T01:42:21.8336791Z   WindowsSdkVerBinPath: C:\Program Files (x86)\Windows Kits\10\bin\10.0.26100.0\
2026-10-09T01:42:21.8337463Z   WindowsSDKVersion: 10.0.26100.0\
2026-10-09T01:42:21.8338251Z   WindowsSDK_ExecutablePath_x64: C:\Program Files (x86)\Microsoft SDKs\Windows\v10.0A\bin\NETFX 4.8.1 Tools\x64\
2026-10-09T01:42:21.8339688Z   WindowsSDK_ExecutablePath_x86: C:\Program Files (x86)\Microsoft SDKs\Windows\v10.0A\bin\NETFX 4.8.1 Tools\
2026-10-09T01:42:21.8340495Z   __DOTNET_ADD_64BIT: 1
2026-10-09T01:42:21.8340832Z   __DOTNET_PREFERRED_BITNESS: 64
2026-10-09T01:42:21.8353479Z   __VSCMD_PREINIT_PATH: C:\Users\runneradmin\AppData\Roaming\Python\Python312\Scripts;C:\hostedtoolcache\windows\Python\3.12.10\x64\Scripts;C:\hostedtoolcache\windows\Python\3.12.10\x64;C:\Program Files\MongoDB\Server\7.0\bin;C:\vcpkg;C:\tools\zstd;C:\hostedtoolcache\windows\stack\3.11.1\x64;C:\cabal\bin;C:\\ghcup\bin;C:\mingw64\bin;C:\Program Files\dotnet;C:\Program Files\MySQL\MySQL Server 8.0\bin;C:\Program Files\R\R-4.6.1\bin\x64;C:\SeleniumWebDrivers\GeckoDriver;C:\SeleniumWebDrivers\EdgeDriver\;C:\SeleniumWebDrivers\ChromeDriver;C:\Program Files (x86)\sbt\bin;C:\Program Files (x86)\GitHub CLI;C:\Program Files\Git\bin;C:\Program Files (x86)\pipx_bin;C:\npm\prefix;C:\hostedtoolcache\windows\go\1.24.13\x64\bin;C:\hostedtoolcache\windows\Python\3.12.10\x64\Scripts;C:\hostedtoolcache\windows\Python\3.12.10\x64;C:\hostedtoolcache\windows\Ruby\3.3.12\x64\bin;C:\Program Files\OpenSSL\bin;C:\tools\kotlinc\bin;C:\hostedtoolcache\windows\Java_Temurin-Hotspot_jdk\17.0.20-101\x64\bin;C:\Program Files\ImageMagick-7.1.2-Q16-HDRI;C:\Program Files\Microsoft SDKs\Azure\CLI2\wbin;C:\ProgramData\kind;C:\ProgramData\Chocolatey\bin;C:\Windows\system32;C:\Windows;C:\Windows\System32\Wbem;C:\Windows\System32\WindowsPowerShell\v1.0\;C:\Windows\System32\OpenSSH\;C:\Program Files\PowerShell\7\;C:\Program Files\Microsoft\Web Platform Installer\;C:\Program Files\Microsoft SQL Server\170\Tools\Binn\;C:\Program Files\Microsoft SQL Server\Client SDK\ODBC\170\Tools\Binn\;C:\Program Files\dotnet\;C:\Program Files (x86)\Windows Kits\10\Windows Performance Toolkit\;C:\Program Files (x86)\WiX Toolset v3.14\bin;C:\Program Files\Microsoft SQL Server\130\DTS\Binn\;C:\Program Files\Microsoft SQL Server\140\DTS\Binn\;C:\Program Files\Microsoft SQL Server\150\DTS\Binn\;C:\Program Files\Microsoft SQL Server\160\DTS\Binn\;C:\Program Files\Microsoft SQL Server\170\DTS\Binn\;C:\ProgramData\chocolatey\lib\pulumi\tools\Pulumi\bin;C:\Program Files\CMake\bin;C:\Strawberry\c\bin;C:\Strawberry\perl\site\bin;C:\Strawberry\perl\bin;C:\ProgramData\chocolatey\lib\maven\apache-maven-3.9.16\bin;C:\Program Files\Microsoft Service Fabric\bin\Fabric\Fabric.Code;C:\Program Files\Microsoft SDKs\Service Fabric\Tools\ServiceFabricLocalClusterManager;C:\Program Files\nodejs\;C:\Program Files\Git\cmd;C:\Program Files\Git\mingw64\bin;C:\Program Files\Git\usr\bin;C:\Program Files\GitHub CLI\;c:\tools\php;C:\Program Files (x86)\sbt\bin;C:\Program Files\Amazon\AWSCLIV2\;C:\Program Files\Amazon\SessionManagerPlugin\bin\;C:\Program Files\Amazon\AWSSAMCLI\bin\;C:\Program Files\Microsoft SQL Server\130\Tools\Binn\;C:\Program Files\mongosh\;C:\Program Files\LLVM\bin;C:\Program Files (x86)\LLVM\bin;C:\Users\runneradmin\.dotnet\tools;C:\Users\runneradmin\.cargo\bin;C:\Users\runneradmin\AppData\Local\Microsoft\WindowsApps;C:\Program Files (x86)\Microsoft Visual Studio\Installer
2026-10-09T01:42:21.8363876Z ##[endgroup]
2026-10-09T01:42:21.9698133Z Cloning into 'D:\a\RPG-maker\RPG-maker\native\equipment_save_io\.deps\godot-cpp'...
2026-10-09T01:42:24.6130116Z HEAD is now at e83fd09 gdextension: Sync with upstream commit 876b290332ec6f2e6d173d08162a02aa7e6ca46d (4.5-stable)
2026-10-09T01:43:29.2434596Z ##[group]Run python tools/fixtures/equipment-save-transaction-platform/launch.py --output "$RUNNER_TEMP/native-evidence" --profile "fixed055" --phase "transaction"
2026-10-09T01:43:29.2435878Z [36;1mpython tools/fixtures/equipment-save-transaction-platform/launch.py --output "$RUNNER_TEMP/native-evidence" --profile "fixed055" --phase "transaction"[0m
2026-10-09T01:43:29.2452479Z shell: C:\Program Files\Git\bin\bash.EXE --noprofile --norc -e -o pipefail {0}
2026-10-09T01:43:29.2452898Z env:
2026-10-09T01:43:29.2453076Z   GODOT_VERSION: 4.7.2-stable
2026-10-09T01:43:29.2453297Z   PYTHONUTF8: 1
2026-10-09T01:43:29.2453491Z   GIT_CONFIG_COUNT: 1
2026-10-09T01:43:29.2453707Z   GIT_CONFIG_KEY_0: core.autocrlf
2026-10-09T01:43:29.2453944Z   GIT_CONFIG_VALUE_0: false
2026-10-09T01:43:29.2454243Z   pythonLocation: C:\hostedtoolcache\windows\Python\3.12.10\x64
2026-10-09T01:43:29.2454693Z   PKG_CONFIG_PATH: C:\hostedtoolcache\windows\Python\3.12.10\x64/lib/pkgconfig
2026-10-09T01:43:29.2455177Z   Python_ROOT_DIR: C:\hostedtoolcache\windows\Python\3.12.10\x64
2026-10-09T01:43:29.2455580Z   Python2_ROOT_DIR: C:\hostedtoolcache\windows\Python\3.12.10\x64
2026-10-09T01:43:29.2455968Z   Python3_ROOT_DIR: C:\hostedtoolcache\windows\Python\3.12.10\x64
2026-10-09T01:43:29.2456297Z   CommandPromptType: Native
2026-10-09T01:43:29.2456642Z   DevEnvDir: C:\Program Files\Microsoft Visual Studio\18\Enterprise\Common7\IDE\
2026-10-09T01:43:29.2457155Z   ExtensionSdkDir: C:\Program Files (x86)\Microsoft SDKs\Windows Kits\10\ExtensionSDKs
2026-10-09T01:43:29.2459537Z   EXTERNAL_INCLUDE: C:\Program Files\Microsoft Visual Studio\18\Enterprise\VC\Tools\MSVC\14.51.36231\include;C:\Program Files\Microsoft Visual Studio\18\Enterprise\VC\Tools\MSVC\14.51.36231\ATLMFC\include;C:\Program Files\Microsoft Visual Studio\18\Enterprise\VC\Auxiliary\VS\include;C:\Program Files (x86)\Windows Kits\10\include\10.0.26100.0\ucrt;C:\Program Files (x86)\Windows Kits\10\\include\10.0.26100.0\\um;C:\Program Files (x86)\Windows Kits\10\\include\10.0.26100.0\\shared;C:\Program Files (x86)\Windows Kits\10\\include\10.0.26100.0\\winrt;C:\Program Files (x86)\Windows Kits\10\\include\10.0.26100.0\\cppwinrt;C:\Program Files (x86)\Windows Kits\NETFXSDK\4.8.1\include\um
2026-10-09T01:43:29.2461783Z   Framework40Version: v4.0
2026-10-09T01:43:29.2462047Z   FrameworkDir: C:\Windows\Microsoft.NET\Framework64\
2026-10-09T01:43:29.2462388Z   FrameworkDir64: C:\Windows\Microsoft.NET\Framework64\
2026-10-09T01:43:29.2462690Z   FrameworkVersion: v4.0.30319
2026-10-09T01:43:29.2462922Z   FrameworkVersion64: v4.0.30319
2026-10-09T01:43:29.2463438Z   FSHARPINSTALLDIR: C:\Program Files\Microsoft Visual Studio\18\Enterprise\Common7\IDE\CommonExtensions\Microsoft\FSharp\Tools
2026-10-09T01:43:29.2464027Z   HTMLHelpDir: C:\Program Files (x86)\HTML Help Workshop
2026-10-09T01:43:29.2466257Z   INCLUDE: C:\Program Files\Microsoft Visual Studio\18\Enterprise\VC\Tools\MSVC\14.51.36231\include;C:\Program Files\Microsoft Visual Studio\18\Enterprise\VC\Tools\MSVC\14.51.36231\ATLMFC\include;C:\Program Files\Microsoft Visual Studio\18\Enterprise\VC\Auxiliary\VS\include;C:\Program Files (x86)\Windows Kits\10\include\10.0.26100.0\ucrt;C:\Program Files (x86)\Windows Kits\10\\include\10.0.26100.0\\um;C:\Program Files (x86)\Windows Kits\10\\include\10.0.26100.0\\shared;C:\Program Files (x86)\Windows Kits\10\\include\10.0.26100.0\\winrt;C:\Program Files (x86)\Windows Kits\10\\include\10.0.26100.0\\cppwinrt;C:\Program Files (x86)\Windows Kits\NETFXSDK\4.8.1\include\um
2026-10-09T01:43:29.2469641Z   LIB: C:\Program Files\Microsoft Visual Studio\18\Enterprise\VC\Tools\MSVC\14.51.36231\ATLMFC\lib\x64;C:\Program Files\Microsoft Visual Studio\18\Enterprise\VC\Tools\MSVC\14.51.36231\lib\x64;C:\Program Files (x86)\Windows Kits\NETFXSDK\4.8.1\lib\um\x64;C:\Program Files (x86)\Windows Kits\10\lib\10.0.26100.0\ucrt\x64;C:\Program Files (x86)\Windows Kits\10\\lib\10.0.26100.0\\um\x64
2026-10-09T01:43:29.2474555Z   LIBPATH: C:\Program Files\Microsoft Visual Studio\18\Enterprise\VC\Tools\MSVC\14.51.36231\ATLMFC\lib\x64;C:\Program Files\Microsoft Visual Studio\18\Enterprise\VC\Tools\MSVC\14.51.36231\lib\x64;C:\Program Files\Microsoft Visual Studio\18\Enterprise\VC\Tools\MSVC\14.51.36231\lib\x86\store\references;C:\Program Files (x86)\Windows Kits\10\UnionMetadata\10.0.26100.0;C:\Program Files (x86)\Windows Kits\10\References\10.0.26100.0;C:\Windows\Microsoft.NET\Framework64\v4.0.30319
2026-10-09T01:43:29.2476427Z   llvmArm64: C:\Program Files\Microsoft Visual Studio\18\Enterprise\VC\Tools\Llvm\ARM64\bin
2026-10-09T01:43:29.2477060Z   llvmX64: C:\Program Files\Microsoft Visual Studio\18\Enterprise\VC\Tools\Llvm\x64\bin
2026-10-09T01:43:29.2477559Z   NETFXSDKDir: C:\Program Files (x86)\Windows Kits\NETFXSDK\4.8.1\
2026-10-09T01:43:29.2493249Z   Path: C:\Program Files\Microsoft Visual Studio\18\Enterprise\VC\Tools\MSVC\14.51.36231\bin\HostX64\x64;C:\Program Files\Microsoft Visual Studio\18\Enterprise\Common7\IDE\VC\VCPackages;C:\Program Files\Microsoft Visual Studio\18\Enterprise\Common7\IDE\CommonExtensions\Microsoft\TestWindow;C:\Program Files\Microsoft Visual Studio\18\Enterprise\Common7\IDE\CommonExtensions\Microsoft\TeamFoundation\Team Explorer;C:\Program Files\Microsoft Visual Studio\18\Enterprise\MSBuild\Current\bin\Roslyn;C:\Program Files (x86)\Microsoft SDKs\Windows\v10.0A\bin\NETFX 4.8.1 Tools\x64\;C:\Program Files (x86)\HTML Help Workshop;C:\Program Files\Microsoft Visual Studio\18\Enterprise\Common7\IDE\CommonExtensions\Microsoft\FSharp\Tools;C:\Program Files\Microsoft Visual Studio\18\Enterprise\Team Tools\DiagnosticsHub\Collector;C:\Program Files\Microsoft Visual Studio\18\Enterprise\Common7\IDE\Extensions\Microsoft\CodeCoverage.Console;C:\Program Files (x86)\Windows Kits\10\bin\10.0.26100.0\\x64;C:\Program Files (x86)\Windows Kits\10\bin\\x64;C:\Program Files\Microsoft Visual Studio\18\Enterprise\\MSBuild\Current\Bin\amd64;C:\Windows\Microsoft.NET\Framework64\v4.0.30319;C:\Program Files\Microsoft Visual Studio\18\Enterprise\Common7\IDE\;C:\Program Files\Microsoft Visual Studio\18\Enterprise\Common7\Tools\;C:\Users\runneradmin\AppData\Roaming\Python\Python312\Scripts;C:\hostedtoolcache\windows\Python\3.12.10\x64\Scripts;C:\hostedtoolcache\windows\Python\3.12.10\x64;C:\Program Files\MongoDB\Server\7.0\bin;C:\vcpkg;C:\tools\zstd;C:\hostedtoolcache\windows\stack\3.11.1\x64;C:\cabal\bin;C:\\ghcup\bin;C:\mingw64\bin;C:\Program Files\dotnet;C:\Program Files\MySQL\MySQL Server 8.0\bin;C:\Program Files\R\R-4.6.1\bin\x64;C:\SeleniumWebDrivers\GeckoDriver;C:\SeleniumWebDrivers\EdgeDriver\;C:\SeleniumWebDrivers\ChromeDriver;C:\Program Files (x86)\sbt\bin;C:\Program Files (x86)\GitHub CLI;C:\Program Files\Git\bin;C:\Program Files (x86)\pipx_bin;C:\npm\prefix;C:\hostedtoolcache\windows\go\1.24.13\x64\bin;C:\hostedtoolcache\windows\Ruby\3.3.12\x64\bin;C:\Program Files\OpenSSL\bin;C:\tools\kotlinc\bin;C:\hostedtoolcache\windows\Java_Temurin-Hotspot_jdk\17.0.20-101\x64\bin;C:\Program Files\ImageMagick-7.1.2-Q16-HDRI;C:\Program Files\Microsoft SDKs\Azure\CLI2\wbin;C:\ProgramData\kind;C:\ProgramData\Chocolatey\bin;C:\Windows\system32;C:\Windows;C:\Windows\System32\Wbem;C:\Windows\System32\WindowsPowerShell\v1.0\;C:\Windows\System32\OpenSSH\;C:\Program Files\PowerShell\7\;C:\Program Files\Microsoft\Web Platform Installer\;C:\Program Files\Microsoft SQL Server\170\Tools\Binn\;C:\Program Files\Microsoft SQL Server\Client SDK\ODBC\170\Tools\Binn\;C:\Program Files\dotnet\;C:\Program Files (x86)\Windows Kits\10\Windows Performance Toolkit\;C:\Program Files (x86)\WiX Toolset v3.14\bin;C:\Program Files\Microsoft SQL Server\130\DTS\Binn\;C:\Program Files\Microsoft SQL Server\140\DTS\Binn\;C:\Program Files\Microsoft SQL Server\150\DTS\Binn\;C:\Program Files\Microsoft SQL Server\160\DTS\Binn\;C:\Program Files\Microsoft SQL Server\170\DTS\Binn\;C:\ProgramData\chocolatey\lib\pulumi\tools\Pulumi\bin;C:\Program Files\CMake\bin;C:\Strawberry\c\bin;C:\Strawberry\perl\site\bin;C:\Strawberry\perl\bin;C:\ProgramData\chocolatey\lib\maven\apache-maven-3.9.16\bin;C:\Program Files\Microsoft Service Fabric\bin\Fabric\Fabric.Code;C:\Program Files\Microsoft SDKs\Service Fabric\Tools\ServiceFabricLocalClusterManager;C:\Program Files\nodejs\;C:\Program Files\Git\cmd;C:\Program Files\Git\mingw64\bin;C:\Program Files\Git\usr\bin;C:\Program Files\GitHub CLI\;c:\tools\php;C:\Program Files\Amazon\AWSCLIV2\;C:\Program Files\Amazon\SessionManagerPlugin\bin\;C:\Program Files\Amazon\AWSSAMCLI\bin\;C:\Program Files\Microsoft SQL Server\130\Tools\Binn\;C:\Program Files\mongosh\;C:\Program Files\LLVM\bin;C:\Program Files (x86)\LLVM\bin;C:\Users\runneradmin\.dotnet\tools;C:\Users\runneradmin\.cargo\bin;C:\Users\runneradmin\AppData\Local\Microsoft\WindowsApps;C:\Program Files (x86)\Microsoft Visual Studio\Installer;C:\Program Files\Microsoft Visual Studio\18\Enterprise\VC\Tools\Llvm\x64\bin;C:\Program Files\Microsoft Visual Studio\18\Enterprise\Common7\IDE\CommonExtensions\Microsoft\CMake\CMake\bin;C:\Program Files\Microsoft Visual Studio\18\Enterprise\Common7\IDE\CommonExtensions\Microsoft\CMake\Ninja;C:\Program Files\Microsoft Visual Studio\18\Enterprise\Common7\IDE\VC\Linux\bin\ConnectionManagerExe;C:\Program Files\Microsoft Visual Studio\18\Enterprise\VC\vcpkg
2026-10-09T01:43:29.2508240Z   Platform: x64
2026-10-09T01:43:29.2508433Z   UCRTVersion: 10.0.26100.0
2026-10-09T01:43:29.2508741Z   UniversalCRTSdkDir: C:\Program Files (x86)\Windows Kits\10\
2026-10-09T01:43:29.2509068Z   use_x64_llvm: true
2026-10-09T01:43:29.2509424Z   VCIDEInstallDir: C:\Program Files\Microsoft Visual Studio\18\Enterprise\Common7\IDE\VC\
2026-10-09T01:43:29.2509945Z   VCINSTALLDIR: C:\Program Files\Microsoft Visual Studio\18\Enterprise\VC\
2026-10-09T01:43:29.2510416Z   VCPKG_ROOT: C:\Program Files\Microsoft Visual Studio\18\Enterprise\VC\vcpkg
2026-10-09T01:43:29.2511260Z   VCToolsInstallDir: C:\Program Files\Microsoft Visual Studio\18\Enterprise\VC\Tools\MSVC\14.51.36231\
2026-10-09T01:43:29.2512123Z   VCToolsRedistDir: C:\Program Files\Microsoft Visual Studio\18\Enterprise\VC\Redist\MSVC\14.51.36231\
2026-10-09T01:43:29.2512924Z   VCToolsVersion: 14.51.36231
2026-10-09T01:43:29.2513170Z   VisualStudioVersion: 18.0
2026-10-09T01:43:29.2513555Z   VS180COMNTOOLS: C:\Program Files\Microsoft Visual Studio\18\Enterprise\Common7\Tools\
2026-10-09T01:43:29.2513981Z   VSCMD_ARG_app_plat: Desktop
2026-10-09T01:43:29.2514205Z   VSCMD_ARG_HOST_ARCH: x64
2026-10-09T01:43:29.2514417Z   VSCMD_ARG_TGT_ARCH: x64
2026-10-09T01:43:29.2514611Z   VSCMD_VER: 18.10.2
2026-10-09T01:43:29.2514898Z   VSINSTALLDIR: C:\Program Files\Microsoft Visual Studio\18\Enterprise\
2026-10-09T01:43:29.2515394Z   VSSDK150INSTALL: C:\Program Files\Microsoft Visual Studio\18\Enterprise\VSSDK
2026-10-09T01:43:29.2515890Z   VSSDKINSTALL: C:\Program Files\Microsoft Visual Studio\18\Enterprise\VSSDK
2026-10-09T01:43:29.2516584Z   WindowsLibPath: C:\Program Files (x86)\Windows Kits\10\UnionMetadata\10.0.26100.0;C:\Program Files (x86)\Windows Kits\10\References\10.0.26100.0
2026-10-09T01:43:29.2517242Z   WindowsSdkBinPath: C:\Program Files (x86)\Windows Kits\10\bin\
2026-10-09T01:43:29.2517643Z   WindowsSdkDir: C:\Program Files (x86)\Windows Kits\10\
2026-10-09T01:43:29.2517955Z   WindowsSDKLibVersion: 10.0.26100.0\
2026-10-09T01:43:29.2518328Z   WindowsSdkVerBinPath: C:\Program Files (x86)\Windows Kits\10\bin\10.0.26100.0\
2026-10-09T01:43:29.2519259Z   WindowsSDKVersion: 10.0.26100.0\
2026-10-09T01:43:29.2520008Z   WindowsSDK_ExecutablePath_x64: C:\Program Files (x86)\Microsoft SDKs\Windows\v10.0A\bin\NETFX 4.8.1 Tools\x64\
2026-10-09T01:43:29.2521184Z   WindowsSDK_ExecutablePath_x86: C:\Program Files (x86)\Microsoft SDKs\Windows\v10.0A\bin\NETFX 4.8.1 Tools\
2026-10-09T01:43:29.2521661Z   __DOTNET_ADD_64BIT: 1
2026-10-09T01:43:29.2521874Z   __DOTNET_PREFERRED_BITNESS: 64
2026-10-09T01:43:29.2531603Z   __VSCMD_PREINIT_PATH: C:\Users\runneradmin\AppData\Roaming\Python\Python312\Scripts;C:\hostedtoolcache\windows\Python\3.12.10\x64\Scripts;C:\hostedtoolcache\windows\Python\3.12.10\x64;C:\Program Files\MongoDB\Server\7.0\bin;C:\vcpkg;C:\tools\zstd;C:\hostedtoolcache\windows\stack\3.11.1\x64;C:\cabal\bin;C:\\ghcup\bin;C:\mingw64\bin;C:\Program Files\dotnet;C:\Program Files\MySQL\MySQL Server 8.0\bin;C:\Program Files\R\R-4.6.1\bin\x64;C:\SeleniumWebDrivers\GeckoDriver;C:\SeleniumWebDrivers\EdgeDriver\;C:\SeleniumWebDrivers\ChromeDriver;C:\Program Files (x86)\sbt\bin;C:\Program Files (x86)\GitHub CLI;C:\Program Files\Git\bin;C:\Program Files (x86)\pipx_bin;C:\npm\prefix;C:\hostedtoolcache\windows\go\1.24.13\x64\bin;C:\hostedtoolcache\windows\Python\3.12.10\x64\Scripts;C:\hostedtoolcache\windows\Python\3.12.10\x64;C:\hostedtoolcache\windows\Ruby\3.3.12\x64\bin;C:\Program Files\OpenSSL\bin;C:\tools\kotlinc\bin;C:\hostedtoolcache\windows\Java_Temurin-Hotspot_jdk\17.0.20-101\x64\bin;C:\Program Files\ImageMagick-7.1.2-Q16-HDRI;C:\Program Files\Microsoft SDKs\Azure\CLI2\wbin;C:\ProgramData\kind;C:\ProgramData\Chocolatey\bin;C:\Windows\system32;C:\Windows;C:\Windows\System32\Wbem;C:\Windows\System32\WindowsPowerShell\v1.0\;C:\Windows\System32\OpenSSH\;C:\Program Files\PowerShell\7\;C:\Program Files\Microsoft\Web Platform Installer\;C:\Program Files\Microsoft SQL Server\170\Tools\Binn\;C:\Program Files\Microsoft SQL Server\Client SDK\ODBC\170\Tools\Binn\;C:\Program Files\dotnet\;C:\Program Files (x86)\Windows Kits\10\Windows Performance Toolkit\;C:\Program Files (x86)\WiX Toolset v3.14\bin;C:\Program Files\Microsoft SQL Server\130\DTS\Binn\;C:\Program Files\Microsoft SQL Server\140\DTS\Binn\;C:\Program Files\Microsoft SQL Server\150\DTS\Binn\;C:\Program Files\Microsoft SQL Server\160\DTS\Binn\;C:\Program Files\Microsoft SQL Server\170\DTS\Binn\;C:\ProgramData\chocolatey\lib\pulumi\tools\Pulumi\bin;C:\Program Files\CMake\bin;C:\Strawberry\c\bin;C:\Strawberry\perl\site\bin;C:\Strawberry\perl\bin;C:\ProgramData\chocolatey\lib\maven\apache-maven-3.9.16\bin;C:\Program Files\Microsoft Service Fabric\bin\Fabric\Fabric.Code;C:\Program Files\Microsoft SDKs\Service Fabric\Tools\ServiceFabricLocalClusterManager;C:\Program Files\nodejs\;C:\Program Files\Git\cmd;C:\Program Files\Git\mingw64\bin;C:\Program Files\Git\usr\bin;C:\Program Files\GitHub CLI\;c:\tools\php;C:\Program Files (x86)\sbt\bin;C:\Program Files\Amazon\AWSCLIV2\;C:\Program Files\Amazon\SessionManagerPlugin\bin\;C:\Program Files\Amazon\AWSSAMCLI\bin\;C:\Program Files\Microsoft SQL Server\130\Tools\Binn\;C:\Program Files\mongosh\;C:\Program Files\LLVM\bin;C:\Program Files (x86)\LLVM\bin;C:\Users\runneradmin\.dotnet\tools;C:\Users\runneradmin\.cargo\bin;C:\Users\runneradmin\AppData\Local\Microsoft\WindowsApps;C:\Program Files (x86)\Microsoft Visual Studio\Installer
2026-10-09T01:43:29.2541500Z   EQUIPMENT_SHIPPED_ADDON_ROOT: D:\a\_temp/native-evidence/shipped/equipment_save_io
2026-10-09T01:43:29.2541897Z ##[endgroup]
2026-10-09T01:47:54.8427133Z TRANSACTION_FAIL: cases=48 checks=720 seconds=174.203
2026-10-09T01:47:54.8427734Z 
2026-10-09T01:47:54.8430215Z kill-history.rename.before:Command '['D:\\a\\_temp\\native-evidence\\bin\\Godot_v4.7.2-stable_win64.exe', '--headless', '--path', 'D:\\a\\RPG-maker\\RPG-maker', '--script', 'res://tools/equipment_save_transaction_probe.gd', '--', 'D:\\a\\_temp\\native-evidence\\qa\\kill-history.readback.before\\restarted-batch.json']' timed out after 3.5470000000000255 seconds
2026-10-09T01:47:54.8432516Z 
2026-10-09T01:47:54.8434486Z kill-history.rename.after:Command '['D:\\a\\_temp\\native-evidence\\bin\\Godot_v4.7.2-stable_win64.exe', '--headless', '--path', 'D:\\a\\RPG-maker\\RPG-maker', '--script', 'res://tools/equipment_save_transaction_probe.gd', '--', 'D:\\a\\_temp\\native-evidence\\qa\\kill-history.readback.before\\restarted-batch.json']' timed out after 3.5470000000000255 seconds
2026-10-09T01:47:54.8436999Z 
2026-10-09T01:47:54.8437216Z kill-history.close.before:
2026-10-09T01:47:54.8437480Z 
2026-10-09T01:47:54.8439658Z kill-history.readback.before:Command '['D:\\a\\_temp\\native-evidence\\bin\\Godot_v4.7.2-stable_win64.exe', '--headless', '--path', 'D:\\a\\RPG-maker\\RPG-maker', '--script', 'res://tools/equipment_save_transaction_probe.gd', '--', 'D:\\a\\_temp\\native-evidence\\qa\\kill-history.readback.before\\restarted-batch.json']' timed out after 3.5470000000000255 seconds
2026-10-09T01:47:54.8441708Z 
2026-10-09T01:47:54.8441873Z kill-history.close.after:
2026-10-09T01:47:54.8442143Z 
2026-10-09T01:47:54.8443982Z kill-history.readback.after:Command '['D:\\a\\_temp\\native-evidence\\bin\\Godot_v4.7.2-stable_win64.exe', '--headless', '--path', 'D:\\a\\RPG-maker\\RPG-maker', '--script', 'res://tools/equipment_save_transaction_probe.gd', '--', 'D:\\a\\_temp\\native-evidence\\qa\\kill-history.readback.before\\restarted-batch.json']' timed out after 3.5470000000000255 seconds
2026-10-09T01:47:54.8446004Z 
2026-10-09T01:47:54.8447227Z kill-candidate.close.after:全体180秒を超過
2026-10-09T01:47:54.8447534Z 
2026-10-09T01:47:54.8447821Z kill-candidate.close.before:全体180秒を超過
2026-10-09T01:47:54.8448477Z 
2026-10-09T01:47:54.8448743Z kill-candidate.flush.before:全体180秒を超過
2026-10-09T01:47:54.8449094Z 
2026-10-09T01:47:54.8449334Z kill-candidate.flush.after:全体180秒を超過
2026-10-09T01:47:54.8449665Z 
2026-10-09T01:47:54.8449925Z kill-candidate.store.after:全体180秒を超過
2026-10-09T01:47:54.8450246Z 
2026-10-09T01:47:54.8450531Z kill-candidate.readback.after:全体180秒を超過
2026-10-09T01:47:54.8450843Z 
2026-10-09T01:47:54.8451185Z kill-receipt-prepared.open.after:全体180秒を超過
2026-10-09T01:47:54.8451579Z 
2026-10-09T01:47:54.8451906Z kill-candidate.readback.before:全体180秒を超過
2026-10-09T01:47:54.8452265Z 
2026-10-09T01:47:54.8452611Z kill-receipt-prepared.open.before:全体180秒を超過
2026-10-09T01:47:54.8453355Z 
2026-10-09T01:47:54.8453693Z kill-receipt-prepared.store.before:全体180秒を超過
2026-10-09T01:47:54.8454123Z 
2026-10-09T01:47:54.8454433Z kill-receipt-prepared.store.after:全体180秒を超過
2026-10-09T01:47:54.8454838Z 
2026-10-09T01:47:54.8455105Z kill-candidate.store.before:全体180秒を超過
2026-10-09T01:47:54.8455462Z 
2026-10-09T01:47:54.8455803Z kill-receipt-prepared.flush.before:全体180秒を超過
2026-10-09T01:47:54.8456171Z 
2026-10-09T01:47:54.8456486Z kill-receipt-prepared.close.before:全体180秒を超過
2026-10-09T01:47:54.8456811Z 
2026-10-09T01:47:54.8457126Z kill-receipt-prepared.close.after:全体180秒を超過
2026-10-09T01:47:54.8457469Z 
2026-10-09T01:47:54.8457822Z kill-receipt-prepared.readback.before:全体180秒を超過
2026-10-09T01:47:54.8458237Z 
2026-10-09T01:47:54.8458525Z kill-receipt-prepared.flush.after:全体180秒を超過
2026-10-09T01:47:54.8458983Z 
2026-10-09T01:47:54.8459295Z kill-receipt-prepared.rename.before:全体180秒を超過
2026-10-09T01:47:54.8459733Z 
2026-10-09T01:47:54.8460045Z kill-receipt-committed.open.before:全体180秒を超過
2026-10-09T01:47:54.8460473Z 
2026-10-09T01:47:54.8460835Z kill-receipt-prepared.rename.after:全体180秒を超過
2026-10-09T01:47:54.8461239Z 
2026-10-09T01:47:54.8461614Z kill-receipt-prepared.readback.after:全体180秒を超過
2026-10-09T01:47:54.8462021Z 
2026-10-09T01:47:54.8462369Z kill-receipt-committed.open.after:全体180秒を超過
2026-10-09T01:47:54.8462778Z 
2026-10-09T01:47:54.8463083Z kill-receipt-committed.store.after:全体180秒を超過
2026-10-09T01:47:54.8463485Z 
2026-10-09T01:47:54.8463807Z kill-receipt-committed.flush.after:全体180秒を超過
2026-10-09T01:47:54.8464196Z 
2026-10-09T01:47:54.8464486Z kill-receipt-committed.store.before:全体180秒を超過
2026-10-09T01:47:54.8464867Z 
2026-10-09T01:47:54.8465200Z kill-receipt-committed.flush.before:全体180秒を超過
2026-10-09T01:47:54.8465579Z 
2026-10-09T01:47:54.8466180Z kill-receipt-committed.close.before:全体180秒を超過
2026-10-09T01:47:54.8466518Z 
2026-10-09T01:47:54.8466832Z kill-receipt-committed.close.after:全体180秒を超過
2026-10-09T01:47:54.8467186Z 
2026-10-09T01:47:54.8467558Z kill-receipt-committed.readback.after:全体180秒を超過
2026-10-09T01:47:54.8467998Z 
2026-10-09T01:47:54.8468661Z kill-receipt-committed.readback.before:全体180秒を超過
2026-10-09T01:47:54.8469135Z 
2026-10-09T01:47:54.8469468Z kill-receipt-committed.rename.after:全体180秒を超過
2026-10-09T01:47:54.8469870Z 
2026-10-09T01:47:54.8470169Z kill-receipt-committed.rename.before:全体180秒を超過
2026-10-09T01:47:54.8470548Z 
2026-10-09T01:47:54.8470805Z kill-commit.rename.before:全体180秒を超過
2026-10-09T01:47:54.8471065Z 
2026-10-09T01:47:54.8472408Z fault-read.open.before:全体180秒を超過
2026-10-09T01:47:54.8472776Z 
2026-10-09T01:47:54.8473111Z kill-commit.rename.after:全体180秒を超過
2026-10-09T01:47:54.8473421Z 
2026-10-09T01:47:54.8473701Z fault-read.buffer.before:全体180秒を超過
2026-10-09T01:47:54.8474035Z 
2026-10-09T01:47:54.8474305Z fault-source.open.before:全体180秒を超過
2026-10-09T01:47:54.8474637Z 
2026-10-09T01:47:54.8474892Z fault-source.store.before:全体180秒を超過
2026-10-09T01:47:54.8475242Z 
2026-10-09T01:47:54.8475496Z fault-source.rename.before:全体180秒を超過
2026-10-09T01:47:54.8475855Z 
2026-10-09T01:47:54.8476292Z kill-candidate.open.after:子30秒境界待機超過
2026-10-09T01:47:54.8476601Z 
2026-10-09T01:47:54.8476888Z fault-source.flush.before:全体180秒を超過
2026-10-09T01:47:54.8477198Z 
2026-10-09T01:47:54.8477500Z kill-candidate.open.before:子30秒境界待機超過
2026-10-09T01:47:54.8477854Z 
2026-10-09T01:47:54.8478111Z fault-source.readback.before:全体180秒を超過
2026-10-09T01:47:54.8478475Z 
2026-10-09T01:47:54.8478720Z fault-history.flush.before:全体180秒を超過
2026-10-09T01:47:54.8479092Z 
2026-10-09T01:47:54.8479343Z fault-history.open.before:全体180秒を超過
2026-10-09T01:47:54.8479693Z 
2026-10-09T01:47:54.8479937Z fault-history.store.before:全体180秒を超過
2026-10-09T01:47:54.8480285Z 
2026-10-09T01:47:54.8480581Z fault-history.readback.before:全体180秒を超過
2026-10-09T01:47:54.8480932Z 
2026-10-09T01:47:54.8481253Z fault-candidate.readback.before:全体180秒を超過
2026-10-09T01:47:54.8481588Z 
2026-10-09T01:47:54.8481880Z fault-candidate.open.before:全体180秒を超過
2026-10-09T01:47:54.8482256Z 
2026-10-09T01:47:54.8482528Z fault-candidate.flush.before:全体180秒を超過
2026-10-09T01:47:54.8482911Z 
2026-10-09T01:47:54.8483174Z fault-history.rename.before:全体180秒を超過
2026-10-09T01:47:54.8483544Z 
2026-10-09T01:47:54.8483801Z fault-candidate.store.before:全体180秒を超過
2026-10-09T01:47:54.8484156Z 
2026-10-09T01:47:54.8484503Z fault-receipt-prepared.open.before:全体180秒を超過
2026-10-09T01:47:54.8484892Z 
2026-10-09T01:47:54.8485243Z fault-receipt-prepared.rename.before:全体180秒を超過
2026-10-09T01:47:54.8485653Z 
2026-10-09T01:47:54.8486009Z fault-receipt-committed.rename.before:全体180秒を超過
2026-10-09T01:47:54.8486400Z 
2026-10-09T01:47:54.8486701Z fault-commit.rename.before:全体180秒を超過
2026-10-09T01:47:54.8487063Z 
2026-10-09T01:47:54.8487295Z normal-pending:全体180秒を超過
2026-10-09T01:47:54.8487614Z 
2026-10-09T01:47:54.8487828Z trial-missing:全体180秒を超過
2026-10-09T01:47:54.8488110Z 
2026-10-09T01:47:54.8488330Z normal-granted:全体180秒を超過
2026-10-09T01:47:54.8488988Z 
2026-10-09T01:47:54.8489265Z absent-id:全体180秒を超過
2026-10-09T01:47:54.8489496Z 
2026-10-09T01:47:54.8489757Z trial-unclean:全体180秒を超過
2026-10-09T01:47:54.8490004Z 
2026-10-09T01:47:54.8490264Z trial-corrupt:全体180秒を超過
2026-10-09T01:47:54.8490504Z 
2026-10-09T01:47:54.8490844Z fault-receipt-committed.open.before:全体180秒を超過
2026-10-09T01:47:54.8491254Z 
2026-10-09T01:47:54.8491477Z same-raw-alias:全体180秒を超過
2026-10-09T01:47:54.8491761Z 
2026-10-09T01:47:54.8491977Z stale-prepare:全体180秒を超過
2026-10-09T01:47:54.8492251Z 
2026-10-09T01:47:54.8492472Z new-input:全体180秒を超過
2026-10-09T01:47:54.8492729Z 
2026-10-09T01:47:54.8492961Z different-raw:全体180秒を超過
2026-10-09T01:47:54.8493244Z 
2026-10-09T01:47:54.8493500Z stale-commit:全体180秒を超過
2026-10-09T01:47:54.8493726Z 
2026-10-09T01:47:54.8494087Z inspect-readonly:全体180秒を超過
2026-10-09T01:47:54.8494649Z 
2026-10-09T01:47:54.8494869Z wrong-hash:全体180秒を超過
2026-10-09T01:47:54.8495130Z 
2026-10-09T01:47:54.8495358Z source-changed:全体180秒を超過
2026-10-09T01:47:54.8495661Z 
2026-10-09T01:47:54.8495880Z backup-changed:全体180秒を超過
2026-10-09T01:47:54.8496158Z 
2026-10-09T01:47:54.8496420Z receipt-intent:全体180秒を超過
2026-10-09T01:47:54.8496682Z 
2026-10-09T01:47:54.8496954Z output-changed:全体180秒を超過
2026-10-09T01:47:54.8497202Z 
2026-10-09T01:47:54.8497488Z receipt-phase-stale:全体180秒を超過
2026-10-09T01:47:54.8497785Z 
2026-10-09T01:47:54.8498061Z receipt-corrupt:全体180秒を超過
2026-10-09T01:47:54.8498374Z 
2026-10-09T01:47:54.8498595Z history-changed:全体180秒を超過
2026-10-09T01:47:54.8498874Z 
2026-10-09T01:47:54.8499253Z intent-changed:全体180秒を超過
2026-10-09T01:47:54.8499546Z 
2026-10-09T01:47:54.8499774Z candidate-quantity:全体180秒を超過
2026-10-09T01:47:54.8500074Z 
2026-10-09T01:47:54.8500316Z candidate-types:全体180秒を超過
2026-10-09T01:47:54.8500557Z 
2026-10-09T01:47:54.8500808Z candidate-value:全体180秒を超過
2026-10-09T01:47:54.8501046Z 
2026-10-09T01:47:54.8501274Z parent-path:全体180秒を超過
2026-10-09T01:47:54.8501497Z 
2026-10-09T01:47:54.8501731Z outside-path:全体180秒を超過
2026-10-09T01:47:54.8501983Z 
2026-10-09T01:47:54.8502172Z source-link:全体180秒を超過
2026-10-09T01:47:54.8502417Z 
2026-10-09T01:47:54.8502626Z directory-link:全体180秒を超過
2026-10-09T01:47:54.8502905Z 
2026-10-09T01:47:54.8503110Z output-link:全体180秒を超過
2026-10-09T01:47:54.8503377Z 
2026-10-09T01:47:54.8503593Z backup-hardlink:全体180秒を超過
2026-10-09T01:47:54.8503882Z 
2026-10-09T01:47:54.8504123Z token-invalid:全体180秒を超過
2026-10-09T01:47:54.8504341Z 
2026-10-09T01:47:54.8504602Z transaction-source:全体180秒を超過
2026-10-09T01:47:54.8504873Z 
2026-10-09T01:47:54.8505165Z target-collision:全体180秒を超過
2026-10-09T01:47:54.8505437Z 
2026-10-09T01:47:54.8505730Z backup-collision:全体180秒を超過
2026-10-09T01:47:54.8506007Z 
2026-10-09T01:47:54.8506215Z nonroot-permission:全体180秒を超過
2026-10-09T01:47:54.8506485Z 
2026-10-09T01:47:54.8506678Z null-session:全体180秒を超過
2026-10-09T01:47:54.8506912Z 
2026-10-09T01:47:54.8507117Z writer-busy:全体180秒を超過
2026-10-09T01:47:54.8507320Z 
2026-10-09T01:47:54.8507545Z null-abilities:全体180秒を超過
2026-10-09T01:47:54.8507769Z 
2026-10-09T01:47:54.8508005Z commit-target-race:全体180秒を超過
2026-10-09T01:47:54.8508259Z 
2026-10-09T01:47:54.8508523Z commit-source-race:全体180秒を超過
2026-10-09T01:47:54.8509240Z 
2026-10-09T01:47:54.8509528Z kill-owner.store.partial:全体180秒を超過
2026-10-09T01:47:54.8509881Z 
2026-10-09T01:47:54.8510140Z kill-source.store.partial:全体180秒を超過
2026-10-09T01:47:54.8510487Z 
2026-10-09T01:47:54.8510732Z kill-intent.store.partial:全体180秒を超過
2026-10-09T01:47:54.8511074Z 
2026-10-09T01:47:54.8511335Z commit-tmp-race:全体180秒を超過
2026-10-09T01:47:54.8511564Z 
2026-10-09T01:47:54.8511810Z injected-enospc:全体180秒を超過
2026-10-09T01:47:54.8512046Z 
2026-10-09T01:47:54.8512318Z kill-history.store.partial:全体180秒を超過
2026-10-09T01:47:54.8512634Z 
2026-10-09T01:47:54.8512977Z kill-receipt-prepared.store.partial:全体180秒を超過
2026-10-09T01:47:54.8513582Z 
2026-10-09T01:47:54.8513831Z kill-candidate.store.partial:全体180秒を超過
2026-10-09T01:47:54.8514187Z 
2026-10-09T01:47:54.8514412Z stale-current:全体180秒を超過
2026-10-09T01:47:54.8514699Z 
2026-10-09T01:47:54.8514994Z kill-receipt-committed.store.partial:全体180秒を超過
2026-10-09T01:47:54.8515426Z 
2026-10-09T01:47:54.8515732Z fault-source.store.partial:全体180秒を超過
2026-10-09T01:47:54.8516043Z 
2026-10-09T01:47:54.8516361Z fault-candidate.store.partial:全体180秒を超過
2026-10-09T01:47:54.8516696Z 
2026-10-09T01:47:54.8516962Z stale-committed:全体180秒を超過
2026-10-09T01:47:54.8517218Z 
2026-10-09T01:47:54.8517473Z inspect-missing:全体180秒を超過
2026-10-09T01:47:54.8517761Z 
2026-10-09T01:47:54.8518567Z fault-history.store.partial:全体180秒を超過
2026-10-09T01:47:54.8519015Z 
2026-10-09T01:47:54.8519319Z inspect-prepared:全体180秒を超過
2026-10-09T01:47:54.8519638Z 
2026-10-09T01:47:54.8519880Z inspect-null-context:全体180秒を超過
2026-10-09T01:47:54.8520208Z 
2026-10-09T01:47:54.8520519Z inspect-committed:全体180秒を超過
2026-10-09T01:47:54.8521138Z 
2026-10-09T01:47:54.8521725Z initial-tmp-hardlink:全体180秒を超過
2026-10-09T01:47:54.8522047Z 
2026-10-09T01:47:54.8523308Z receipt-tmp-hardlink:全体180秒を超過
2026-10-09T01:47:54.8523633Z 
2026-10-09T01:47:54.8523944Z owner-corrupt:全体180秒を超過
2026-10-09T01:47:54.8524249Z 
2026-10-09T01:47:54.8524255Z 
2026-10-09T01:47:54.8524616Z PLATFORM_CI_FAIL: コマンド失敗:transaction
2026-10-09T01:47:54.8542721Z Traceback (most recent call last):
2026-10-09T01:47:54.8552099Z   File "D:\a\RPG-maker\RPG-maker\tools\fixtures\equipment-save-transaction-platform\launch.py", line 22, in <module>
2026-10-09T01:47:54.8553785Z     p=argparse.ArgumentParser();p.add_argument('--output',required=True);p.add_argument('--profile',required=True);p.add_argument('--phase',choices=['transaction','primitives'],default='transaction');main(p.parse_args())
2026-10-09T01:47:54.8555579Z                                                                                                                                                                                                         ^^^^^^^^^^^^^^^^^^^^
2026-10-09T01:47:54.8556459Z   File "D:\a\RPG-maker\RPG-maker\tools\fixtures\equipment-save-transaction-platform\launch.py", line 20, in main
2026-10-09T01:47:54.8557077Z     subprocess.run(argv,cwd=ROOT,check=True)
2026-10-09T01:47:54.8557649Z   File "C:\hostedtoolcache\windows\Python\3.12.10\x64\Lib\subprocess.py", line 571, in run
2026-10-09T01:47:55.0352519Z     raise CalledProcessError(retcode, process.args,
2026-10-09T01:47:55.0356359Z subprocess.CalledProcessError: Command '['C:\\hostedtoolcache\\windows\\Python\\3.12.10\\x64\\python.exe', 'D:\\a\\RPG-maker\\RPG-maker\\tools\\fixtures\\equipment-save-transaction-platform\\run_ci.py', '--godot', 'D:\\a\\_temp\\native-evidence\\bin\\Godot_v4.7.2-stable_win64.exe', '--source-sha', 'adbd4b1b1fde34a0fa8f5a48388571e25e996eb3', '--profile', 'fixed055', '--output', 'D:\\a\\_temp\\native-evidence\\results', '--fixed-sha', 'dda64d436a03975ffb71abebce65b30dd2928ba3']' returned non-zero exit status 1.
2026-10-09T01:47:55.0619367Z ##[error]Process completed with exit code 1.
2026-10-09T01:47:55.0808222Z ##[group]Run python tools/check_frozen_files.py
2026-10-09T01:47:55.0808791Z [36;1mpython tools/check_frozen_files.py[0m
2026-10-09T01:47:55.0887191Z shell: C:\Program Files\PowerShell\7\pwsh.EXE -command ". '{0}'"
2026-10-09T01:47:55.0887603Z env:
2026-10-09T01:47:55.0887850Z   GODOT_VERSION: 4.7.2-stable
2026-10-09T01:47:55.0888139Z   PYTHONUTF8: 1
2026-10-09T01:47:55.0888386Z   GIT_CONFIG_COUNT: 1
2026-10-09T01:47:55.0888656Z   GIT_CONFIG_KEY_0: core.autocrlf
2026-10-09T01:47:55.0888991Z   GIT_CONFIG_VALUE_0: false
2026-10-09T01:47:55.0889367Z   pythonLocation: C:\hostedtoolcache\windows\Python\3.12.10\x64
2026-10-09T01:47:55.0889888Z   PKG_CONFIG_PATH: C:\hostedtoolcache\windows\Python\3.12.10\x64/lib/pkgconfig
2026-10-09T01:47:55.0890402Z   Python_ROOT_DIR: C:\hostedtoolcache\windows\Python\3.12.10\x64
2026-10-09T01:47:55.0891047Z   Python2_ROOT_DIR: C:\hostedtoolcache\windows\Python\3.12.10\x64
2026-10-09T01:47:55.0891599Z   Python3_ROOT_DIR: C:\hostedtoolcache\windows\Python\3.12.10\x64
2026-10-09T01:47:55.0891996Z   CommandPromptType: Native
2026-10-09T01:47:55.0892412Z   DevEnvDir: C:\Program Files\Microsoft Visual Studio\18\Enterprise\Common7\IDE\
2026-10-09T01:47:55.0892994Z   ExtensionSdkDir: C:\Program Files (x86)\Microsoft SDKs\Windows Kits\10\ExtensionSDKs
2026-10-09T01:47:55.0895477Z   EXTERNAL_INCLUDE: C:\Program Files\Microsoft Visual Studio\18\Enterprise\VC\Tools\MSVC\14.51.36231\include;C:\Program Files\Microsoft Visual Studio\18\Enterprise\VC\Tools\MSVC\14.51.36231\ATLMFC\include;C:\Program Files\Microsoft Visual Studio\18\Enterprise\VC\Auxiliary\VS\include;C:\Program Files (x86)\Windows Kits\10\include\10.0.26100.0\ucrt;C:\Program Files (x86)\Windows Kits\10\\include\10.0.26100.0\\um;C:\Program Files (x86)\Windows Kits\10\\include\10.0.26100.0\\shared;C:\Program Files (x86)\Windows Kits\10\\include\10.0.26100.0\\winrt;C:\Program Files (x86)\Windows Kits\10\\include\10.0.26100.0\\cppwinrt;C:\Program Files (x86)\Windows Kits\NETFXSDK\4.8.1\include\um
2026-10-09T01:47:55.0898243Z   Framework40Version: v4.0
2026-10-09T01:47:55.0898584Z   FrameworkDir: C:\Windows\Microsoft.NET\Framework64\
2026-10-09T01:47:55.0898991Z   FrameworkDir64: C:\Windows\Microsoft.NET\Framework64\
2026-10-09T01:47:55.0899387Z   FrameworkVersion: v4.0.30319
2026-10-09T01:47:55.0899685Z   FrameworkVersion64: v4.0.30319
2026-10-09T01:47:55.0900271Z   FSHARPINSTALLDIR: C:\Program Files\Microsoft Visual Studio\18\Enterprise\Common7\IDE\CommonExtensions\Microsoft\FSharp\Tools
2026-10-09T01:47:55.0900932Z   HTMLHelpDir: C:\Program Files (x86)\HTML Help Workshop
2026-10-09T01:47:55.0903247Z   INCLUDE: C:\Program Files\Microsoft Visual Studio\18\Enterprise\VC\Tools\MSVC\14.51.36231\include;C:\Program Files\Microsoft Visual Studio\18\Enterprise\VC\Tools\MSVC\14.51.36231\ATLMFC\include;C:\Program Files\Microsoft Visual Studio\18\Enterprise\VC\Auxiliary\VS\include;C:\Program Files (x86)\Windows Kits\10\include\10.0.26100.0\ucrt;C:\Program Files (x86)\Windows Kits\10\\include\10.0.26100.0\\um;C:\Program Files (x86)\Windows Kits\10\\include\10.0.26100.0\\shared;C:\Program Files (x86)\Windows Kits\10\\include\10.0.26100.0\\winrt;C:\Program Files (x86)\Windows Kits\10\\include\10.0.26100.0\\cppwinrt;C:\Program Files (x86)\Windows Kits\NETFXSDK\4.8.1\include\um
2026-10-09T01:47:55.0906564Z   LIB: C:\Program Files\Microsoft Visual Studio\18\Enterprise\VC\Tools\MSVC\14.51.36231\ATLMFC\lib\x64;C:\Program Files\Microsoft Visual Studio\18\Enterprise\VC\Tools\MSVC\14.51.36231\lib\x64;C:\Program Files (x86)\Windows Kits\NETFXSDK\4.8.1\lib\um\x64;C:\Program Files (x86)\Windows Kits\10\lib\10.0.26100.0\ucrt\x64;C:\Program Files (x86)\Windows Kits\10\\lib\10.0.26100.0\\um\x64
2026-10-09T01:47:55.0911707Z   LIBPATH: C:\Program Files\Microsoft Visual Studio\18\Enterprise\VC\Tools\MSVC\14.51.36231\ATLMFC\lib\x64;C:\Program Files\Microsoft Visual Studio\18\Enterprise\VC\Tools\MSVC\14.51.36231\lib\x64;C:\Program Files\Microsoft Visual Studio\18\Enterprise\VC\Tools\MSVC\14.51.36231\lib\x86\store\references;C:\Program Files (x86)\Windows Kits\10\UnionMetadata\10.0.26100.0;C:\Program Files (x86)\Windows Kits\10\References\10.0.26100.0;C:\Windows\Microsoft.NET\Framework64\v4.0.30319
2026-10-09T01:47:55.0913694Z   llvmArm64: C:\Program Files\Microsoft Visual Studio\18\Enterprise\VC\Tools\Llvm\ARM64\bin
2026-10-09T01:47:55.0914351Z   llvmX64: C:\Program Files\Microsoft Visual Studio\18\Enterprise\VC\Tools\Llvm\x64\bin
2026-10-09T01:47:55.0914919Z   NETFXSDKDir: C:\Program Files (x86)\Windows Kits\NETFXSDK\4.8.1\
2026-10-09T01:47:55.0930750Z   Path: C:\Program Files\Microsoft Visual Studio\18\Enterprise\VC\Tools\MSVC\14.51.36231\bin\HostX64\x64;C:\Program Files\Microsoft Visual Studio\18\Enterprise\Common7\IDE\VC\VCPackages;C:\Program Files\Microsoft Visual Studio\18\Enterprise\Common7\IDE\CommonExtensions\Microsoft\TestWindow;C:\Program Files\Microsoft Visual Studio\18\Enterprise\Common7\IDE\CommonExtensions\Microsoft\TeamFoundation\Team Explorer;C:\Program Files\Microsoft Visual Studio\18\Enterprise\MSBuild\Current\bin\Roslyn;C:\Program Files (x86)\Microsoft SDKs\Windows\v10.0A\bin\NETFX 4.8.1 Tools\x64\;C:\Program Files (x86)\HTML Help Workshop;C:\Program Files\Microsoft Visual Studio\18\Enterprise\Common7\IDE\CommonExtensions\Microsoft\FSharp\Tools;C:\Program Files\Microsoft Visual Studio\18\Enterprise\Team Tools\DiagnosticsHub\Collector;C:\Program Files\Microsoft Visual Studio\18\Enterprise\Common7\IDE\Extensions\Microsoft\CodeCoverage.Console;C:\Program Files (x86)\Windows Kits\10\bin\10.0.26100.0\\x64;C:\Program Files (x86)\Windows Kits\10\bin\\x64;C:\Program Files\Microsoft Visual Studio\18\Enterprise\\MSBuild\Current\Bin\amd64;C:\Windows\Microsoft.NET\Framework64\v4.0.30319;C:\Program Files\Microsoft Visual Studio\18\Enterprise\Common7\IDE\;C:\Program Files\Microsoft Visual Studio\18\Enterprise\Common7\Tools\;C:\Users\runneradmin\AppData\Roaming\Python\Python312\Scripts;C:\hostedtoolcache\windows\Python\3.12.10\x64\Scripts;C:\hostedtoolcache\windows\Python\3.12.10\x64;C:\Program Files\MongoDB\Server\7.0\bin;C:\vcpkg;C:\tools\zstd;C:\hostedtoolcache\windows\stack\3.11.1\x64;C:\cabal\bin;C:\\ghcup\bin;C:\mingw64\bin;C:\Program Files\dotnet;C:\Program Files\MySQL\MySQL Server 8.0\bin;C:\Program Files\R\R-4.6.1\bin\x64;C:\SeleniumWebDrivers\GeckoDriver;C:\SeleniumWebDrivers\EdgeDriver\;C:\SeleniumWebDrivers\ChromeDriver;C:\Program Files (x86)\sbt\bin;C:\Program Files (x86)\GitHub CLI;C:\Program Files\Git\bin;C:\Program Files (x86)\pipx_bin;C:\npm\prefix;C:\hostedtoolcache\windows\go\1.24.13\x64\bin;C:\hostedtoolcache\windows\Ruby\3.3.12\x64\bin;C:\Program Files\OpenSSL\bin;C:\tools\kotlinc\bin;C:\hostedtoolcache\windows\Java_Temurin-Hotspot_jdk\17.0.20-101\x64\bin;C:\Program Files\ImageMagick-7.1.2-Q16-HDRI;C:\Program Files\Microsoft SDKs\Azure\CLI2\wbin;C:\ProgramData\kind;C:\ProgramData\Chocolatey\bin;C:\Windows\system32;C:\Windows;C:\Windows\System32\Wbem;C:\Windows\System32\WindowsPowerShell\v1.0\;C:\Windows\System32\OpenSSH\;C:\Program Files\PowerShell\7\;C:\Program Files\Microsoft\Web Platform Installer\;C:\Program Files\Microsoft SQL Server\170\Tools\Binn\;C:\Program Files\Microsoft SQL Server\Client SDK\ODBC\170\Tools\Binn\;C:\Program Files\dotnet\;C:\Program Files (x86)\Windows Kits\10\Windows Performance Toolkit\;C:\Program Files (x86)\WiX Toolset v3.14\bin;C:\Program Files\Microsoft SQL Server\130\DTS\Binn\;C:\Program Files\Microsoft SQL Server\140\DTS\Binn\;C:\Program Files\Microsoft SQL Server\150\DTS\Binn\;C:\Program Files\Microsoft SQL Server\160\DTS\Binn\;C:\Program Files\Microsoft SQL Server\170\DTS\Binn\;C:\ProgramData\chocolatey\lib\pulumi\tools\Pulumi\bin;C:\Program Files\CMake\bin;C:\Strawberry\c\bin;C:\Strawberry\perl\site\bin;C:\Strawberry\perl\bin;C:\ProgramData\chocolatey\lib\maven\apache-maven-3.9.16\bin;C:\Program Files\Microsoft Service Fabric\bin\Fabric\Fabric.Code;C:\Program Files\Microsoft SDKs\Service Fabric\Tools\ServiceFabricLocalClusterManager;C:\Program Files\nodejs\;C:\Program Files\Git\cmd;C:\Program Files\Git\mingw64\bin;C:\Program Files\Git\usr\bin;C:\Program Files\GitHub CLI\;c:\tools\php;C:\Program Files\Amazon\AWSCLIV2\;C:\Program Files\Amazon\SessionManagerPlugin\bin\;C:\Program Files\Amazon\AWSSAMCLI\bin\;C:\Program Files\Microsoft SQL Server\130\Tools\Binn\;C:\Program Files\mongosh\;C:\Program Files\LLVM\bin;C:\Program Files (x86)\LLVM\bin;C:\Users\runneradmin\.dotnet\tools;C:\Users\runneradmin\.cargo\bin;C:\Users\runneradmin\AppData\Local\Microsoft\WindowsApps;C:\Program Files (x86)\Microsoft Visual Studio\Installer;C:\Program Files\Microsoft Visual Studio\18\Enterprise\VC\Tools\Llvm\x64\bin;C:\Program Files\Microsoft Visual Studio\18\Enterprise\Common7\IDE\CommonExtensions\Microsoft\CMake\CMake\bin;C:\Program Files\Microsoft Visual Studio\18\Enterprise\Common7\IDE\CommonExtensions\Microsoft\CMake\Ninja;C:\Program Files\Microsoft Visual Studio\18\Enterprise\Common7\IDE\VC\Linux\bin\ConnectionManagerExe;C:\Program Files\Microsoft Visual Studio\18\Enterprise\VC\vcpkg
2026-10-09T01:47:55.0946048Z   Platform: x64
2026-10-09T01:47:55.0946313Z   UCRTVersion: 10.0.26100.0
2026-10-09T01:47:55.0946784Z   UniversalCRTSdkDir: C:\Program Files (x86)\Windows Kits\10\
2026-10-09T01:47:55.0947181Z   use_x64_llvm: true
2026-10-09T01:47:55.0947606Z   VCIDEInstallDir: C:\Program Files\Microsoft Visual Studio\18\Enterprise\Common7\IDE\VC\
2026-10-09T01:47:55.0948195Z   VCINSTALLDIR: C:\Program Files\Microsoft Visual Studio\18\Enterprise\VC\
2026-10-09T01:47:55.0949132Z   VCPKG_ROOT: C:\Program Files\Microsoft Visual Studio\18\Enterprise\VC\vcpkg
2026-10-09T01:47:55.0949772Z   VCToolsInstallDir: C:\Program Files\Microsoft Visual Studio\18\Enterprise\VC\Tools\MSVC\14.51.36231\
2026-10-09T01:47:55.0950521Z   VCToolsRedistDir: C:\Program Files\Microsoft Visual Studio\18\Enterprise\VC\Redist\MSVC\14.51.36231\
2026-10-09T01:47:55.0951045Z   VCToolsVersion: 14.51.36231
2026-10-09T01:47:55.0951337Z   VisualStudioVersion: 18.0
2026-10-09T01:47:55.0951772Z   VS180COMNTOOLS: C:\Program Files\Microsoft Visual Studio\18\Enterprise\Common7\Tools\
2026-10-09T01:47:55.0952268Z   VSCMD_ARG_app_plat: Desktop
2026-10-09T01:47:55.0952548Z   VSCMD_ARG_HOST_ARCH: x64
2026-10-09T01:47:55.0952815Z   VSCMD_ARG_TGT_ARCH: x64
2026-10-09T01:47:55.0953073Z   VSCMD_VER: 18.10.2
2026-10-09T01:47:55.0953433Z   VSINSTALLDIR: C:\Program Files\Microsoft Visual Studio\18\Enterprise\
2026-10-09T01:47:55.0953977Z   VSSDK150INSTALL: C:\Program Files\Microsoft Visual Studio\18\Enterprise\VSSDK
2026-10-09T01:47:55.0954603Z   VSSDKINSTALL: C:\Program Files\Microsoft Visual Studio\18\Enterprise\VSSDK
2026-10-09T01:47:55.0955391Z   WindowsLibPath: C:\Program Files (x86)\Windows Kits\10\UnionMetadata\10.0.26100.0;C:\Program Files (x86)\Windows Kits\10\References\10.0.26100.0
2026-10-09T01:47:55.0956126Z   WindowsSdkBinPath: C:\Program Files (x86)\Windows Kits\10\bin\
2026-10-09T01:47:55.0956573Z   WindowsSdkDir: C:\Program Files (x86)\Windows Kits\10\
2026-10-09T01:47:55.0956941Z   WindowsSDKLibVersion: 10.0.26100.0\
2026-10-09T01:47:55.0957392Z   WindowsSdkVerBinPath: C:\Program Files (x86)\Windows Kits\10\bin\10.0.26100.0\
2026-10-09T01:47:55.0976162Z   WindowsSDKVersion: 10.0.26100.0\
2026-10-09T01:47:55.0977075Z   WindowsSDK_ExecutablePath_x64: C:\Program Files (x86)\Microsoft SDKs\Windows\v10.0A\bin\NETFX 4.8.1 Tools\x64\
2026-10-09T01:47:55.0978390Z   WindowsSDK_ExecutablePath_x86: C:\Program Files (x86)\Microsoft SDKs\Windows\v10.0A\bin\NETFX 4.8.1 Tools\
2026-10-09T01:47:55.0979253Z   __DOTNET_ADD_64BIT: 1
2026-10-09T01:47:55.0979674Z   __DOTNET_PREFERRED_BITNESS: 64
2026-10-09T01:47:55.0992969Z   __VSCMD_PREINIT_PATH: C:\Users\runneradmin\AppData\Roaming\Python\Python312\Scripts;C:\hostedtoolcache\windows\Python\3.12.10\x64\Scripts;C:\hostedtoolcache\windows\Python\3.12.10\x64;C:\Program Files\MongoDB\Server\7.0\bin;C:\vcpkg;C:\tools\zstd;C:\hostedtoolcache\windows\stack\3.11.1\x64;C:\cabal\bin;C:\\ghcup\bin;C:\mingw64\bin;C:\Program Files\dotnet;C:\Program Files\MySQL\MySQL Server 8.0\bin;C:\Program Files\R\R-4.6.1\bin\x64;C:\SeleniumWebDrivers\GeckoDriver;C:\SeleniumWebDrivers\EdgeDriver\;C:\SeleniumWebDrivers\ChromeDriver;C:\Program Files (x86)\sbt\bin;C:\Program Files (x86)\GitHub CLI;C:\Program Files\Git\bin;C:\Program Files (x86)\pipx_bin;C:\npm\prefix;C:\hostedtoolcache\windows\go\1.24.13\x64\bin;C:\hostedtoolcache\windows\Python\3.12.10\x64\Scripts;C:\hostedtoolcache\windows\Python\3.12.10\x64;C:\hostedtoolcache\windows\Ruby\3.3.12\x64\bin;C:\Program Files\OpenSSL\bin;C:\tools\kotlinc\bin;C:\hostedtoolcache\windows\Java_Temurin-Hotspot_jdk\17.0.20-101\x64\bin;C:\Program Files\ImageMagick-7.1.2-Q16-HDRI;C:\Program Files\Microsoft SDKs\Azure\CLI2\wbin;C:\ProgramData\kind;C:\ProgramData\Chocolatey\bin;C:\Windows\system32;C:\Windows;C:\Windows\System32\Wbem;C:\Windows\System32\WindowsPowerShell\v1.0\;C:\Windows\System32\OpenSSH\;C:\Program Files\PowerShell\7\;C:\Program Files\Microsoft\Web Platform Installer\;C:\Program Files\Microsoft SQL Server\170\Tools\Binn\;C:\Program Files\Microsoft SQL Server\Client SDK\ODBC\170\Tools\Binn\;C:\Program Files\dotnet\;C:\Program Files (x86)\Windows Kits\10\Windows Performance Toolkit\;C:\Program Files (x86)\WiX Toolset v3.14\bin;C:\Program Files\Microsoft SQL Server\130\DTS\Binn\;C:\Program Files\Microsoft SQL Server\140\DTS\Binn\;C:\Program Files\Microsoft SQL Server\150\DTS\Binn\;C:\Program Files\Microsoft SQL Server\160\DTS\Binn\;C:\Program Files\Microsoft SQL Server\170\DTS\Binn\;C:\ProgramData\chocolatey\lib\pulumi\tools\Pulumi\bin;C:\Program Files\CMake\bin;C:\Strawberry\c\bin;C:\Strawberry\perl\site\bin;C:\Strawberry\perl\bin;C:\ProgramData\chocolatey\lib\maven\apache-maven-3.9.16\bin;C:\Program Files\Microsoft Service Fabric\bin\Fabric\Fabric.Code;C:\Program Files\Microsoft SDKs\Service Fabric\Tools\ServiceFabricLocalClusterManager;C:\Program Files\nodejs\;C:\Program Files\Git\cmd;C:\Program Files\Git\mingw64\bin;C:\Program Files\Git\usr\bin;C:\Program Files\GitHub CLI\;c:\tools\php;C:\Program Files (x86)\sbt\bin;C:\Program Files\Amazon\AWSCLIV2\;C:\Program Files\Amazon\SessionManagerPlugin\bin\;C:\Program Files\Amazon\AWSSAMCLI\bin\;C:\Program Files\Microsoft SQL Server\130\Tools\Binn\;C:\Program Files\mongosh\;C:\Program Files\LLVM\bin;C:\Program Files (x86)\LLVM\bin;C:\Users\runneradmin\.dotnet\tools;C:\Users\runneradmin\.cargo\bin;C:\Users\runneradmin\AppData\Local\Microsoft\WindowsApps;C:\Program Files (x86)\Microsoft Visual Studio\Installer
2026-10-09T01:47:55.1002800Z ##[endgroup]
2026-10-09T01:47:55.5020499Z 保護対象26件、一致26件。
2026-10-09T01:47:55.6293084Z ##[group]Run python tools/fixtures/equipment-save-transaction-platform/evidence.py --output "$RUNNER_TEMP/native-evidence"
2026-10-09T01:47:55.6294930Z [36;1mpython tools/fixtures/equipment-save-transaction-platform/evidence.py --output "$RUNNER_TEMP/native-evidence"[0m
2026-10-09T01:47:55.6317859Z shell: C:\Program Files\Git\bin\bash.EXE --noprofile --norc -e -o pipefail {0}
2026-10-09T01:47:55.6318288Z env:
2026-10-09T01:47:55.6318532Z   GODOT_VERSION: 4.7.2-stable
2026-10-09T01:47:55.6318858Z   PYTHONUTF8: 1
2026-10-09T01:47:55.6319107Z   GIT_CONFIG_COUNT: 1
2026-10-09T01:47:55.6319363Z   GIT_CONFIG_KEY_0: core.autocrlf
2026-10-09T01:47:55.6319656Z   GIT_CONFIG_VALUE_0: false
2026-10-09T01:47:55.6320012Z   pythonLocation: C:\hostedtoolcache\windows\Python\3.12.10\x64
2026-10-09T01:47:55.6320535Z   PKG_CONFIG_PATH: C:\hostedtoolcache\windows\Python\3.12.10\x64/lib/pkgconfig
2026-10-09T01:47:55.6321131Z   Python_ROOT_DIR: C:\hostedtoolcache\windows\Python\3.12.10\x64
2026-10-09T01:47:55.6321588Z   Python2_ROOT_DIR: C:\hostedtoolcache\windows\Python\3.12.10\x64
2026-10-09T01:47:55.6322058Z   Python3_ROOT_DIR: C:\hostedtoolcache\windows\Python\3.12.10\x64
2026-10-09T01:47:55.6322448Z   CommandPromptType: Native
2026-10-09T01:47:55.6322844Z   DevEnvDir: C:\Program Files\Microsoft Visual Studio\18\Enterprise\Common7\IDE\
2026-10-09T01:47:55.6323448Z   ExtensionSdkDir: C:\Program Files (x86)\Microsoft SDKs\Windows Kits\10\ExtensionSDKs
2026-10-09T01:47:55.6326203Z   EXTERNAL_INCLUDE: C:\Program Files\Microsoft Visual Studio\18\Enterprise\VC\Tools\MSVC\14.51.36231\include;C:\Program Files\Microsoft Visual Studio\18\Enterprise\VC\Tools\MSVC\14.51.36231\ATLMFC\include;C:\Program Files\Microsoft Visual Studio\18\Enterprise\VC\Auxiliary\VS\include;C:\Program Files (x86)\Windows Kits\10\include\10.0.26100.0\ucrt;C:\Program Files (x86)\Windows Kits\10\\include\10.0.26100.0\\um;C:\Program Files (x86)\Windows Kits\10\\include\10.0.26100.0\\shared;C:\Program Files (x86)\Windows Kits\10\\include\10.0.26100.0\\winrt;C:\Program Files (x86)\Windows Kits\10\\include\10.0.26100.0\\cppwinrt;C:\Program Files (x86)\Windows Kits\NETFXSDK\4.8.1\include\um
2026-10-09T01:47:55.6328495Z   Framework40Version: v4.0
2026-10-09T01:47:55.6328790Z   FrameworkDir: C:\Windows\Microsoft.NET\Framework64\
2026-10-09T01:47:55.6329163Z   FrameworkDir64: C:\Windows\Microsoft.NET\Framework64\
2026-10-09T01:47:55.6329519Z   FrameworkVersion: v4.0.30319
2026-10-09T01:47:55.6329832Z   FrameworkVersion64: v4.0.30319
2026-10-09T01:47:55.6330603Z   FSHARPINSTALLDIR: C:\Program Files\Microsoft Visual Studio\18\Enterprise\Common7\IDE\CommonExtensions\Microsoft\FSharp\Tools
2026-10-09T01:47:55.6331400Z   HTMLHelpDir: C:\Program Files (x86)\HTML Help Workshop
2026-10-09T01:47:55.6333794Z   INCLUDE: C:\Program Files\Microsoft Visual Studio\18\Enterprise\VC\Tools\MSVC\14.51.36231\include;C:\Program Files\Microsoft Visual Studio\18\Enterprise\VC\Tools\MSVC\14.51.36231\ATLMFC\include;C:\Program Files\Microsoft Visual Studio\18\Enterprise\VC\Auxiliary\VS\include;C:\Program Files (x86)\Windows Kits\10\include\10.0.26100.0\ucrt;C:\Program Files (x86)\Windows Kits\10\\include\10.0.26100.0\\um;C:\Program Files (x86)\Windows Kits\10\\include\10.0.26100.0\\shared;C:\Program Files (x86)\Windows Kits\10\\include\10.0.26100.0\\winrt;C:\Program Files (x86)\Windows Kits\10\\include\10.0.26100.0\\cppwinrt;C:\Program Files (x86)\Windows Kits\NETFXSDK\4.8.1\include\um
2026-10-09T01:47:55.6337014Z   LIB: C:\Program Files\Microsoft Visual Studio\18\Enterprise\VC\Tools\MSVC\14.51.36231\ATLMFC\lib\x64;C:\Program Files\Microsoft Visual Studio\18\Enterprise\VC\Tools\MSVC\14.51.36231\lib\x64;C:\Program Files (x86)\Windows Kits\NETFXSDK\4.8.1\lib\um\x64;C:\Program Files (x86)\Windows Kits\10\lib\10.0.26100.0\ucrt\x64;C:\Program Files (x86)\Windows Kits\10\\lib\10.0.26100.0\\um\x64
2026-10-09T01:47:55.6341812Z   LIBPATH: C:\Program Files\Microsoft Visual Studio\18\Enterprise\VC\Tools\MSVC\14.51.36231\ATLMFC\lib\x64;C:\Program Files\Microsoft Visual Studio\18\Enterprise\VC\Tools\MSVC\14.51.36231\lib\x64;C:\Program Files\Microsoft Visual Studio\18\Enterprise\VC\Tools\MSVC\14.51.36231\lib\x86\store\references;C:\Program Files (x86)\Windows Kits\10\UnionMetadata\10.0.26100.0;C:\Program Files (x86)\Windows Kits\10\References\10.0.26100.0;C:\Windows\Microsoft.NET\Framework64\v4.0.30319
2026-10-09T01:47:55.6343705Z   llvmArm64: C:\Program Files\Microsoft Visual Studio\18\Enterprise\VC\Tools\Llvm\ARM64\bin
2026-10-09T01:47:55.6344285Z   llvmX64: C:\Program Files\Microsoft Visual Studio\18\Enterprise\VC\Tools\Llvm\x64\bin
2026-10-09T01:47:55.6344808Z   NETFXSDKDir: C:\Program Files (x86)\Windows Kits\NETFXSDK\4.8.1\
2026-10-09T01:47:55.6360700Z   Path: C:\Program Files\Microsoft Visual Studio\18\Enterprise\VC\Tools\MSVC\14.51.36231\bin\HostX64\x64;C:\Program Files\Microsoft Visual Studio\18\Enterprise\Common7\IDE\VC\VCPackages;C:\Program Files\Microsoft Visual Studio\18\Enterprise\Common7\IDE\CommonExtensions\Microsoft\TestWindow;C:\Program Files\Microsoft Visual Studio\18\Enterprise\Common7\IDE\CommonExtensions\Microsoft\TeamFoundation\Team Explorer;C:\Program Files\Microsoft Visual Studio\18\Enterprise\MSBuild\Current\bin\Roslyn;C:\Program Files (x86)\Microsoft SDKs\Windows\v10.0A\bin\NETFX 4.8.1 Tools\x64\;C:\Program Files (x86)\HTML Help Workshop;C:\Program Files\Microsoft Visual Studio\18\Enterprise\Common7\IDE\CommonExtensions\Microsoft\FSharp\Tools;C:\Program Files\Microsoft Visual Studio\18\Enterprise\Team Tools\DiagnosticsHub\Collector;C:\Program Files\Microsoft Visual Studio\18\Enterprise\Common7\IDE\Extensions\Microsoft\CodeCoverage.Console;C:\Program Files (x86)\Windows Kits\10\bin\10.0.26100.0\\x64;C:\Program Files (x86)\Windows Kits\10\bin\\x64;C:\Program Files\Microsoft Visual Studio\18\Enterprise\\MSBuild\Current\Bin\amd64;C:\Windows\Microsoft.NET\Framework64\v4.0.30319;C:\Program Files\Microsoft Visual Studio\18\Enterprise\Common7\IDE\;C:\Program Files\Microsoft Visual Studio\18\Enterprise\Common7\Tools\;C:\Users\runneradmin\AppData\Roaming\Python\Python312\Scripts;C:\hostedtoolcache\windows\Python\3.12.10\x64\Scripts;C:\hostedtoolcache\windows\Python\3.12.10\x64;C:\Program Files\MongoDB\Server\7.0\bin;C:\vcpkg;C:\tools\zstd;C:\hostedtoolcache\windows\stack\3.11.1\x64;C:\cabal\bin;C:\\ghcup\bin;C:\mingw64\bin;C:\Program Files\dotnet;C:\Program Files\MySQL\MySQL Server 8.0\bin;C:\Program Files\R\R-4.6.1\bin\x64;C:\SeleniumWebDrivers\GeckoDriver;C:\SeleniumWebDrivers\EdgeDriver\;C:\SeleniumWebDrivers\ChromeDriver;C:\Program Files (x86)\sbt\bin;C:\Program Files (x86)\GitHub CLI;C:\Program Files\Git\bin;C:\Program Files (x86)\pipx_bin;C:\npm\prefix;C:\hostedtoolcache\windows\go\1.24.13\x64\bin;C:\hostedtoolcache\windows\Ruby\3.3.12\x64\bin;C:\Program Files\OpenSSL\bin;C:\tools\kotlinc\bin;C:\hostedtoolcache\windows\Java_Temurin-Hotspot_jdk\17.0.20-101\x64\bin;C:\Program Files\ImageMagick-7.1.2-Q16-HDRI;C:\Program Files\Microsoft SDKs\Azure\CLI2\wbin;C:\ProgramData\kind;C:\ProgramData\Chocolatey\bin;C:\Windows\system32;C:\Windows;C:\Windows\System32\Wbem;C:\Windows\System32\WindowsPowerShell\v1.0\;C:\Windows\System32\OpenSSH\;C:\Program Files\PowerShell\7\;C:\Program Files\Microsoft\Web Platform Installer\;C:\Program Files\Microsoft SQL Server\170\Tools\Binn\;C:\Program Files\Microsoft SQL Server\Client SDK\ODBC\170\Tools\Binn\;C:\Program Files\dotnet\;C:\Program Files (x86)\Windows Kits\10\Windows Performance Toolkit\;C:\Program Files (x86)\WiX Toolset v3.14\bin;C:\Program Files\Microsoft SQL Server\130\DTS\Binn\;C:\Program Files\Microsoft SQL Server\140\DTS\Binn\;C:\Program Files\Microsoft SQL Server\150\DTS\Binn\;C:\Program Files\Microsoft SQL Server\160\DTS\Binn\;C:\Program Files\Microsoft SQL Server\170\DTS\Binn\;C:\ProgramData\chocolatey\lib\pulumi\tools\Pulumi\bin;C:\Program Files\CMake\bin;C:\Strawberry\c\bin;C:\Strawberry\perl\site\bin;C:\Strawberry\perl\bin;C:\ProgramData\chocolatey\lib\maven\apache-maven-3.9.16\bin;C:\Program Files\Microsoft Service Fabric\bin\Fabric\Fabric.Code;C:\Program Files\Microsoft SDKs\Service Fabric\Tools\ServiceFabricLocalClusterManager;C:\Program Files\nodejs\;C:\Program Files\Git\cmd;C:\Program Files\Git\mingw64\bin;C:\Program Files\Git\usr\bin;C:\Program Files\GitHub CLI\;c:\tools\php;C:\Program Files\Amazon\AWSCLIV2\;C:\Program Files\Amazon\SessionManagerPlugin\bin\;C:\Program Files\Amazon\AWSSAMCLI\bin\;C:\Program Files\Microsoft SQL Server\130\Tools\Binn\;C:\Program Files\mongosh\;C:\Program Files\LLVM\bin;C:\Program Files (x86)\LLVM\bin;C:\Users\runneradmin\.dotnet\tools;C:\Users\runneradmin\.cargo\bin;C:\Users\runneradmin\AppData\Local\Microsoft\WindowsApps;C:\Program Files (x86)\Microsoft Visual Studio\Installer;C:\Program Files\Microsoft Visual Studio\18\Enterprise\VC\Tools\Llvm\x64\bin;C:\Program Files\Microsoft Visual Studio\18\Enterprise\Common7\IDE\CommonExtensions\Microsoft\CMake\CMake\bin;C:\Program Files\Microsoft Visual Studio\18\Enterprise\Common7\IDE\CommonExtensions\Microsoft\CMake\Ninja;C:\Program Files\Microsoft Visual Studio\18\Enterprise\Common7\IDE\VC\Linux\bin\ConnectionManagerExe;C:\Program Files\Microsoft Visual Studio\18\Enterprise\VC\vcpkg
2026-10-09T01:47:55.6382290Z   Platform: x64
2026-10-09T01:47:55.6382617Z   UCRTVersion: 10.0.26100.0
2026-10-09T01:47:55.6383125Z   UniversalCRTSdkDir: C:\Program Files (x86)\Windows Kits\10\
2026-10-09T01:47:55.6383684Z   use_x64_llvm: true
2026-10-09T01:47:55.6384314Z   VCIDEInstallDir: C:\Program Files\Microsoft Visual Studio\18\Enterprise\Common7\IDE\VC\
2026-10-09T01:47:55.6385259Z   VCINSTALLDIR: C:\Program Files\Microsoft Visual Studio\18\Enterprise\VC\
2026-10-09T01:47:55.6386108Z   VCPKG_ROOT: C:\Program Files\Microsoft Visual Studio\18\Enterprise\VC\vcpkg
2026-10-09T01:47:55.6387420Z   VCToolsInstallDir: C:\Program Files\Microsoft Visual Studio\18\Enterprise\VC\Tools\MSVC\14.51.36231\
2026-10-09T01:47:55.6388606Z   VCToolsRedistDir: C:\Program Files\Microsoft Visual Studio\18\Enterprise\VC\Redist\MSVC\14.51.36231\
2026-10-09T01:47:55.6389092Z   VCToolsVersion: 14.51.36231
2026-10-09T01:47:55.6389337Z   VisualStudioVersion: 18.0
2026-10-09T01:47:55.6389731Z   VS180COMNTOOLS: C:\Program Files\Microsoft Visual Studio\18\Enterprise\Common7\Tools\
2026-10-09T01:47:55.6390154Z   VSCMD_ARG_app_plat: Desktop
2026-10-09T01:47:55.6390378Z   VSCMD_ARG_HOST_ARCH: x64
2026-10-09T01:47:55.6390583Z   VSCMD_ARG_TGT_ARCH: x64
2026-10-09T01:47:55.6390778Z   VSCMD_VER: 18.10.2
2026-10-09T01:47:55.6391068Z   VSINSTALLDIR: C:\Program Files\Microsoft Visual Studio\18\Enterprise\
2026-10-09T01:47:55.6391550Z   VSSDK150INSTALL: C:\Program Files\Microsoft Visual Studio\18\Enterprise\VSSDK
2026-10-09T01:47:55.6392440Z   VSSDKINSTALL: C:\Program Files\Microsoft Visual Studio\18\Enterprise\VSSDK
2026-10-09T01:47:55.6393149Z   WindowsLibPath: C:\Program Files (x86)\Windows Kits\10\UnionMetadata\10.0.26100.0;C:\Program Files (x86)\Windows Kits\10\References\10.0.26100.0
2026-10-09T01:47:55.6393806Z   WindowsSdkBinPath: C:\Program Files (x86)\Windows Kits\10\bin\
2026-10-09T01:47:55.6394187Z   WindowsSdkDir: C:\Program Files (x86)\Windows Kits\10\
2026-10-09T01:47:55.6394498Z   WindowsSDKLibVersion: 10.0.26100.0\
2026-10-09T01:47:55.6394860Z   WindowsSdkVerBinPath: C:\Program Files (x86)\Windows Kits\10\bin\10.0.26100.0\
2026-10-09T01:47:55.6395248Z   WindowsSDKVersion: 10.0.26100.0\
2026-10-09T01:47:55.6395693Z   WindowsSDK_ExecutablePath_x64: C:\Program Files (x86)\Microsoft SDKs\Windows\v10.0A\bin\NETFX 4.8.1 Tools\x64\
2026-10-09T01:47:55.6396373Z   WindowsSDK_ExecutablePath_x86: C:\Program Files (x86)\Microsoft SDKs\Windows\v10.0A\bin\NETFX 4.8.1 Tools\
2026-10-09T01:47:55.6396834Z   __DOTNET_ADD_64BIT: 1
2026-10-09T01:47:55.6397036Z   __DOTNET_PREFERRED_BITNESS: 64
2026-10-09T01:47:55.6406560Z   __VSCMD_PREINIT_PATH: C:\Users\runneradmin\AppData\Roaming\Python\Python312\Scripts;C:\hostedtoolcache\windows\Python\3.12.10\x64\Scripts;C:\hostedtoolcache\windows\Python\3.12.10\x64;C:\Program Files\MongoDB\Server\7.0\bin;C:\vcpkg;C:\tools\zstd;C:\hostedtoolcache\windows\stack\3.11.1\x64;C:\cabal\bin;C:\\ghcup\bin;C:\mingw64\bin;C:\Program Files\dotnet;C:\Program Files\MySQL\MySQL Server 8.0\bin;C:\Program Files\R\R-4.6.1\bin\x64;C:\SeleniumWebDrivers\GeckoDriver;C:\SeleniumWebDrivers\EdgeDriver\;C:\SeleniumWebDrivers\ChromeDriver;C:\Program Files (x86)\sbt\bin;C:\Program Files (x86)\GitHub CLI;C:\Program Files\Git\bin;C:\Program Files (x86)\pipx_bin;C:\npm\prefix;C:\hostedtoolcache\windows\go\1.24.13\x64\bin;C:\hostedtoolcache\windows\Python\3.12.10\x64\Scripts;C:\hostedtoolcache\windows\Python\3.12.10\x64;C:\hostedtoolcache\windows\Ruby\3.3.12\x64\bin;C:\Program Files\OpenSSL\bin;C:\tools\kotlinc\bin;C:\hostedtoolcache\windows\Java_Temurin-Hotspot_jdk\17.0.20-101\x64\bin;C:\Program Files\ImageMagick-7.1.2-Q16-HDRI;C:\Program Files\Microsoft SDKs\Azure\CLI2\wbin;C:\ProgramData\kind;C:\ProgramData\Chocolatey\bin;C:\Windows\system32;C:\Windows;C:\Windows\System32\Wbem;C:\Windows\System32\WindowsPowerShell\v1.0\;C:\Windows\System32\OpenSSH\;C:\Program Files\PowerShell\7\;C:\Program Files\Microsoft\Web Platform Installer\;C:\Program Files\Microsoft SQL Server\170\Tools\Binn\;C:\Program Files\Microsoft SQL Server\Client SDK\ODBC\170\Tools\Binn\;C:\Program Files\dotnet\;C:\Program Files (x86)\Windows Kits\10\Windows Performance Toolkit\;C:\Program Files (x86)\WiX Toolset v3.14\bin;C:\Program Files\Microsoft SQL Server\130\DTS\Binn\;C:\Program Files\Microsoft SQL Server\140\DTS\Binn\;C:\Program Files\Microsoft SQL Server\150\DTS\Binn\;C:\Program Files\Microsoft SQL Server\160\DTS\Binn\;C:\Program Files\Microsoft SQL Server\170\DTS\Binn\;C:\ProgramData\chocolatey\lib\pulumi\tools\Pulumi\bin;C:\Program Files\CMake\bin;C:\Strawberry\c\bin;C:\Strawberry\perl\site\bin;C:\Strawberry\perl\bin;C:\ProgramData\chocolatey\lib\maven\apache-maven-3.9.16\bin;C:\Program Files\Microsoft Service Fabric\bin\Fabric\Fabric.Code;C:\Program Files\Microsoft SDKs\Service Fabric\Tools\ServiceFabricLocalClusterManager;C:\Program Files\nodejs\;C:\Program Files\Git\cmd;C:\Program Files\Git\mingw64\bin;C:\Program Files\Git\usr\bin;C:\Program Files\GitHub CLI\;c:\tools\php;C:\Program Files (x86)\sbt\bin;C:\Program Files\Amazon\AWSCLIV2\;C:\Program Files\Amazon\SessionManagerPlugin\bin\;C:\Program Files\Amazon\AWSSAMCLI\bin\;C:\Program Files\Microsoft SQL Server\130\Tools\Binn\;C:\Program Files\mongosh\;C:\Program Files\LLVM\bin;C:\Program Files (x86)\LLVM\bin;C:\Users\runneradmin\.dotnet\tools;C:\Users\runneradmin\.cargo\bin;C:\Users\runneradmin\AppData\Local\Microsoft\WindowsApps;C:\Program Files (x86)\Microsoft Visual Studio\Installer
2026-10-09T01:47:55.6416614Z ##[endgroup]
2026-10-09T01:47:57.9559017Z NATIVE_RAW_PROOF_META {"archive_sha256": "9dba7e561e19fa0a9eeb138cc3a35b0980cf0e1976630c5f522196578b8d8228", "archive_bytes": 1747006, "members": 2392}
2026-10-09T01:47:57.9560252Z NATIVE_RAW_PROOF_BEGIN
2026-10-09T01:48:00.4695907Z NATIVE_RAW_PROOF_END
2026-10-09T01:48:00.4918075Z ##[group]Run actions/upload-artifact@v4
2026-10-09T01:48:00.4918413Z with:
2026-10-09T01:48:00.4918682Z   name: equipment-native-windows-latest-fixed055-transaction
2026-10-09T01:48:00.4919275Z   path: D:\a\_temp/native-evidence/
addons/equipment_save_io/
native/equipment_save_io/GODOT_CPP_LICENSE.txt

2026-10-09T01:48:00.4919804Z   if-no-files-found: error
2026-10-09T01:48:00.4920023Z   compression-level: 6
2026-10-09T01:48:00.4920231Z   overwrite: false
2026-10-09T01:48:00.4920428Z   include-hidden-files: false
2026-10-09T01:48:00.4920634Z env:
2026-10-09T01:48:00.4920791Z   GODOT_VERSION: 4.7.2-stable
2026-10-09T01:48:00.4920989Z   PYTHONUTF8: 1
2026-10-09T01:48:00.4921162Z   GIT_CONFIG_COUNT: 1
2026-10-09T01:48:00.4921359Z   GIT_CONFIG_KEY_0: core.autocrlf
2026-10-09T01:48:00.4921587Z   GIT_CONFIG_VALUE_0: false
2026-10-09T01:48:00.4921871Z   pythonLocation: C:\hostedtoolcache\windows\Python\3.12.10\x64
2026-10-09T01:48:00.4922357Z   PKG_CONFIG_PATH: C:\hostedtoolcache\windows\Python\3.12.10\x64/lib/pkgconfig
2026-10-09T01:48:00.4922796Z   Python_ROOT_DIR: C:\hostedtoolcache\windows\Python\3.12.10\x64
2026-10-09T01:48:00.4923182Z   Python2_ROOT_DIR: C:\hostedtoolcache\windows\Python\3.12.10\x64
2026-10-09T01:48:00.4923570Z   Python3_ROOT_DIR: C:\hostedtoolcache\windows\Python\3.12.10\x64
2026-10-09T01:48:00.4923888Z   CommandPromptType: Native
2026-10-09T01:48:00.4924226Z   DevEnvDir: C:\Program Files\Microsoft Visual Studio\18\Enterprise\Common7\IDE\
2026-10-09T01:48:00.4924742Z   ExtensionSdkDir: C:\Program Files (x86)\Microsoft SDKs\Windows Kits\10\ExtensionSDKs
2026-10-09T01:48:00.4927125Z   EXTERNAL_INCLUDE: C:\Program Files\Microsoft Visual Studio\18\Enterprise\VC\Tools\MSVC\14.51.36231\include;C:\Program Files\Microsoft Visual Studio\18\Enterprise\VC\Tools\MSVC\14.51.36231\ATLMFC\include;C:\Program Files\Microsoft Visual Studio\18\Enterprise\VC\Auxiliary\VS\include;C:\Program Files (x86)\Windows Kits\10\include\10.0.26100.0\ucrt;C:\Program Files (x86)\Windows Kits\10\\include\10.0.26100.0\\um;C:\Program Files (x86)\Windows Kits\10\\include\10.0.26100.0\\shared;C:\Program Files (x86)\Windows Kits\10\\include\10.0.26100.0\\winrt;C:\Program Files (x86)\Windows Kits\10\\include\10.0.26100.0\\cppwinrt;C:\Program Files (x86)\Windows Kits\NETFXSDK\4.8.1\include\um
2026-10-09T01:48:00.4929505Z   Framework40Version: v4.0
2026-10-09T01:48:00.4929761Z   FrameworkDir: C:\Windows\Microsoft.NET\Framework64\
2026-10-09T01:48:00.4930090Z   FrameworkDir64: C:\Windows\Microsoft.NET\Framework64\
2026-10-09T01:48:00.4930386Z   FrameworkVersion: v4.0.30319
2026-10-09T01:48:00.4930614Z   FrameworkVersion64: v4.0.30319
2026-10-09T01:48:00.4931127Z   FSHARPINSTALLDIR: C:\Program Files\Microsoft Visual Studio\18\Enterprise\Common7\IDE\CommonExtensions\Microsoft\FSharp\Tools
2026-10-09T01:48:00.4932129Z   HTMLHelpDir: C:\Program Files (x86)\HTML Help Workshop
2026-10-09T01:48:00.4934756Z   INCLUDE: C:\Program Files\Microsoft Visual Studio\18\Enterprise\VC\Tools\MSVC\14.51.36231\include;C:\Program Files\Microsoft Visual Studio\18\Enterprise\VC\Tools\MSVC\14.51.36231\ATLMFC\include;C:\Program Files\Microsoft Visual Studio\18\Enterprise\VC\Auxiliary\VS\include;C:\Program Files (x86)\Windows Kits\10\include\10.0.26100.0\ucrt;C:\Program Files (x86)\Windows Kits\10\\include\10.0.26100.0\\um;C:\Program Files (x86)\Windows Kits\10\\include\10.0.26100.0\\shared;C:\Program Files (x86)\Windows Kits\10\\include\10.0.26100.0\\winrt;C:\Program Files (x86)\Windows Kits\10\\include\10.0.26100.0\\cppwinrt;C:\Program Files (x86)\Windows Kits\NETFXSDK\4.8.1\include\um
2026-10-09T01:48:00.4937988Z   LIB: C:\Program Files\Microsoft Visual Studio\18\Enterprise\VC\Tools\MSVC\14.51.36231\ATLMFC\lib\x64;C:\Program Files\Microsoft Visual Studio\18\Enterprise\VC\Tools\MSVC\14.51.36231\lib\x64;C:\Program Files (x86)\Windows Kits\NETFXSDK\4.8.1\lib\um\x64;C:\Program Files (x86)\Windows Kits\10\lib\10.0.26100.0\ucrt\x64;C:\Program Files (x86)\Windows Kits\10\\lib\10.0.26100.0\\um\x64
2026-10-09T01:48:00.4943282Z   LIBPATH: C:\Program Files\Microsoft Visual Studio\18\Enterprise\VC\Tools\MSVC\14.51.36231\ATLMFC\lib\x64;C:\Program Files\Microsoft Visual Studio\18\Enterprise\VC\Tools\MSVC\14.51.36231\lib\x64;C:\Program Files\Microsoft Visual Studio\18\Enterprise\VC\Tools\MSVC\14.51.36231\lib\x86\store\references;C:\Program Files (x86)\Windows Kits\10\UnionMetadata\10.0.26100.0;C:\Program Files (x86)\Windows Kits\10\References\10.0.26100.0;C:\Windows\Microsoft.NET\Framework64\v4.0.30319
2026-10-09T01:48:00.4946652Z   llvmArm64: C:\Program Files\Microsoft Visual Studio\18\Enterprise\VC\Tools\Llvm\ARM64\bin
2026-10-09T01:48:00.4947657Z   llvmX64: C:\Program Files\Microsoft Visual Studio\18\Enterprise\VC\Tools\Llvm\x64\bin
2026-10-09T01:48:00.4948520Z   NETFXSDKDir: C:\Program Files (x86)\Windows Kits\NETFXSDK\4.8.1\
2026-10-09T01:48:00.4977075Z   Path: C:\Program Files\Microsoft Visual Studio\18\Enterprise\VC\Tools\MSVC\14.51.36231\bin\HostX64\x64;C:\Program Files\Microsoft Visual Studio\18\Enterprise\Common7\IDE\VC\VCPackages;C:\Program Files\Microsoft Visual Studio\18\Enterprise\Common7\IDE\CommonExtensions\Microsoft\TestWindow;C:\Program Files\Microsoft Visual Studio\18\Enterprise\Common7\IDE\CommonExtensions\Microsoft\TeamFoundation\Team Explorer;C:\Program Files\Microsoft Visual Studio\18\Enterprise\MSBuild\Current\bin\Roslyn;C:\Program Files (x86)\Microsoft SDKs\Windows\v10.0A\bin\NETFX 4.8.1 Tools\x64\;C:\Program Files (x86)\HTML Help Workshop;C:\Program Files\Microsoft Visual Studio\18\Enterprise\Common7\IDE\CommonExtensions\Microsoft\FSharp\Tools;C:\Program Files\Microsoft Visual Studio\18\Enterprise\Team Tools\DiagnosticsHub\Collector;C:\Program Files\Microsoft Visual Studio\18\Enterprise\Common7\IDE\Extensions\Microsoft\CodeCoverage.Console;C:\Program Files (x86)\Windows Kits\10\bin\10.0.26100.0\\x64;C:\Program Files (x86)\Windows Kits\10\bin\\x64;C:\Program Files\Microsoft Visual Studio\18\Enterprise\\MSBuild\Current\Bin\amd64;C:\Windows\Microsoft.NET\Framework64\v4.0.30319;C:\Program Files\Microsoft Visual Studio\18\Enterprise\Common7\IDE\;C:\Program Files\Microsoft Visual Studio\18\Enterprise\Common7\Tools\;C:\Users\runneradmin\AppData\Roaming\Python\Python312\Scripts;C:\hostedtoolcache\windows\Python\3.12.10\x64\Scripts;C:\hostedtoolcache\windows\Python\3.12.10\x64;C:\Program Files\MongoDB\Server\7.0\bin;C:\vcpkg;C:\tools\zstd;C:\hostedtoolcache\windows\stack\3.11.1\x64;C:\cabal\bin;C:\\ghcup\bin;C:\mingw64\bin;C:\Program Files\dotnet;C:\Program Files\MySQL\MySQL Server 8.0\bin;C:\Program Files\R\R-4.6.1\bin\x64;C:\SeleniumWebDrivers\GeckoDriver;C:\SeleniumWebDrivers\EdgeDriver\;C:\SeleniumWebDrivers\ChromeDriver;C:\Program Files (x86)\sbt\bin;C:\Program Files (x86)\GitHub CLI;C:\Program Files\Git\bin;C:\Program Files (x86)\pipx_bin;C:\npm\prefix;C:\hostedtoolcache\windows\go\1.24.13\x64\bin;C:\hostedtoolcache\windows\Ruby\3.3.12\x64\bin;C:\Program Files\OpenSSL\bin;C:\tools\kotlinc\bin;C:\hostedtoolcache\windows\Java_Temurin-Hotspot_jdk\17.0.20-101\x64\bin;C:\Program Files\ImageMagick-7.1.2-Q16-HDRI;C:\Program Files\Microsoft SDKs\Azure\CLI2\wbin;C:\ProgramData\kind;C:\ProgramData\Chocolatey\bin;C:\Windows\system32;C:\Windows;C:\Windows\System32\Wbem;C:\Windows\System32\WindowsPowerShell\v1.0\;C:\Windows\System32\OpenSSH\;C:\Program Files\PowerShell\7\;C:\Program Files\Microsoft\Web Platform Installer\;C:\Program Files\Microsoft SQL Server\170\Tools\Binn\;C:\Program Files\Microsoft SQL Server\Client SDK\ODBC\170\Tools\Binn\;C:\Program Files\dotnet\;C:\Program Files (x86)\Windows Kits\10\Windows Performance Toolkit\;C:\Program Files (x86)\WiX Toolset v3.14\bin;C:\Program Files\Microsoft SQL Server\130\DTS\Binn\;C:\Program Files\Microsoft SQL Server\140\DTS\Binn\;C:\Program Files\Microsoft SQL Server\150\DTS\Binn\;C:\Program Files\Microsoft SQL Server\160\DTS\Binn\;C:\Program Files\Microsoft SQL Server\170\DTS\Binn\;C:\ProgramData\chocolatey\lib\pulumi\tools\Pulumi\bin;C:\Program Files\CMake\bin;C:\Strawberry\c\bin;C:\Strawberry\perl\site\bin;C:\Strawberry\perl\bin;C:\ProgramData\chocolatey\lib\maven\apache-maven-3.9.16\bin;C:\Program Files\Microsoft Service Fabric\bin\Fabric\Fabric.Code;C:\Program Files\Microsoft SDKs\Service Fabric\Tools\ServiceFabricLocalClusterManager;C:\Program Files\nodejs\;C:\Program Files\Git\cmd;C:\Program Files\Git\mingw64\bin;C:\Program Files\Git\usr\bin;C:\Program Files\GitHub CLI\;c:\tools\php;C:\Program Files\Amazon\AWSCLIV2\;C:\Program Files\Amazon\SessionManagerPlugin\bin\;C:\Program Files\Amazon\AWSSAMCLI\bin\;C:\Program Files\Microsoft SQL Server\130\Tools\Binn\;C:\Program Files\mongosh\;C:\Program Files\LLVM\bin;C:\Program Files (x86)\LLVM\bin;C:\Users\runneradmin\.dotnet\tools;C:\Users\runneradmin\.cargo\bin;C:\Users\runneradmin\AppData\Local\Microsoft\WindowsApps;C:\Program Files (x86)\Microsoft Visual Studio\Installer;C:\Program Files\Microsoft Visual Studio\18\Enterprise\VC\Tools\Llvm\x64\bin;C:\Program Files\Microsoft Visual Studio\18\Enterprise\Common7\IDE\CommonExtensions\Microsoft\CMake\CMake\bin;C:\Program Files\Microsoft Visual Studio\18\Enterprise\Common7\IDE\CommonExtensions\Microsoft\CMake\Ninja;C:\Program Files\Microsoft Visual Studio\18\Enterprise\Common7\IDE\VC\Linux\bin\ConnectionManagerExe;C:\Program Files\Microsoft Visual Studio\18\Enterprise\VC\vcpkg
2026-10-09T01:48:00.5005687Z   Platform: x64
2026-10-09T01:48:00.5006024Z   UCRTVersion: 10.0.26100.0
2026-10-09T01:48:00.5006509Z   UniversalCRTSdkDir: C:\Program Files (x86)\Windows Kits\10\
2026-10-09T01:48:00.5007049Z   use_x64_llvm: true
2026-10-09T01:48:00.5007664Z   VCIDEInstallDir: C:\Program Files\Microsoft Visual Studio\18\Enterprise\Common7\IDE\VC\
2026-10-09T01:48:00.5008592Z   VCINSTALLDIR: C:\Program Files\Microsoft Visual Studio\18\Enterprise\VC\
2026-10-09T01:48:00.5009480Z   VCPKG_ROOT: C:\Program Files\Microsoft Visual Studio\18\Enterprise\VC\vcpkg
2026-10-09T01:48:00.5010505Z   VCToolsInstallDir: C:\Program Files\Microsoft Visual Studio\18\Enterprise\VC\Tools\MSVC\14.51.36231\
2026-10-09T01:48:00.5012028Z   VCToolsRedistDir: C:\Program Files\Microsoft Visual Studio\18\Enterprise\VC\Redist\MSVC\14.51.36231\
2026-10-09T01:48:00.5012865Z   VCToolsVersion: 14.51.36231
2026-10-09T01:48:00.5013257Z   VisualStudioVersion: 18.0
2026-10-09T01:48:00.5013899Z   VS180COMNTOOLS: C:\Program Files\Microsoft Visual Studio\18\Enterprise\Common7\Tools\
2026-10-09T01:48:00.5015299Z   VSCMD_ARG_app_plat: Desktop
2026-10-09T01:48:00.5015683Z   VSCMD_ARG_HOST_ARCH: x64
2026-10-09T01:48:00.5016038Z   VSCMD_ARG_TGT_ARCH: x64
2026-10-09T01:48:00.5016381Z   VSCMD_VER: 18.10.2
2026-10-09T01:48:00.5016903Z   VSINSTALLDIR: C:\Program Files\Microsoft Visual Studio\18\Enterprise\
2026-10-09T01:48:00.5017749Z   VSSDK150INSTALL: C:\Program Files\Microsoft Visual Studio\18\Enterprise\VSSDK
2026-10-09T01:48:00.5018615Z   VSSDKINSTALL: C:\Program Files\Microsoft Visual Studio\18\Enterprise\VSSDK
2026-10-09T01:48:00.5019982Z   WindowsLibPath: C:\Program Files (x86)\Windows Kits\10\UnionMetadata\10.0.26100.0;C:\Program Files (x86)\Windows Kits\10\References\10.0.26100.0
2026-10-09T01:48:00.5021159Z   WindowsSdkBinPath: C:\Program Files (x86)\Windows Kits\10\bin\
2026-10-09T01:48:00.5021827Z   WindowsSdkDir: C:\Program Files (x86)\Windows Kits\10\
2026-10-09T01:48:00.5022356Z   WindowsSDKLibVersion: 10.0.26100.0\
2026-10-09T01:48:00.5022991Z   WindowsSdkVerBinPath: C:\Program Files (x86)\Windows Kits\10\bin\10.0.26100.0\
2026-10-09T01:48:00.5023670Z   WindowsSDKVersion: 10.0.26100.0\
2026-10-09T01:48:00.5024471Z   WindowsSDK_ExecutablePath_x64: C:\Program Files (x86)\Microsoft SDKs\Windows\v10.0A\bin\NETFX 4.8.1 Tools\x64\
2026-10-09T01:48:00.5025694Z   WindowsSDK_ExecutablePath_x86: C:\Program Files (x86)\Microsoft SDKs\Windows\v10.0A\bin\NETFX 4.8.1 Tools\
2026-10-09T01:48:00.5026513Z   __DOTNET_ADD_64BIT: 1
2026-10-09T01:48:00.5026859Z   __DOTNET_PREFERRED_BITNESS: 64
2026-10-09T01:48:00.5045359Z   __VSCMD_PREINIT_PATH: C:\Users\runneradmin\AppData\Roaming\Python\Python312\Scripts;C:\hostedtoolcache\windows\Python\3.12.10\x64\Scripts;C:\hostedtoolcache\windows\Python\3.12.10\x64;C:\Program Files\MongoDB\Server\7.0\bin;C:\vcpkg;C:\tools\zstd;C:\hostedtoolcache\windows\stack\3.11.1\x64;C:\cabal\bin;C:\\ghcup\bin;C:\mingw64\bin;C:\Program Files\dotnet;C:\Program Files\MySQL\MySQL Server 8.0\bin;C:\Program Files\R\R-4.6.1\bin\x64;C:\SeleniumWebDrivers\GeckoDriver;C:\SeleniumWebDrivers\EdgeDriver\;C:\SeleniumWebDrivers\ChromeDriver;C:\Program Files (x86)\sbt\bin;C:\Program Files (x86)\GitHub CLI;C:\Program Files\Git\bin;C:\Program Files (x86)\pipx_bin;C:\npm\prefix;C:\hostedtoolcache\windows\go\1.24.13\x64\bin;C:\hostedtoolcache\windows\Python\3.12.10\x64\Scripts;C:\hostedtoolcache\windows\Python\3.12.10\x64;C:\hostedtoolcache\windows\Ruby\3.3.12\x64\bin;C:\Program Files\OpenSSL\bin;C:\tools\kotlinc\bin;C:\hostedtoolcache\windows\Java_Temurin-Hotspot_jdk\17.0.20-101\x64\bin;C:\Program Files\ImageMagick-7.1.2-Q16-HDRI;C:\Program Files\Microsoft SDKs\Azure\CLI2\wbin;C:\ProgramData\kind;C:\ProgramData\Chocolatey\bin;C:\Windows\system32;C:\Windows;C:\Windows\System32\Wbem;C:\Windows\System32\WindowsPowerShell\v1.0\;C:\Windows\System32\OpenSSH\;C:\Program Files\PowerShell\7\;C:\Program Files\Microsoft\Web Platform Installer\;C:\Program Files\Microsoft SQL Server\170\Tools\Binn\;C:\Program Files\Microsoft SQL Server\Client SDK\ODBC\170\Tools\Binn\;C:\Program Files\dotnet\;C:\Program Files (x86)\Windows Kits\10\Windows Performance Toolkit\;C:\Program Files (x86)\WiX Toolset v3.14\bin;C:\Program Files\Microsoft SQL Server\130\DTS\Binn\;C:\Program Files\Microsoft SQL Server\140\DTS\Binn\;C:\Program Files\Microsoft SQL Server\150\DTS\Binn\;C:\Program Files\Microsoft SQL Server\160\DTS\Binn\;C:\Program Files\Microsoft SQL Server\170\DTS\Binn\;C:\ProgramData\chocolatey\lib\pulumi\tools\Pulumi\bin;C:\Program Files\CMake\bin;C:\Strawberry\c\bin;C:\Strawberry\perl\site\bin;C:\Strawberry\perl\bin;C:\ProgramData\chocolatey\lib\maven\apache-maven-3.9.16\bin;C:\Program Files\Microsoft Service Fabric\bin\Fabric\Fabric.Code;C:\Program Files\Microsoft SDKs\Service Fabric\Tools\ServiceFabricLocalClusterManager;C:\Program Files\nodejs\;C:\Program Files\Git\cmd;C:\Program Files\Git\mingw64\bin;C:\Program Files\Git\usr\bin;C:\Program Files\GitHub CLI\;c:\tools\php;C:\Program Files (x86)\sbt\bin;C:\Program Files\Amazon\AWSCLIV2\;C:\Program Files\Amazon\SessionManagerPlugin\bin\;C:\Program Files\Amazon\AWSSAMCLI\bin\;C:\Program Files\Microsoft SQL Server\130\Tools\Binn\;C:\Program Files\mongosh\;C:\Program Files\LLVM\bin;C:\Program Files (x86)\LLVM\bin;C:\Users\runneradmin\.dotnet\tools;C:\Users\runneradmin\.cargo\bin;C:\Users\runneradmin\AppData\Local\Microsoft\WindowsApps;C:\Program Files (x86)\Microsoft Visual Studio\Installer
2026-10-09T01:48:00.5063632Z ##[endgroup]
2026-10-09T01:48:00.7923859Z (node:7092) [DEP0040] DeprecationWarning: The `punycode` module is deprecated. Please use a userland alternative instead.
2026-10-09T01:48:00.7930553Z (Use `node --trace-deprecation ...` to show where the warning was created)
2026-10-09T01:48:02.5232416Z Multiple search paths detected. Calculating the least common ancestor of all paths
2026-10-09T01:48:02.5236202Z The least common ancestor is D:\a. This will be the root directory of the artifact
2026-10-09T01:48:02.5237180Z With the provided path, there will be 2490 files uploaded
2026-10-09T01:48:02.5246089Z Artifact name is valid!
2026-10-09T01:48:02.5248233Z Root directory input is valid!
2026-10-09T01:48:02.8712900Z Beginning upload of artifact content to blob storage
2026-10-09T01:48:03.7344359Z (node:7092) [DEP0169] DeprecationWarning: `url.parse()` behavior is not standardized and prone to errors that have security implications. Use the WHATWG URL API instead. CVEs are not issued for `url.parse()` vulnerabilities.
2026-10-09T01:48:04.3367450Z Uploaded bytes 8388608
2026-10-09T01:48:04.9141523Z Uploaded bytes 16777216
2026-10-09T01:48:05.5755581Z Uploaded bytes 25165824
2026-10-09T01:48:06.3580271Z Uploaded bytes 33554432
2026-10-09T01:48:07.2191214Z Uploaded bytes 41943040
2026-10-09T01:48:08.0115233Z Uploaded bytes 50331648
2026-10-09T01:48:08.3024490Z Uploaded bytes 58720256
2026-10-09T01:48:08.5843826Z Uploaded bytes 67108864
2026-10-09T01:48:08.8900226Z Uploaded bytes 75497472
2026-10-09T01:48:09.1982327Z Uploaded bytes 83886080
2026-10-09T01:48:09.6490187Z Uploaded bytes 92274688
2026-10-09T01:48:09.9773721Z Uploaded bytes 100663296
2026-10-09T01:48:10.2634366Z Uploaded bytes 109051904
2026-10-09T01:48:10.5883418Z Uploaded bytes 117440512
2026-10-09T01:48:10.8725124Z Uploaded bytes 125829120
2026-10-09T01:48:11.1940685Z Uploaded bytes 134217728
2026-10-09T01:48:11.5579480Z Uploaded bytes 142606336
2026-10-09T01:48:11.8699654Z Uploaded bytes 150994944
2026-10-09T01:48:12.1539183Z Uploaded bytes 159383552
2026-10-09T01:48:12.4507856Z Uploaded bytes 167772160
2026-10-09T01:48:12.7552386Z Uploaded bytes 176160768
2026-10-09T01:48:14.8506850Z Uploaded bytes 182588812
2026-10-09T01:48:14.8924130Z Finished uploading artifact content to blob storage!
2026-10-09T01:48:14.8928600Z SHA256 digest of uploaded artifact zip is 43ef55f2c80fe5b879a4bce76ca4f38ac989f576d5e1d2a8fed1ad0b97c880af
2026-10-09T01:48:14.8931361Z Finalizing artifact upload
2026-10-09T01:48:15.2005151Z Artifact equipment-native-windows-latest-fixed055-transaction.zip successfully finalized. Artifact ID 11589933156
2026-10-09T01:48:15.2007007Z Artifact equipment-native-windows-latest-fixed055-transaction has been successfully uploaded! Final size is 182588812 bytes. Artifact ID is 11589933156
2026-10-09T01:48:15.2019254Z Artifact download URL: https://github.com/hiroshitanaka-creator/RPG-maker/actions/runs/37869884272/artifacts/11589933156
2026-10-09T01:48:15.2710735Z Post job cleanup.
2026-10-09T01:48:15.5510862Z [command]"C:\Program Files\Git\bin\git.exe" version
2026-10-09T01:48:15.5807661Z git version 2.55.0.windows.5
2026-10-09T01:48:15.5878058Z Temporarily overriding HOME='D:\a\_temp\7f49ed47-8e26-4b99-a3fd-dfb154b407be' before making global git config changes
2026-10-09T01:48:15.5879352Z Adding repository directory to the temporary git global config as a safe directory
2026-10-09T01:48:15.5892180Z [command]"C:\Program Files\Git\bin\git.exe" config --global --add safe.directory D:\a\RPG-maker\RPG-maker
2026-10-09T01:48:15.6301287Z [command]"C:\Program Files\Git\bin\git.exe" config --local --name-only --get-regexp core\.sshCommand
2026-10-09T01:48:15.6628230Z [command]"C:\Program Files\Git\bin\git.exe" submodule foreach --recursive "sh -c \"git config --local --name-only --get-regexp 'core\.sshCommand' && git config --local --unset-all 'core.sshCommand' || :\""
2026-10-09T01:48:16.2927103Z [command]"C:\Program Files\Git\bin\git.exe" config --local --name-only --get-regexp http\.https\:\/\/github\.com\/\.extraheader
2026-10-09T01:48:16.3200205Z http.https://github.com/.extraheader
2026-10-09T01:48:16.3243027Z [command]"C:\Program Files\Git\bin\git.exe" config --local --unset-all http.https://github.com/.extraheader
2026-10-09T01:48:16.3548108Z [command]"C:\Program Files\Git\bin\git.exe" submodule foreach --recursive "sh -c \"git config --local --name-only --get-regexp 'http\.https\:\/\/github\.com\/\.extraheader' && git config --local --unset-all 'http.https://github.com/.extraheader' || :\""
2026-10-09T01:48:16.9249954Z [command]"C:\Program Files\Git\bin\git.exe" config --local --name-only --get-regexp ^includeIf\.gitdir:
2026-10-09T01:48:16.9561126Z [command]"C:\Program Files\Git\bin\git.exe" submodule foreach --recursive "git config --local --show-origin --name-only --get-regexp remote.origin.url"
2026-10-09T01:48:17.5084139Z Cleaning up orphan processes
2026-10-09T01:48:17.5418837Z ##[warning]Node.js 20 is deprecated. The following actions target Node.js 20 but are being forced to run on Node.js 24: actions/checkout@v4, actions/setup-python@v5, actions/upload-artifact@v4, ilammy/msvc-dev-cmd@v1. For more information see: https://github.blog/changelog/2025-09-19-deprecation-of-node-20-on-github-actions-runners/
